solid ASCII
  facet normal 1.000000e+00 -1.032648e-15 0.000000e+00
    outer loop
      vertex   8.300000e+00 1.240000e+01 -1.580000e+01
      vertex   8.300000e+00 1.240000e+01 -1.700000e+01
      vertex   8.300000e+00 1.412020e+01 -1.580000e+01
    endloop
  endfacet
  facet normal 1.000000e+00 -9.868649e-16 -6.562973e-17
    outer loop
      vertex   8.300000e+00 1.412020e+01 -1.580000e+01
      vertex   8.300000e+00 1.240000e+01 -1.700000e+01
      vertex   8.300000e+00 1.600000e+01 -1.700000e+01
    endloop
  endfacet
  facet normal 1.000000e+00 4.769937e-15 8.952419e-15
    outer loop
      vertex   8.300000e+00 1.412020e+01 -1.580000e+01
      vertex   8.300000e+00 1.600000e+01 -1.700000e+01
      vertex   8.300000e+00 1.618993e+01 -1.670436e+01
    endloop
  endfacet
  facet normal 1.000000e+00 6.795549e-16 -4.089720e-16
    outer loop
      vertex   8.300000e+00 1.618993e+01 -1.670436e+01
      vertex   8.300000e+00 1.637113e+01 -1.640328e+01
      vertex   8.300000e+00 1.412020e+01 -1.580000e+01
    endloop
  endfacet
  facet normal 1.000000e+00 6.857606e-16 -3.858174e-16
    outer loop
      vertex   8.300000e+00 1.412020e+01 -1.580000e+01
      vertex   8.300000e+00 1.637113e+01 -1.640328e+01
      vertex   8.300000e+00 1.654343e+01 -1.609702e+01
    endloop
  endfacet
  facet normal 1.000000e+00 6.887569e-16 -3.613721e-16
    outer loop
      vertex   8.300000e+00 1.412020e+01 -1.580000e+01
      vertex   8.300000e+00 1.654343e+01 -1.609702e+01
      vertex   8.300000e+00 1.670670e+01 -1.578585e+01
    endloop
  endfacet
  facet normal 1.000000e+00 6.886179e-16 -3.359643e-16
    outer loop
      vertex   8.300000e+00 1.670670e+01 -1.578585e+01
      vertex   8.300000e+00 1.686078e+01 -1.547003e+01
      vertex   8.300000e+00 1.412020e+01 -1.580000e+01
    endloop
  endfacet
  facet normal 1.000000e+00 6.854829e-16 -3.099259e-16
    outer loop
      vertex   8.300000e+00 1.412020e+01 -1.580000e+01
      vertex   8.300000e+00 1.686078e+01 -1.547003e+01
      vertex   8.300000e+00 1.700555e+01 -1.514984e+01
    endloop
  endfacet
  facet normal 1.000000e+00 6.795464e-16 -2.835804e-16
    outer loop
      vertex   8.300000e+00 1.412020e+01 -1.580000e+01
      vertex   8.300000e+00 1.700555e+01 -1.514984e+01
      vertex   8.300000e+00 1.714088e+01 -1.482555e+01
    endloop
  endfacet
  facet normal 1.000000e+00 6.710466e-16 -2.572322e-16
    outer loop
      vertex   8.300000e+00 1.714088e+01 -1.482555e+01
      vertex   8.300000e+00 1.726665e+01 -1.449743e+01
      vertex   8.300000e+00 1.412020e+01 -1.580000e+01
    endloop
  endfacet
  facet normal 1.000000e+00 6.602526e-16 -2.311583e-16
    outer loop
      vertex   8.300000e+00 1.412020e+01 -1.580000e+01
      vertex   8.300000e+00 1.726665e+01 -1.449743e+01
      vertex   8.300000e+00 1.738277e+01 -1.416577e+01
    endloop
  endfacet
  facet normal 1.000000e+00 6.474516e-16 -2.056025e-16
    outer loop
      vertex   8.300000e+00 1.412020e+01 -1.580000e+01
      vertex   8.300000e+00 1.738277e+01 -1.416577e+01
      vertex   8.300000e+00 1.748913e+01 -1.383085e+01
    endloop
  endfacet
  facet normal 1.000000e+00 5.970747e-16 -1.194149e-16
    outer loop
      vertex   8.300000e+00 1.412020e+01 -1.580000e+01
      vertex   8.300000e+00 1.748913e+01 -1.383085e+01
      vertex   8.300000e+00 1.552806e+01 -8.760660e+00
    endloop
  endfacet
  facet normal 1.000000e+00 5.210565e-16 -1.488175e-16
    outer loop
      vertex   8.300000e+00 1.552806e+01 -8.760660e+00
      vertex   8.300000e+00 1.748913e+01 -1.383085e+01
      vertex   8.300000e+00 1.758563e+01 -1.349296e+01
    endloop
  endfacet
  facet normal 1.000000e+00 5.448180e-16 -1.384862e-16
    outer loop
      vertex   8.300000e+00 1.552806e+01 -8.760660e+00
      vertex   8.300000e+00 1.758563e+01 -1.349296e+01
      vertex   8.300000e+00 1.767220e+01 -1.315240e+01
    endloop
  endfacet
  facet normal 1.000000e+00 5.685227e-16 -1.269131e-16
    outer loop
      vertex   8.300000e+00 1.767220e+01 -1.315240e+01
      vertex   8.300000e+00 1.774876e+01 -1.280944e+01
      vertex   8.300000e+00 1.552806e+01 -8.760660e+00
    endloop
  endfacet
  facet normal 1.000000e+00 -9.855948e-17 -4.927974e-16
    outer loop
      vertex   8.300000e+00 1.552806e+01 -8.760660e+00
      vertex   8.300000e+00 1.774876e+01 -1.280944e+01
      vertex   8.300000e+00 1.650864e+01 -8.956776e+00
    endloop
  endfacet
  facet normal 1.000000e+00 8.960436e-16 -1.726502e-16
    outer loop
      vertex   8.300000e+00 1.650864e+01 -8.956776e+00
      vertex   8.300000e+00 1.774876e+01 -1.280944e+01
      vertex   8.300000e+00 1.781524e+01 -1.246439e+01
    endloop
  endfacet
  facet normal 1.000000e+00 9.466427e-16 -1.538019e-16
    outer loop
      vertex   8.300000e+00 1.650864e+01 -8.956776e+00
      vertex   8.300000e+00 1.781524e+01 -1.246439e+01
      vertex   8.300000e+00 1.787159e+01 -1.211754e+01
    endloop
  endfacet
  facet normal 1.000000e+00 9.968892e-16 -1.321351e-16
    outer loop
      vertex   8.300000e+00 1.787159e+01 -1.211754e+01
      vertex   8.300000e+00 1.791777e+01 -1.176918e+01
      vertex   8.300000e+00 1.650864e+01 -8.956776e+00
    endloop
  endfacet
  facet normal 1.000000e+00 1.045904e-15 -1.075769e-16
    outer loop
      vertex   8.300000e+00 1.650864e+01 -8.956776e+00
      vertex   8.300000e+00 1.791777e+01 -1.176918e+01
      vertex   8.300000e+00 1.795372e+01 -1.141963e+01
    endloop
  endfacet
  facet normal 1.000000e+00 1.092668e-15 -8.013819e-17
    outer loop
      vertex   8.300000e+00 1.650864e+01 -8.956776e+00
      vertex   8.300000e+00 1.795372e+01 -1.141963e+01
      vertex   8.300000e+00 1.797942e+01 -1.106917e+01
    endloop
  endfacet
  facet normal 1.000000e+00 1.136047e-15 -4.993461e-17
    outer loop
      vertex   8.300000e+00 1.797942e+01 -1.106917e+01
      vertex   8.300000e+00 1.799485e+01 -1.071811e+01
      vertex   8.300000e+00 1.650864e+01 -8.956776e+00
    endloop
  endfacet
  facet normal 1.000000e+00 -1.060383e-14 -9.956015e-15
    outer loop
      vertex   8.300000e+00 1.650864e+01 -8.956776e+00
      vertex   8.300000e+00 1.799485e+01 -1.071811e+01
      vertex   8.300000e+00 1.800000e+01 -1.036675e+01
    endloop
  endfacet
  facet normal 1.000000e+00 1.191102e-15 2.519702e-15
    outer loop
      vertex   8.300000e+00 1.650864e+01 -8.956776e+00
      vertex   8.300000e+00 1.800000e+01 -1.036675e+01
      vertex   8.300000e+00 1.800000e+01 -8.956776e+00
    endloop
  endfacet
  facet normal 0.000000e+00 0.000000e+00 1.000000e+00
    outer loop
      vertex   8.300000e+00 1.412020e+01 -1.580000e+01
      vertex   1.900000e+00 1.412020e+01 -1.580000e+01
      vertex   8.300000e+00 1.240000e+01 -1.580000e+01
    endloop
  endfacet
  facet normal 0.000000e+00 0.000000e+00 1.000000e+00
    outer loop
      vertex   8.300000e+00 1.240000e+01 -1.580000e+01
      vertex   1.900000e+00 1.412020e+01 -1.580000e+01
      vertex   1.900000e+00 6.400000e+00 -1.580000e+01
    endloop
  endfacet
  facet normal 0.000000e+00 0.000000e+00 1.000000e+00
    outer loop
      vertex   8.300000e+00 1.240000e+01 -1.580000e+01
      vertex   1.900000e+00 6.400000e+00 -1.580000e+01
      vertex   2.350000e+01 6.400000e+00 -1.580000e+01
    endloop
  endfacet
  facet normal -0.000000e+00 0.000000e+00 1.000000e+00
    outer loop
      vertex   8.300000e+00 1.240000e+01 -1.580000e+01
      vertex   2.350000e+01 6.400000e+00 -1.580000e+01
      vertex   1.710000e+01 1.240000e+01 -1.580000e+01
    endloop
  endfacet
  facet normal -0.000000e+00 0.000000e+00 1.000000e+00
    outer loop
      vertex   1.710000e+01 1.240000e+01 -1.580000e+01
      vertex   2.350000e+01 6.400000e+00 -1.580000e+01
      vertex   2.350000e+01 1.412020e+01 -1.580000e+01
    endloop
  endfacet
  facet normal 0.000000e+00 0.000000e+00 1.000000e+00
    outer loop
      vertex   1.710000e+01 1.240000e+01 -1.580000e+01
      vertex   2.350000e+01 1.412020e+01 -1.580000e+01
      vertex   1.710000e+01 1.412020e+01 -1.580000e+01
    endloop
  endfacet
  facet normal -1.000000e+00 0.000000e+00 -0.000000e+00
    outer loop
      vertex   1.710000e+01 1.591942e+01 -6.803884e+00
      vertex   1.710000e+01 1.758563e+01 -1.349296e+01
      vertex   1.710000e+01 1.412020e+01 -1.580000e+01
    endloop
  endfacet
  facet normal -1.000000e+00 0.000000e+00 0.000000e+00
    outer loop
      vertex   1.710000e+01 1.412020e+01 -1.580000e+01
      vertex   1.710000e+01 1.758563e+01 -1.349296e+01
      vertex   1.710000e+01 1.748913e+01 -1.383085e+01
    endloop
  endfacet
  facet normal -1.000000e+00 0.000000e+00 0.000000e+00
    outer loop
      vertex   1.710000e+01 1.412020e+01 -1.580000e+01
      vertex   1.710000e+01 1.748913e+01 -1.383085e+01
      vertex   1.710000e+01 1.738277e+01 -1.416577e+01
    endloop
  endfacet
  facet normal -1.000000e+00 -0.000000e+00 -0.000000e+00
    outer loop
      vertex   1.710000e+01 1.690000e+01 -7.000000e+00
      vertex   1.710000e+01 1.800000e+01 -1.036675e+01
      vertex   1.710000e+01 1.591942e+01 -6.803884e+00
    endloop
  endfacet
  facet normal -1.000000e+00 0.000000e+00 0.000000e+00
    outer loop
      vertex   1.710000e+01 1.591942e+01 -6.803884e+00
      vertex   1.710000e+01 1.800000e+01 -1.036675e+01
      vertex   1.710000e+01 1.799485e+01 -1.071811e+01
    endloop
  endfacet
  facet normal -1.000000e+00 0.000000e+00 0.000000e+00
    outer loop
      vertex   1.710000e+01 1.591942e+01 -6.803884e+00
      vertex   1.710000e+01 1.799485e+01 -1.071811e+01
      vertex   1.710000e+01 1.797942e+01 -1.106917e+01
    endloop
  endfacet
  facet normal -1.000000e+00 0.000000e+00 0.000000e+00
    outer loop
      vertex   1.710000e+01 1.690000e+01 -7.000000e+00
      vertex   1.710000e+01 1.800000e+01 -7.000000e+00
      vertex   1.710000e+01 1.800000e+01 -1.036675e+01
    endloop
  endfacet
  facet normal -1.000000e+00 -0.000000e+00 0.000000e+00
    outer loop
      vertex   1.710000e+01 1.797942e+01 -1.106917e+01
      vertex   1.710000e+01 1.795372e+01 -1.141963e+01
      vertex   1.710000e+01 1.591942e+01 -6.803884e+00
    endloop
  endfacet
  facet normal -1.000000e+00 0.000000e+00 0.000000e+00
    outer loop
      vertex   1.710000e+01 1.591942e+01 -6.803884e+00
      vertex   1.710000e+01 1.795372e+01 -1.141963e+01
      vertex   1.710000e+01 1.791777e+01 -1.176918e+01
    endloop
  endfacet
  facet normal -1.000000e+00 0.000000e+00 0.000000e+00
    outer loop
      vertex   1.710000e+01 1.591942e+01 -6.803884e+00
      vertex   1.710000e+01 1.791777e+01 -1.176918e+01
      vertex   1.710000e+01 1.787159e+01 -1.211754e+01
    endloop
  endfacet
  facet normal -1.000000e+00 -0.000000e+00 0.000000e+00
    outer loop
      vertex   1.710000e+01 1.787159e+01 -1.211754e+01
      vertex   1.710000e+01 1.781524e+01 -1.246439e+01
      vertex   1.710000e+01 1.591942e+01 -6.803884e+00
    endloop
  endfacet
  facet normal -1.000000e+00 0.000000e+00 0.000000e+00
    outer loop
      vertex   1.710000e+01 1.591942e+01 -6.803884e+00
      vertex   1.710000e+01 1.781524e+01 -1.246439e+01
      vertex   1.710000e+01 1.774876e+01 -1.280944e+01
    endloop
  endfacet
  facet normal -1.000000e+00 0.000000e+00 0.000000e+00
    outer loop
      vertex   1.710000e+01 1.591942e+01 -6.803884e+00
      vertex   1.710000e+01 1.774876e+01 -1.280944e+01
      vertex   1.710000e+01 1.767220e+01 -1.315240e+01
    endloop
  endfacet
  facet normal -1.000000e+00 -0.000000e+00 0.000000e+00
    outer loop
      vertex   1.710000e+01 1.767220e+01 -1.315240e+01
      vertex   1.710000e+01 1.758563e+01 -1.349296e+01
      vertex   1.710000e+01 1.591942e+01 -6.803884e+00
    endloop
  endfacet
  facet normal -1.000000e+00 0.000000e+00 0.000000e+00
    outer loop
      vertex   1.710000e+01 1.738277e+01 -1.416577e+01
      vertex   1.710000e+01 1.726665e+01 -1.449743e+01
      vertex   1.710000e+01 1.412020e+01 -1.580000e+01
    endloop
  endfacet
  facet normal -1.000000e+00 0.000000e+00 0.000000e+00
    outer loop
      vertex   1.710000e+01 1.412020e+01 -1.580000e+01
      vertex   1.710000e+01 1.726665e+01 -1.449743e+01
      vertex   1.710000e+01 1.714088e+01 -1.482555e+01
    endloop
  endfacet
  facet normal -1.000000e+00 0.000000e+00 0.000000e+00
    outer loop
      vertex   1.710000e+01 1.412020e+01 -1.580000e+01
      vertex   1.710000e+01 1.714088e+01 -1.482555e+01
      vertex   1.710000e+01 1.700555e+01 -1.514984e+01
    endloop
  endfacet
  facet normal -1.000000e+00 0.000000e+00 0.000000e+00
    outer loop
      vertex   1.710000e+01 1.700555e+01 -1.514984e+01
      vertex   1.710000e+01 1.686078e+01 -1.547003e+01
      vertex   1.710000e+01 1.412020e+01 -1.580000e+01
    endloop
  endfacet
  facet normal -1.000000e+00 0.000000e+00 0.000000e+00
    outer loop
      vertex   1.710000e+01 1.412020e+01 -1.580000e+01
      vertex   1.710000e+01 1.686078e+01 -1.547003e+01
      vertex   1.710000e+01 1.670670e+01 -1.578585e+01
    endloop
  endfacet
  facet normal -1.000000e+00 0.000000e+00 0.000000e+00
    outer loop
      vertex   1.710000e+01 1.412020e+01 -1.580000e+01
      vertex   1.710000e+01 1.670670e+01 -1.578585e+01
      vertex   1.710000e+01 1.654343e+01 -1.609702e+01
    endloop
  endfacet
  facet normal -1.000000e+00 -0.000000e+00 0.000000e+00
    outer loop
      vertex   1.710000e+01 1.654343e+01 -1.609702e+01
      vertex   1.710000e+01 1.637113e+01 -1.640328e+01
      vertex   1.710000e+01 1.412020e+01 -1.580000e+01
    endloop
  endfacet
  facet normal -1.000000e+00 0.000000e+00 0.000000e+00
    outer loop
      vertex   1.710000e+01 1.412020e+01 -1.580000e+01
      vertex   1.710000e+01 1.637113e+01 -1.640328e+01
      vertex   1.710000e+01 1.618993e+01 -1.670436e+01
    endloop
  endfacet
  facet normal -1.000000e+00 8.199598e-15 1.876589e-14
    outer loop
      vertex   1.710000e+01 1.412020e+01 -1.580000e+01
      vertex   1.710000e+01 1.618993e+01 -1.670436e+01
      vertex   1.710000e+01 1.600000e+01 -1.700000e+01
    endloop
  endfacet
  facet normal -1.000000e+00 0.000000e+00 5.921189e-15
    outer loop
      vertex   1.710000e+01 1.600000e+01 -1.700000e+01
      vertex   1.710000e+01 1.240000e+01 -1.700000e+01
      vertex   1.710000e+01 1.412020e+01 -1.580000e+01
    endloop
  endfacet
  facet normal -1.000000e+00 4.130591e-15 0.000000e+00
    outer loop
      vertex   1.710000e+01 1.412020e+01 -1.580000e+01
      vertex   1.710000e+01 1.240000e+01 -1.700000e+01
      vertex   1.710000e+01 1.240000e+01 -1.580000e+01
    endloop
  endfacet
  facet normal 0.000000e+00 1.961161e-01 9.805807e-01
    outer loop
      vertex   6.025403e+00 1.690000e+01 -7.000000e+00
      vertex   1.900000e+00 1.690000e+01 -7.000000e+00
      vertex   6.025403e+00 1.591942e+01 -6.803884e+00
    endloop
  endfacet
  facet normal 0.000000e+00 1.961161e-01 9.805807e-01
    outer loop
      vertex   6.025403e+00 1.591942e+01 -6.803884e+00
      vertex   1.900000e+00 1.690000e+01 -7.000000e+00
      vertex   1.900000e+00 1.591942e+01 -6.803884e+00
    endloop
  endfacet
  facet normal -9.255527e-01 7.425325e-02 3.712662e-01
    outer loop
      vertex   8.300000e+00 1.650864e+01 -8.956776e+00
      vertex   8.250974e+00 1.648514e+01 -9.074295e+00
      vertex   8.300000e+00 1.552806e+01 -8.760660e+00
    endloop
  endfacet
  facet normal -9.254338e-01 7.435013e-02 3.715433e-01
    outer loop
      vertex   8.300000e+00 1.552806e+01 -8.760660e+00
      vertex   8.250974e+00 1.648514e+01 -9.074295e+00
      vertex   8.250545e+00 1.550438e+01 -8.879102e+00
    endloop
  endfacet
  facet normal -8.929677e-01 8.823632e-02 4.413876e-01
    outer loop
      vertex   8.250545e+00 1.550438e+01 -8.879102e+00
      vertex   8.250974e+00 1.648514e+01 -9.074295e+00
      vertex   8.192759e+00 1.646249e+01 -9.187542e+00
    endloop
  endfacet
  facet normal -8.925422e-01 8.852049e-02 4.421906e-01
    outer loop
      vertex   8.250545e+00 1.550438e+01 -8.879102e+00
      vertex   8.192759e+00 1.646249e+01 -9.187542e+00
      vertex   8.191755e+00 1.548156e+01 -8.993199e+00
    endloop
  endfacet
  facet normal -8.547670e-01 1.017079e-01 5.089488e-01
    outer loop
      vertex   8.191755e+00 1.548156e+01 -8.993199e+00
      vertex   8.192759e+00 1.646249e+01 -9.187542e+00
      vertex   8.125722e+00 1.644084e+01 -9.295801e+00
    endloop
  endfacet
  facet normal -8.539468e-01 1.021691e-01 5.102317e-01
    outer loop
      vertex   8.191755e+00 1.548156e+01 -8.993199e+00
      vertex   8.125722e+00 1.644084e+01 -9.295801e+00
      vertex   8.124008e+00 1.545975e+01 -9.102217e+00
    endloop
  endfacet
  facet normal -8.111346e-01 1.145832e-01 5.735254e-01
    outer loop
      vertex   8.124008e+00 1.545975e+01 -9.102217e+00
      vertex   8.125722e+00 1.644084e+01 -9.295801e+00
      vertex   8.050289e+00 1.642032e+01 -9.398387e+00
    endloop
  endfacet
  facet normal -8.098366e-01 1.152089e-01 5.752318e-01
    outer loop
      vertex   8.124008e+00 1.545975e+01 -9.102217e+00
      vertex   8.050289e+00 1.642032e+01 -9.398387e+00
      vertex   8.047742e+00 1.543911e+01 -9.205453e+00
    endloop
  endfacet
  facet normal -7.622896e-01 1.267782e-01 6.346983e-01
    outer loop
      vertex   8.047742e+00 1.543911e+01 -9.205453e+00
      vertex   8.050289e+00 1.642032e+01 -9.398387e+00
      vertex   7.966937e+00 1.640107e+01 -9.494649e+00
    endloop
  endfacet
  facet normal -7.604368e-01 1.275542e-01 6.367619e-01
    outer loop
      vertex   8.047742e+00 1.543911e+01 -9.205453e+00
      vertex   7.966937e+00 1.640107e+01 -9.494649e+00
      vertex   7.963445e+00 1.541975e+01 -9.302244e+00
    endloop
  endfacet
  facet normal -7.084877e-01 1.382109e-01 6.920570e-01
    outer loop
      vertex   7.963445e+00 1.541975e+01 -9.302244e+00
      vertex   7.966937e+00 1.640107e+01 -9.494649e+00
      vertex   7.876194e+00 1.638320e+01 -9.583979e+00
    endloop
  endfacet
  facet normal -7.060107e-01 1.391210e-01 6.944021e-01
    outer loop
      vertex   7.963445e+00 1.541975e+01 -9.302244e+00
      vertex   7.876194e+00 1.638320e+01 -9.583979e+00
      vertex   7.871662e+00 1.540180e+01 -9.391967e+00
    endloop
  endfacet
  facet normal -6.500230e-01 1.488018e-01 7.452034e-01
    outer loop
      vertex   7.871662e+00 1.540180e+01 -9.391967e+00
      vertex   7.876194e+00 1.638320e+01 -9.583979e+00
      vertex   7.778635e+00 1.636684e+01 -9.665809e+00
    endloop
  endfacet
  facet normal -6.468610e-01 1.498278e-01 7.477450e-01
    outer loop
      vertex   7.871662e+00 1.540180e+01 -9.391967e+00
      vertex   7.778635e+00 1.636684e+01 -9.665809e+00
      vertex   7.772982e+00 1.538539e+01 -9.474044e+00
    endloop
  endfacet
  facet normal -5.872286e-01 1.584744e-01 7.937559e-01
    outer loop
      vertex   7.772982e+00 1.538539e+01 -9.474044e+00
      vertex   7.778635e+00 1.636684e+01 -9.665809e+00
      vertex   7.674878e+00 1.635208e+01 -9.739623e+00
    endloop
  endfacet
  facet normal -5.833307e-01 1.595966e-01 7.964008e-01
    outer loop
      vertex   7.772982e+00 1.538539e+01 -9.474044e+00
      vertex   7.674878e+00 1.635208e+01 -9.739623e+00
      vertex   7.668041e+00 1.537061e+01 -9.547947e+00
    endloop
  endfacet
  facet normal -5.204768e-01 1.671567e-01 8.373545e-01
    outer loop
      vertex   7.668041e+00 1.537061e+01 -9.547947e+00
      vertex   7.674878e+00 1.635208e+01 -9.739623e+00
      vertex   7.565579e+00 1.633901e+01 -9.804951e+00
    endloop
  endfacet
  facet normal -5.158035e-01 1.683539e-01 8.400022e-01
    outer loop
      vertex   7.668041e+00 1.537061e+01 -9.547947e+00
      vertex   7.565579e+00 1.633901e+01 -9.804951e+00
      vertex   7.557513e+00 1.535756e+01 -9.613201e+00
    endloop
  endfacet
  facet normal -4.501787e-01 1.747823e-01 8.756656e-01
    outer loop
      vertex   7.557513e+00 1.535756e+01 -9.613201e+00
      vertex   7.565579e+00 1.633901e+01 -9.804951e+00
      vertex   7.451432e+00 1.632772e+01 -9.861382e+00
    endloop
  endfacet
  facet normal -4.447028e-01 1.760318e-01 8.782097e-01
    outer loop
      vertex   7.557513e+00 1.535756e+01 -9.613201e+00
      vertex   7.451432e+00 1.632772e+01 -9.861382e+00
      vertex   7.442111e+00 1.534632e+01 -9.669385e+00
    endloop
  endfacet
  facet normal -3.767821e-01 1.812907e-01 9.083881e-01
    outer loop
      vertex   7.442111e+00 1.534632e+01 -9.669385e+00
      vertex   7.451432e+00 1.632772e+01 -9.861382e+00
      vertex   7.333159e+00 1.631829e+01 -9.908556e+00
    endloop
  endfacet
  facet normal -3.704899e-01 1.825691e-01 9.107172e-01
    outer loop
      vertex   7.442111e+00 1.534632e+01 -9.669385e+00
      vertex   7.333159e+00 1.631829e+01 -9.908556e+00
      vertex   7.322577e+00 1.533697e+01 -9.716138e+00
    endloop
  endfacet
  facet normal -3.007689e-01 1.866293e-01 9.352580e-01
    outer loop
      vertex   7.322577e+00 1.533697e+01 -9.716138e+00
      vertex   7.333159e+00 1.631829e+01 -9.908556e+00
      vertex   7.211509e+00 1.631076e+01 -9.946176e+00
    endloop
  endfacet
  facet normal -2.936611e-01 1.879123e-01 9.372578e-01
    outer loop
      vertex   7.322577e+00 1.533697e+01 -9.716138e+00
      vertex   7.211509e+00 1.631076e+01 -9.946176e+00
      vertex   7.199679e+00 1.532956e+01 -9.753160e+00
    endloop
  endfacet
  facet normal -2.226512e-01 1.907538e-01 9.560541e-01
    outer loop
      vertex   7.199679e+00 1.532956e+01 -9.753160e+00
      vertex   7.211509e+00 1.631076e+01 -9.946176e+00
      vertex   7.087252e+00 1.630520e+01 -9.974003e+00
    endloop
  endfacet
  facet normal -2.147432e-01 1.920170e-01 9.576089e-01
    outer loop
      vertex   7.199679e+00 1.532956e+01 -9.753160e+00
      vertex   7.087252e+00 1.630520e+01 -9.974003e+00
      vertex   7.074210e+00 1.532415e+01 -9.780212e+00
    endloop
  endfacet
  facet normal -1.429663e-01 1.936294e-01 9.706020e-01
    outer loop
      vertex   7.074210e+00 1.532415e+01 -9.780212e+00
      vertex   7.087252e+00 1.630520e+01 -9.974003e+00
      vertex   6.961177e+00 1.630163e+01 -9.991861e+00
    endloop
  endfacet
  facet normal -1.342887e-01 1.948482e-01 9.715970e-01
    outer loop
      vertex   7.074210e+00 1.532415e+01 -9.780212e+00
      vertex   6.961177e+00 1.630163e+01 -9.991861e+00
      vertex   6.946976e+00 1.532077e+01 -9.797119e+00
    endloop
  endfacet
  facet normal -6.227077e-02 1.952314e-01 9.787783e-01
    outer loop
      vertex   6.946976e+00 1.532077e+01 -9.797119e+00
      vertex   6.961177e+00 1.630163e+01 -9.991861e+00
      vertex   6.834080e+00 1.630007e+01 -9.999637e+00
    endloop
  endfacet
  facet normal -5.286940e-02 1.963820e-01 9.791011e-01
    outer loop
      vertex   6.946976e+00 1.532077e+01 -9.797119e+00
      vertex   6.834080e+00 1.630007e+01 -9.999637e+00
      vertex   6.818796e+00 1.531944e+01 -9.803773e+00
    endloop
  endfacet
  facet normal 1.886598e-02 1.955459e-01 9.805131e-01
    outer loop
      vertex   6.818796e+00 1.531944e+01 -9.803773e+00
      vertex   6.834080e+00 1.630007e+01 -9.999637e+00
      vertex   6.706768e+00 1.630054e+01 -9.997281e+00
    endloop
  endfacet
  facet normal 2.893060e-02 1.966050e-01 9.800559e-01
    outer loop
      vertex   6.818796e+00 1.531944e+01 -9.803773e+00
      vertex   6.706768e+00 1.630054e+01 -9.997281e+00
      vertex   6.690495e+00 1.532017e+01 -9.800132e+00
    endloop
  endfacet
  facet normal 9.986899e-02 1.945700e-01 9.757913e-01
    outer loop
      vertex   6.690495e+00 1.532017e+01 -9.800132e+00
      vertex   6.706768e+00 1.630054e+01 -9.997281e+00
      vertex   6.580046e+00 1.630304e+01 -9.984809e+00
    endloop
  endfacet
  facet normal 1.105222e-01 1.955156e-01 9.744529e-01
    outer loop
      vertex   6.690495e+00 1.532017e+01 -9.800132e+00
      vertex   6.580046e+00 1.630304e+01 -9.984809e+00
      vertex   6.562899e+00 1.532295e+01 -9.786219e+00
    endloop
  endfacet
  facet normal 1.801650e-01 1.923117e-01 9.646537e-01
    outer loop
      vertex   6.562899e+00 1.532295e+01 -9.786219e+00
      vertex   6.580046e+00 1.630304e+01 -9.984809e+00
      vertex   6.454717e+00 1.630754e+01 -9.962299e+00
    endloop
  endfacet
  facet normal 1.913191e-01 1.931236e-01 9.623410e-01
    outer loop
      vertex   6.562899e+00 1.532295e+01 -9.786219e+00
      vertex   6.454717e+00 1.630754e+01 -9.962299e+00
      vertex   6.436829e+00 1.532777e+01 -9.762122e+00
    endloop
  endfacet
  facet normal 2.591896e-01 1.887901e-01 9.471954e-01
    outer loop
      vertex   6.436829e+00 1.532777e+01 -9.762122e+00
      vertex   6.454717e+00 1.630754e+01 -9.962299e+00
      vertex   6.331575e+00 1.631402e+01 -9.929895e+00
    endloop
  endfacet
  facet normal 2.707451e-01 1.894500e-01 9.438251e-01
    outer loop
      vertex   6.436829e+00 1.532777e+01 -9.762122e+00
      vertex   6.331575e+00 1.631402e+01 -9.929895e+00
      vertex   6.313096e+00 1.533460e+01 -9.727998e+00
    endloop
  endfacet
  facet normal 3.363945e-01 1.840347e-01 9.235637e-01
    outer loop
      vertex   6.313096e+00 1.533460e+01 -9.727998e+00
      vertex   6.331575e+00 1.631402e+01 -9.929895e+00
      vertex   6.211400e+00 1.632244e+01 -9.887800e+00
    endloop
  endfacet
  facet normal 3.482414e-01 1.845263e-01 9.190636e-01
    outer loop
      vertex   6.313096e+00 1.533460e+01 -9.727998e+00
      vertex   6.211400e+00 1.632244e+01 -9.887800e+00
      vertex   6.192496e+00 1.534338e+01 -9.684066e+00
    endloop
  endfacet
  facet normal 4.112534e-01 1.780849e-01 8.939555e-01
    outer loop
      vertex   6.192496e+00 1.534338e+01 -9.684066e+00
      vertex   6.211400e+00 1.632244e+01 -9.887800e+00
      vertex   6.094953e+00 1.633274e+01 -9.836283e+00
    endloop
  endfacet
  facet normal 4.232731e-01 1.783945e-01 8.882653e-01
    outer loop
      vertex   6.192496e+00 1.534338e+01 -9.684066e+00
      vertex   6.094953e+00 1.633274e+01 -9.836283e+00
      vertex   6.075806e+00 1.535407e+01 -9.630608e+00
    endloop
  endfacet
  facet normal 4.832677e-01 1.709889e-01 8.586123e-01
    outer loop
      vertex   6.075806e+00 1.535407e+01 -9.630608e+00
      vertex   6.094953e+00 1.633274e+01 -9.836283e+00
      vertex   5.982971e+00 1.634487e+01 -9.775668e+00
    endloop
  endfacet
  facet normal 4.953344e-01 1.711053e-01 8.516847e-01
    outer loop
      vertex   6.075806e+00 1.535407e+01 -9.630608e+00
      vertex   5.982971e+00 1.634487e+01 -9.775668e+00
      vertex   5.963776e+00 1.536660e+01 -9.567969e+00
    endloop
  endfacet
  facet normal 5.519709e-01 1.628032e-01 8.178162e-01
    outer loop
      vertex   5.963776e+00 1.536660e+01 -9.567969e+00
      vertex   5.982971e+00 1.634487e+01 -9.775668e+00
      vertex   5.876164e+00 1.635873e+01 -9.706341e+00
    endloop
  endfacet
  facet normal 5.639535e-01 1.627178e-01 8.096168e-01
    outer loop
      vertex   5.963776e+00 1.536660e+01 -9.567969e+00
      vertex   5.876164e+00 1.635873e+01 -9.706341e+00
      vertex   5.857127e+00 1.538089e+01 -9.496552e+00
    endloop
  endfacet
  facet normal 6.169320e-01 1.535910e-01 7.718839e-01
    outer loop
      vertex   5.857127e+00 1.538089e+01 -9.496552e+00
      vertex   5.876164e+00 1.635873e+01 -9.706341e+00
      vertex   5.775208e+00 1.637425e+01 -9.628740e+00
    endloop
  endfacet
  facet normal 6.286956e-01 1.532981e-01 7.623920e-01
    outer loop
      vertex   5.857127e+00 1.538089e+01 -9.496552e+00
      vertex   5.775208e+00 1.637425e+01 -9.628740e+00
      vertex   5.756546e+00 1.539683e+01 -9.416816e+00
    endloop
  endfacet
  facet normal 6.777578e-01 1.434218e-01 7.211619e-01
    outer loop
      vertex   5.756546e+00 1.539683e+01 -9.416816e+00
      vertex   5.775208e+00 1.637425e+01 -9.628740e+00
      vertex   5.680743e+00 1.639133e+01 -9.543356e+00
    endloop
  endfacet
  facet normal 6.891653e-01 1.429181e-01 7.103700e-01
    outer loop
      vertex   5.756546e+00 1.539683e+01 -9.416816e+00
      vertex   5.680743e+00 1.639133e+01 -9.543356e+00
      vertex   5.662680e+00 1.541434e+01 -9.329274e+00
    endloop
  endfacet
  facet normal 7.340942e-01 1.323695e-01 6.660211e-01
    outer loop
      vertex   5.662680e+00 1.541434e+01 -9.329274e+00
      vertex   5.680743e+00 1.639133e+01 -9.543356e+00
      vertex   5.593367e+00 1.640985e+01 -9.450731e+00
    endloop
  endfacet
  facet normal 7.450077e-01 1.316548e-01 6.539347e-01
    outer loop
      vertex   5.662680e+00 1.541434e+01 -9.329274e+00
      vertex   5.593367e+00 1.640985e+01 -9.450731e+00
      vertex   5.576133e+00 1.543330e+01 -9.234490e+00
    endloop
  endfacet
  facet normal 7.856262e-01 1.205121e-01 6.068512e-01
    outer loop
      vertex   5.576133e+00 1.543330e+01 -9.234490e+00
      vertex   5.593367e+00 1.640985e+01 -9.450731e+00
      vertex   5.513633e+00 1.642971e+01 -9.351452e+00
    endloop
  endfacet
  facet normal 7.959081e-01 1.195886e-01 5.934887e-01
    outer loop
      vertex   5.576133e+00 1.543330e+01 -9.234490e+00
      vertex   5.513633e+00 1.642971e+01 -9.351452e+00
      vertex   5.497462e+00 1.545358e+01 -9.133074e+00
    endloop
  endfacet
  facet normal 8.320778e-01 1.079305e-01 5.440566e-01
    outer loop
      vertex   5.497462e+00 1.545358e+01 -9.133074e+00
      vertex   5.513633e+00 1.642971e+01 -9.351452e+00
      vertex   5.442046e+00 1.645077e+01 -9.246145e+00
    endloop
  endfacet
  facet normal 8.415921e-01 1.068029e-01 5.294486e-01
    outer loop
      vertex   5.497462e+00 1.545358e+01 -9.133074e+00
      vertex   5.442046e+00 1.645077e+01 -9.246145e+00
      vertex   5.427173e+00 1.547506e+01 -9.025679e+00
    endloop
  endfacet
  facet normal 8.732105e-01 9.470759e-02 4.780522e-01
    outer loop
      vertex   5.427173e+00 1.547506e+01 -9.025679e+00
      vertex   5.442046e+00 1.645077e+01 -9.246145e+00
      vertex   5.379061e+00 1.647290e+01 -9.135480e+00
    endloop
  endfacet
  facet normal 8.818235e-01 9.338306e-02 4.622413e-01
    outer loop
      vertex   5.427173e+00 1.547506e+01 -9.025679e+00
      vertex   5.379061e+00 1.647290e+01 -9.135480e+00
      vertex   5.365719e+00 1.549760e+01 -8.912994e+00
    endloop
  endfacet
  facet normal 9.088218e-01 8.092769e-02 4.092599e-01
    outer loop
      vertex   5.365719e+00 1.549760e+01 -8.912994e+00
      vertex   5.379061e+00 1.647290e+01 -9.135480e+00
      vertex   5.325074e+00 1.649597e+01 -9.020157e+00
    endloop
  endfacet
  facet normal 9.164027e-01 7.941589e-02 3.923000e-01
    outer loop
      vertex   5.365719e+00 1.549760e+01 -8.912994e+00
      vertex   5.325074e+00 1.649597e+01 -9.020157e+00
      vertex   5.313495e+00 1.552105e+01 -8.795747e+00
    endloop
  endfacet
  facet normal 9.387431e-01 6.667606e-02 3.381061e-01
    outer loop
      vertex   5.313495e+00 1.552105e+01 -8.795747e+00
      vertex   5.325074e+00 1.649597e+01 -9.020157e+00
      vertex   5.280430e+00 1.651982e+01 -8.900906e+00
    endloop
  endfacet
  facet normal 9.451649e-01 6.498884e-02 3.200621e-01
    outer loop
      vertex   5.313495e+00 1.552105e+01 -8.795747e+00
      vertex   5.280430e+00 1.651982e+01 -8.900906e+00
      vertex   5.270836e+00 1.554526e+01 -8.674691e+00
    endloop
  endfacet
  facet normal 9.628378e-01 5.203840e-02 2.650195e-01
    outer loop
      vertex   5.270836e+00 1.554526e+01 -8.674691e+00
      vertex   5.280430e+00 1.651982e+01 -8.900906e+00
      vertex   5.245410e+00 1.654430e+01 -8.778482e+00
    endloop
  endfacet
  facet normal 9.679779e-01 5.018985e-02 2.459670e-01
    outer loop
      vertex   5.270836e+00 1.554526e+01 -8.674691e+00
      vertex   5.245410e+00 1.654430e+01 -8.778482e+00
      vertex   5.238019e+00 1.557008e+01 -8.550604e+00
    endloop
  endfacet
  facet normal 9.809995e-01 3.710060e-02 1.904297e-01
    outer loop
      vertex   5.238019e+00 1.557008e+01 -8.550604e+00
      vertex   5.245410e+00 1.654430e+01 -8.778482e+00
      vertex   5.220235e+00 1.656927e+01 -8.653661e+00
    endloop
  endfacet
  facet normal 9.847399e-01 3.510697e-02 1.704549e-01
    outer loop
      vertex   5.238019e+00 1.557008e+01 -8.550604e+00
      vertex   5.220235e+00 1.656927e+01 -8.653661e+00
      vertex   5.215253e+00 1.559534e+01 -8.424287e+00
    endloop
  endfacet
  facet normal 9.931500e-01 2.194857e-02 1.147665e-01
    outer loop
      vertex   5.215253e+00 1.559534e+01 -8.424287e+00
      vertex   5.220235e+00 1.656927e+01 -8.653661e+00
      vertex   5.205067e+00 1.659455e+01 -8.527233e+00
    endloop
  endfacet
  facet normal 9.953780e-01 1.982824e-02 9.396577e-02
    outer loop
      vertex   5.215253e+00 1.559534e+01 -8.424287e+00
      vertex   5.205067e+00 1.659455e+01 -8.527233e+00
      vertex   5.202686e+00 1.562089e+01 -8.296551e+00
    endloop
  endfacet
  facet normal 9.992379e-01 6.668217e-03 3.845949e-02
    outer loop
      vertex   5.202686e+00 1.562089e+01 -8.296551e+00
      vertex   5.205067e+00 1.659455e+01 -8.527233e+00
      vertex   5.200000e+00 1.662000e+01 -8.400000e+00
    endloop
  endfacet
  facet normal 9.998466e-01 4.441672e-03 1.693955e-02
    outer loop
      vertex   5.202686e+00 1.562089e+01 -8.296551e+00
      vertex   5.200000e+00 1.662000e+01 -8.400000e+00
      vertex   5.200398e+00 1.564655e+01 -8.168219e+00
    endloop
  endfacet
  facet normal 9.993035e-01 -8.256886e-03 -3.639176e-02
    outer loop
      vertex   5.200398e+00 1.564655e+01 -8.168219e+00
      vertex   5.200000e+00 1.662000e+01 -8.400000e+00
      vertex   5.204631e+00 1.664433e+01 -8.278353e+00
    endloop
  endfacet
  facet normal 9.981270e-01 -1.087997e-02 -6.020121e-02
    outer loop
      vertex   5.200398e+00 1.564655e+01 -8.168219e+00
      vertex   5.204631e+00 1.664433e+01 -8.278353e+00
      vertex   5.208403e+00 1.567217e+01 -8.040117e+00
    endloop
  endfacet
  facet normal 9.937390e-01 -2.294050e-02 -1.093463e-01
    outer loop
      vertex   5.208403e+00 1.567217e+01 -8.040117e+00
      vertex   5.204631e+00 1.664433e+01 -8.278353e+00
      vertex   5.218497e+00 1.666852e+01 -8.157411e+00
    endloop
  endfacet
  facet normal 9.902263e-01 -2.615981e-02 -1.369948e-01
    outer loop
      vertex   5.208403e+00 1.567217e+01 -8.040117e+00
      vertex   5.218497e+00 1.666852e+01 -8.157411e+00
      vertex   5.226651e+00 1.569758e+01 -7.913068e+00
    endloop
  endfacet
  facet normal 9.826312e-01 -3.748499e-02 -1.817437e-01
    outer loop
      vertex   5.226651e+00 1.569758e+01 -7.913068e+00
      vertex   5.218497e+00 1.666852e+01 -8.157411e+00
      vertex   5.241519e+00 1.669243e+01 -8.037873e+00
    endloop
  endfacet
  facet normal 9.761782e-01 -4.130989e-02 -2.130015e-01
    outer loop
      vertex   5.226651e+00 1.569758e+01 -7.913068e+00
      vertex   5.241519e+00 1.669243e+01 -8.037873e+00
      vertex   5.255024e+00 1.572262e+01 -7.787891e+00
    endloop
  endfacet
  facet normal 9.660230e-01 -5.181532e-02 -2.532087e-01
    outer loop
      vertex   5.255024e+00 1.572262e+01 -7.787891e+00
      vertex   5.241519e+00 1.669243e+01 -8.037873e+00
      vertex   5.273562e+00 1.671591e+01 -7.920431e+00
    endloop
  endfacet
  facet normal 9.560433e-01 -5.624225e-02 -2.877813e-01
    outer loop
      vertex   5.255024e+00 1.572262e+01 -7.787891e+00
      vertex   5.273562e+00 1.671591e+01 -7.920431e+00
      vertex   5.293340e+00 1.574712e+01 -7.665391e+00
    endloop
  endfacet
  facet normal 9.439796e-01 -6.585632e-02 -3.233658e-01
    outer loop
      vertex   5.293340e+00 1.574712e+01 -7.665391e+00
      vertex   5.273562e+00 1.671591e+01 -7.920431e+00
      vertex   5.314441e+00 1.673885e+01 -7.805765e+00
    endloop
  endfacet
  facet normal 9.299103e-01 -7.086891e-02 -3.608941e-01
    outer loop
      vertex   5.293340e+00 1.574712e+01 -7.665391e+00
      vertex   5.314441e+00 1.673885e+01 -7.805765e+00
      vertex   5.341351e+00 1.577092e+01 -7.546356e+00
    endloop
  endfacet
  facet normal 9.165895e-01 -7.953284e-02 -3.918395e-01
    outer loop
      vertex   5.341351e+00 1.577092e+01 -7.546356e+00
      vertex   5.314441e+00 1.673885e+01 -7.805765e+00
      vertex   5.363920e+00 1.676109e+01 -7.694540e+00
    endloop
  endfacet
  facet normal 8.978976e-01 -8.510203e-02 -4.318999e-01
    outer loop
      vertex   5.341351e+00 1.577092e+01 -7.546356e+00
      vertex   5.363920e+00 1.676109e+01 -7.694540e+00
      vertex   5.398749e+00 1.579389e+01 -7.431553e+00
    endloop
  endfacet
  facet normal 8.839661e-01 -9.276978e-02 -4.582551e-01
    outer loop
      vertex   5.398749e+00 1.579389e+01 -7.431553e+00
      vertex   5.363920e+00 1.676109e+01 -7.694540e+00
      vertex   5.421712e+00 1.678252e+01 -7.587398e+00
    endloop
  endfacet
  facet normal 8.601555e-01 -9.885405e-02 -5.003603e-01
    outer loop
      vertex   5.398749e+00 1.579389e+01 -7.431553e+00
      vertex   5.421712e+00 1.678252e+01 -7.587398e+00
      vertex   5.465164e+00 1.581585e+01 -7.321719e+00
    endloop
  endfacet
  facet normal 8.462490e-01 -1.054924e-01 -5.222393e-01
    outer loop
      vertex   5.465164e+00 1.581585e+01 -7.321719e+00
      vertex   5.421712e+00 1.678252e+01 -7.587398e+00
      vertex   5.487483e+00 1.680301e+01 -7.484960e+00
    endloop
  endfacet
  facet normal 8.168677e-01 -1.120380e-01 -5.658398e-01
    outer loop
      vertex   5.465164e+00 1.581585e+01 -7.321719e+00
      vertex   5.487483e+00 1.680301e+01 -7.484960e+00
      vertex   5.540170e+00 1.583668e+01 -7.217563e+00
    endloop
  endfacet
  facet normal 8.036060e-01 -1.176264e-01 -5.834222e-01
    outer loop
      vertex   5.540170e+00 1.583668e+01 -7.217563e+00
      vertex   5.487483e+00 1.680301e+01 -7.484960e+00
      vertex   5.560852e+00 1.682244e+01 -7.387819e+00
    endloop
  endfacet
  facet normal 7.682538e-01 -1.245682e-01 -6.279083e-01
    outer loop
      vertex   5.540170e+00 1.583668e+01 -7.217563e+00
      vertex   5.560852e+00 1.682244e+01 -7.387819e+00
      vertex   5.623283e+00 1.585625e+01 -7.119754e+00
    endloop
  endfacet
  facet normal 7.562340e-01 -1.290988e-01 -6.414387e-01
    outer loop
      vertex   5.623283e+00 1.585625e+01 -7.119754e+00
      vertex   5.560852e+00 1.682244e+01 -7.387819e+00
      vertex   5.641393e+00 1.684069e+01 -7.296537e+00
    endloop
  endfacet
  facet normal 7.145711e-01 -1.363604e-01 -6.861442e-01
    outer loop
      vertex   5.623283e+00 1.585625e+01 -7.119754e+00
      vertex   5.641393e+00 1.684069e+01 -7.296537e+00
      vertex   5.713968e+00 1.587441e+01 -7.028922e+00
    endloop
  endfacet
  facet normal 7.043612e-01 -1.398379e-01 -6.959316e-01
    outer loop
      vertex   5.713968e+00 1.587441e+01 -7.028922e+00
      vertex   5.641393e+00 1.684069e+01 -7.296537e+00
      vertex   5.728642e+00 1.685767e+01 -7.211643e+00
    endloop
  endfacet
  facet normal 6.561164e-01 -1.473328e-01 -7.401380e-01
    outer loop
      vertex   5.713968e+00 1.587441e+01 -7.028922e+00
      vertex   5.728642e+00 1.685767e+01 -7.211643e+00
      vertex   5.811643e+00 1.589107e+01 -6.945651e+00
    endloop
  endfacet
  facet normal 6.482476e-01 -1.497741e-01 -7.465540e-01
    outer loop
      vertex   5.811643e+00 1.589107e+01 -6.945651e+00
      vertex   5.728642e+00 1.685767e+01 -7.211643e+00
      vertex   5.822093e+00 1.687327e+01 -7.133628e+00
    endloop
  endfacet
  facet normal 5.932264e-01 -1.574072e-01 -7.894969e-01
    outer loop
      vertex   5.811643e+00 1.589107e+01 -6.945651e+00
      vertex   5.822093e+00 1.687327e+01 -7.133628e+00
      vertex   5.915678e+00 1.590610e+01 -6.870477e+00
    endloop
  endfacet
  facet normal 5.881860e-01 -1.588408e-01 -7.929734e-01
    outer loop
      vertex   5.915678e+00 1.590610e+01 -6.870477e+00
      vertex   5.822093e+00 1.687327e+01 -7.133628e+00
      vertex   5.921205e+00 1.688741e+01 -7.062944e+00
    endloop
  endfacet
  facet normal 5.262788e-01 -1.665093e-01 -8.338497e-01
    outer loop
      vertex   5.915678e+00 1.590610e+01 -6.870477e+00
      vertex   5.921205e+00 1.688741e+01 -7.062944e+00
      vertex   6.025403e+00 1.591942e+01 -6.803884e+00
    endloop
  endfacet
  facet normal 5.245020e-01 -1.669751e-01 -8.348754e-01
    outer loop
      vertex   6.025403e+00 1.591942e+01 -6.803884e+00
      vertex   5.921205e+00 1.688741e+01 -7.062944e+00
      vertex   6.025403e+00 1.690000e+01 -7.000000e+00
    endloop
  endfacet
  facet normal 4.307650e-14 -9.805807e-01 1.961161e-01
    outer loop
      vertex   8.300000e+00 1.552806e+01 -8.760660e+00
      vertex   8.250545e+00 1.550438e+01 -8.879102e+00
      vertex   8.300000e+00 1.412020e+01 -1.580000e+01
    endloop
  endfacet
  facet normal 0.000000e+00 -9.805807e-01 1.961161e-01
    outer loop
      vertex   8.300000e+00 1.412020e+01 -1.580000e+01
      vertex   8.250545e+00 1.550438e+01 -8.879102e+00
      vertex   8.191755e+00 1.548156e+01 -8.993199e+00
    endloop
  endfacet
  facet normal -7.366154e-15 -9.805807e-01 1.961161e-01
    outer loop
      vertex   8.300000e+00 1.412020e+01 -1.580000e+01
      vertex   8.191755e+00 1.548156e+01 -8.993199e+00
      vertex   8.124008e+00 1.545975e+01 -9.102217e+00
    endloop
  endfacet
  facet normal 7.203057e-16 -9.805807e-01 1.961161e-01
    outer loop
      vertex   8.124008e+00 1.545975e+01 -9.102217e+00
      vertex   8.047742e+00 1.543911e+01 -9.205453e+00
      vertex   8.300000e+00 1.412020e+01 -1.580000e+01
    endloop
  endfacet
  facet normal 9.004779e-15 -9.805807e-01 1.961161e-01
    outer loop
      vertex   8.300000e+00 1.412020e+01 -1.580000e+01
      vertex   8.047742e+00 1.543911e+01 -9.205453e+00
      vertex   7.963445e+00 1.541975e+01 -9.302244e+00
    endloop
  endfacet
  facet normal -1.667963e-14 -9.805807e-01 1.961161e-01
    outer loop
      vertex   8.300000e+00 1.412020e+01 -1.580000e+01
      vertex   7.963445e+00 1.541975e+01 -9.302244e+00
      vertex   7.871662e+00 1.540180e+01 -9.391967e+00
    endloop
  endfacet
  facet normal 3.261909e-16 -9.805807e-01 1.961161e-01
    outer loop
      vertex   7.871662e+00 1.540180e+01 -9.391967e+00
      vertex   7.772982e+00 1.538539e+01 -9.474044e+00
      vertex   8.300000e+00 1.412020e+01 -1.580000e+01
    endloop
  endfacet
  facet normal 1.363148e-14 -9.805807e-01 1.961161e-01
    outer loop
      vertex   8.300000e+00 1.412020e+01 -1.580000e+01
      vertex   7.772982e+00 1.538539e+01 -9.474044e+00
      vertex   7.668041e+00 1.537061e+01 -9.547947e+00
    endloop
  endfacet
  facet normal 1.189372e-15 -9.805807e-01 1.961161e-01
    outer loop
      vertex   8.300000e+00 1.412020e+01 -1.580000e+01
      vertex   7.668041e+00 1.537061e+01 -9.547947e+00
      vertex   7.557513e+00 1.535756e+01 -9.613201e+00
    endloop
  endfacet
  facet normal -8.229588e-15 -9.805807e-01 1.961161e-01
    outer loop
      vertex   7.557513e+00 1.535756e+01 -9.613201e+00
      vertex   7.442111e+00 1.534632e+01 -9.669385e+00
      vertex   8.300000e+00 1.412020e+01 -1.580000e+01
    endloop
  endfacet
  facet normal 0.000000e+00 -9.805807e-01 1.961161e-01
    outer loop
      vertex   8.300000e+00 1.412020e+01 -1.580000e+01
      vertex   7.442111e+00 1.534632e+01 -9.669385e+00
      vertex   7.322577e+00 1.533697e+01 -9.716138e+00
    endloop
  endfacet
  facet normal 8.888450e-15 -9.805807e-01 1.961161e-01
    outer loop
      vertex   8.300000e+00 1.412020e+01 -1.580000e+01
      vertex   7.322577e+00 1.533697e+01 -9.716138e+00
      vertex   7.199679e+00 1.532956e+01 -9.753160e+00
    endloop
  endfacet
  facet normal -1.054547e-14 -9.805807e-01 1.961161e-01
    outer loop
      vertex   7.199679e+00 1.532956e+01 -9.753160e+00
      vertex   7.074210e+00 1.532415e+01 -9.780212e+00
      vertex   8.300000e+00 1.412020e+01 -1.580000e+01
    endloop
  endfacet
  facet normal 2.214286e-15 -9.805807e-01 1.961161e-01
    outer loop
      vertex   8.300000e+00 1.412020e+01 -1.580000e+01
      vertex   7.074210e+00 1.532415e+01 -9.780212e+00
      vertex   6.946976e+00 1.532077e+01 -9.797119e+00
    endloop
  endfacet
  facet normal 7.831586e-15 -9.805807e-01 1.961161e-01
    outer loop
      vertex   8.300000e+00 1.412020e+01 -1.580000e+01
      vertex   6.946976e+00 1.532077e+01 -9.797119e+00
      vertex   6.818796e+00 1.531944e+01 -9.803773e+00
    endloop
  endfacet
  facet normal -2.754427e-15 -9.805807e-01 1.961161e-01
    outer loop
      vertex   6.818796e+00 1.531944e+01 -9.803773e+00
      vertex   6.690495e+00 1.532017e+01 -9.800132e+00
      vertex   8.300000e+00 1.412020e+01 -1.580000e+01
    endloop
  endfacet
  facet normal -3.515759e-15 -9.805807e-01 1.961161e-01
    outer loop
      vertex   8.300000e+00 1.412020e+01 -1.580000e+01
      vertex   6.690495e+00 1.532017e+01 -9.800132e+00
      vertex   6.562899e+00 1.532295e+01 -9.786219e+00
    endloop
  endfacet
  facet normal -2.431743e-15 -9.805807e-01 1.961161e-01
    outer loop
      vertex   8.300000e+00 1.412020e+01 -1.580000e+01
      vertex   6.562899e+00 1.532295e+01 -9.786219e+00
      vertex   6.436829e+00 1.532777e+01 -9.762122e+00
    endloop
  endfacet
  facet normal 1.215476e-14 -9.805807e-01 1.961161e-01
    outer loop
      vertex   6.436829e+00 1.532777e+01 -9.762122e+00
      vertex   6.313096e+00 1.533460e+01 -9.727998e+00
      vertex   8.300000e+00 1.412020e+01 -1.580000e+01
    endloop
  endfacet
  facet normal -2.025441e-14 -9.805807e-01 1.961161e-01
    outer loop
      vertex   8.300000e+00 1.412020e+01 -1.580000e+01
      vertex   6.313096e+00 1.533460e+01 -9.727998e+00
      vertex   6.192496e+00 1.534338e+01 -9.684066e+00
    endloop
  endfacet
  facet normal 0.000000e+00 -9.805807e-01 1.961161e-01
    outer loop
      vertex   8.300000e+00 1.412020e+01 -1.580000e+01
      vertex   6.192496e+00 1.534338e+01 -9.684066e+00
      vertex   1.900000e+00 1.412020e+01 -1.580000e+01
    endloop
  endfacet
  facet normal 9.234400e-15 -9.805807e-01 1.961161e-01
    outer loop
      vertex   1.900000e+00 1.412020e+01 -1.580000e+01
      vertex   6.192496e+00 1.534338e+01 -9.684066e+00
      vertex   6.075806e+00 1.535407e+01 -9.630608e+00
    endloop
  endfacet
  facet normal -2.742441e-15 -9.805807e-01 1.961161e-01
    outer loop
      vertex   1.900000e+00 1.412020e+01 -1.580000e+01
      vertex   6.075806e+00 1.535407e+01 -9.630608e+00
      vertex   5.963776e+00 1.536660e+01 -9.567969e+00
    endloop
  endfacet
  facet normal 2.009474e-15 -9.805807e-01 1.961161e-01
    outer loop
      vertex   5.963776e+00 1.536660e+01 -9.567969e+00
      vertex   5.857127e+00 1.538089e+01 -9.496552e+00
      vertex   1.900000e+00 1.412020e+01 -1.580000e+01
    endloop
  endfacet
  facet normal -5.503324e-15 -9.805807e-01 1.961161e-01
    outer loop
      vertex   1.900000e+00 1.412020e+01 -1.580000e+01
      vertex   5.857127e+00 1.538089e+01 -9.496552e+00
      vertex   5.756546e+00 1.539683e+01 -9.416816e+00
    endloop
  endfacet
  facet normal 1.487543e-14 -9.805807e-01 1.961161e-01
    outer loop
      vertex   1.900000e+00 1.412020e+01 -1.580000e+01
      vertex   5.756546e+00 1.539683e+01 -9.416816e+00
      vertex   5.662680e+00 1.541434e+01 -9.329274e+00
    endloop
  endfacet
  facet normal -1.778487e-14 -9.805807e-01 1.961161e-01
    outer loop
      vertex   5.662680e+00 1.541434e+01 -9.329274e+00
      vertex   5.576133e+00 1.543330e+01 -9.234490e+00
      vertex   1.900000e+00 1.412020e+01 -1.580000e+01
    endloop
  endfacet
  facet normal -1.958612e-15 -9.805807e-01 1.961161e-01
    outer loop
      vertex   1.900000e+00 1.412020e+01 -1.580000e+01
      vertex   5.576133e+00 1.543330e+01 -9.234490e+00
      vertex   5.497462e+00 1.545358e+01 -9.133074e+00
    endloop
  endfacet
  facet normal 8.149417e-15 -9.805807e-01 1.961161e-01
    outer loop
      vertex   1.900000e+00 1.412020e+01 -1.580000e+01
      vertex   5.497462e+00 1.545358e+01 -9.133074e+00
      vertex   5.427173e+00 1.547506e+01 -9.025679e+00
    endloop
  endfacet
  facet normal 8.160615e-15 -9.805807e-01 1.961161e-01
    outer loop
      vertex   5.427173e+00 1.547506e+01 -9.025679e+00
      vertex   5.365719e+00 1.549760e+01 -8.912994e+00
      vertex   1.900000e+00 1.412020e+01 -1.580000e+01
    endloop
  endfacet
  facet normal -1.452575e-15 -9.805807e-01 1.961161e-01
    outer loop
      vertex   1.900000e+00 1.412020e+01 -1.580000e+01
      vertex   5.365719e+00 1.549760e+01 -8.912994e+00
      vertex   1.900000e+00 1.591942e+01 -6.803884e+00
    endloop
  endfacet
  facet normal 3.675431e-16 -9.805807e-01 1.961161e-01
    outer loop
      vertex   1.900000e+00 1.591942e+01 -6.803884e+00
      vertex   5.365719e+00 1.549760e+01 -8.912994e+00
      vertex   5.313495e+00 1.552105e+01 -8.795747e+00
    endloop
  endfacet
  facet normal 8.622920e-15 -9.805807e-01 1.961161e-01
    outer loop
      vertex   1.900000e+00 1.591942e+01 -6.803884e+00
      vertex   5.313495e+00 1.552105e+01 -8.795747e+00
      vertex   5.270836e+00 1.554526e+01 -8.674691e+00
    endloop
  endfacet
  facet normal -6.558603e-15 -9.805807e-01 1.961161e-01
    outer loop
      vertex   5.270836e+00 1.554526e+01 -8.674691e+00
      vertex   5.238019e+00 1.557008e+01 -8.550604e+00
      vertex   1.900000e+00 1.591942e+01 -6.803884e+00
    endloop
  endfacet
  facet normal 2.850767e-16 -9.805807e-01 1.961161e-01
    outer loop
      vertex   1.900000e+00 1.591942e+01 -6.803884e+00
      vertex   5.238019e+00 1.557008e+01 -8.550604e+00
      vertex   5.215253e+00 1.559534e+01 -8.424287e+00
    endloop
  endfacet
  facet normal -2.565615e-15 -9.805807e-01 1.961161e-01
    outer loop
      vertex   1.900000e+00 1.591942e+01 -6.803884e+00
      vertex   5.215253e+00 1.559534e+01 -8.424287e+00
      vertex   5.202686e+00 1.562089e+01 -8.296551e+00
    endloop
  endfacet
  facet normal 2.427596e-15 -9.805807e-01 1.961161e-01
    outer loop
      vertex   5.202686e+00 1.562089e+01 -8.296551e+00
      vertex   5.200398e+00 1.564655e+01 -8.168219e+00
      vertex   1.900000e+00 1.591942e+01 -6.803884e+00
    endloop
  endfacet
  facet normal -6.400774e-15 -9.805807e-01 1.961161e-01
    outer loop
      vertex   1.900000e+00 1.591942e+01 -6.803884e+00
      vertex   5.200398e+00 1.564655e+01 -8.168219e+00
      vertex   5.208403e+00 1.567217e+01 -8.040117e+00
    endloop
  endfacet
  facet normal 1.966485e-15 -9.805807e-01 1.961161e-01
    outer loop
      vertex   1.900000e+00 1.591942e+01 -6.803884e+00
      vertex   5.208403e+00 1.567217e+01 -8.040117e+00
      vertex   5.226651e+00 1.569758e+01 -7.913068e+00
    endloop
  endfacet
  facet normal -1.595107e-16 -9.805807e-01 1.961161e-01
    outer loop
      vertex   5.226651e+00 1.569758e+01 -7.913068e+00
      vertex   5.255024e+00 1.572262e+01 -7.787891e+00
      vertex   1.900000e+00 1.591942e+01 -6.803884e+00
    endloop
  endfacet
  facet normal -4.731276e-15 -9.805807e-01 1.961161e-01
    outer loop
      vertex   1.900000e+00 1.591942e+01 -6.803884e+00
      vertex   5.255024e+00 1.572262e+01 -7.787891e+00
      vertex   5.293340e+00 1.574712e+01 -7.665391e+00
    endloop
  endfacet
  facet normal 2.994947e-15 -9.805807e-01 1.961161e-01
    outer loop
      vertex   1.900000e+00 1.591942e+01 -6.803884e+00
      vertex   5.293340e+00 1.574712e+01 -7.665391e+00
      vertex   5.341351e+00 1.577092e+01 -7.546356e+00
    endloop
  endfacet
  facet normal -2.215219e-15 -9.805807e-01 1.961161e-01
    outer loop
      vertex   5.341351e+00 1.577092e+01 -7.546356e+00
      vertex   5.398749e+00 1.579389e+01 -7.431553e+00
      vertex   1.900000e+00 1.591942e+01 -6.803884e+00
    endloop
  endfacet
  facet normal -4.472567e-16 -9.805807e-01 1.961161e-01
    outer loop
      vertex   1.900000e+00 1.591942e+01 -6.803884e+00
      vertex   5.398749e+00 1.579389e+01 -7.431553e+00
      vertex   5.465164e+00 1.581585e+01 -7.321719e+00
    endloop
  endfacet
  facet normal -1.492957e-15 -9.805807e-01 1.961161e-01
    outer loop
      vertex   1.900000e+00 1.591942e+01 -6.803884e+00
      vertex   5.465164e+00 1.581585e+01 -7.321719e+00
      vertex   5.540170e+00 1.583668e+01 -7.217563e+00
    endloop
  endfacet
  facet normal -2.069528e-15 -9.805807e-01 1.961161e-01
    outer loop
      vertex   5.540170e+00 1.583668e+01 -7.217563e+00
      vertex   5.623283e+00 1.585625e+01 -7.119754e+00
      vertex   1.900000e+00 1.591942e+01 -6.803884e+00
    endloop
  endfacet
  facet normal -7.604695e-16 -9.805807e-01 1.961161e-01
    outer loop
      vertex   1.900000e+00 1.591942e+01 -6.803884e+00
      vertex   5.623283e+00 1.585625e+01 -7.119754e+00
      vertex   5.713968e+00 1.587441e+01 -7.028922e+00
    endloop
  endfacet
  facet normal -1.066987e-15 -9.805807e-01 1.961161e-01
    outer loop
      vertex   1.900000e+00 1.591942e+01 -6.803884e+00
      vertex   5.713968e+00 1.587441e+01 -7.028922e+00
      vertex   5.811643e+00 1.589107e+01 -6.945651e+00
    endloop
  endfacet
  facet normal -1.059008e-15 -9.805807e-01 1.961161e-01
    outer loop
      vertex   5.811643e+00 1.589107e+01 -6.945651e+00
      vertex   5.915678e+00 1.590610e+01 -6.870477e+00
      vertex   1.900000e+00 1.591942e+01 -6.803884e+00
    endloop
  endfacet
  facet normal 0.000000e+00 -9.805807e-01 1.961161e-01
    outer loop
      vertex   1.900000e+00 1.591942e+01 -6.803884e+00
      vertex   5.915678e+00 1.590610e+01 -6.870477e+00
      vertex   6.025403e+00 1.591942e+01 -6.803884e+00
    endloop
  endfacet
  facet normal 0.000000e+00 1.961161e-01 9.805807e-01
    outer loop
      vertex   2.350000e+01 1.690000e+01 -7.000000e+00
      vertex   1.710000e+01 1.690000e+01 -7.000000e+00
      vertex   2.350000e+01 1.591942e+01 -6.803884e+00
    endloop
  endfacet
  facet normal 0.000000e+00 1.961161e-01 9.805807e-01
    outer loop
      vertex   2.350000e+01 1.591942e+01 -6.803884e+00
      vertex   1.710000e+01 1.690000e+01 -7.000000e+00
      vertex   1.710000e+01 1.591942e+01 -6.803884e+00
    endloop
  endfacet
  facet normal 0.000000e+00 -9.805807e-01 1.961161e-01
    outer loop
      vertex   2.350000e+01 1.412020e+01 -1.580000e+01
      vertex   2.350000e+01 1.591942e+01 -6.803884e+00
      vertex   1.710000e+01 1.412020e+01 -1.580000e+01
    endloop
  endfacet
  facet normal 0.000000e+00 -9.805807e-01 1.961161e-01
    outer loop
      vertex   1.710000e+01 1.412020e+01 -1.580000e+01
      vertex   2.350000e+01 1.591942e+01 -6.803884e+00
      vertex   1.710000e+01 1.591942e+01 -6.803884e+00
    endloop
  endfacet
  facet normal -1.000000e+00 -5.335664e-16 1.067133e-16
    outer loop
      vertex   1.900000e+00 1.591942e+01 -6.803884e+00
      vertex   1.900000e+00 1.797942e+01 -1.106917e+01
      vertex   1.900000e+00 1.412020e+01 -1.580000e+01
    endloop
  endfacet
  facet normal -1.000000e+00 -4.425390e-16 3.245659e-17
    outer loop
      vertex   1.900000e+00 1.412020e+01 -1.580000e+01
      vertex   1.900000e+00 1.797942e+01 -1.106917e+01
      vertex   1.900000e+00 1.795372e+01 -1.141963e+01
    endloop
  endfacet
  facet normal -1.000000e+00 -4.594506e-16 4.725697e-17
    outer loop
      vertex   1.900000e+00 1.412020e+01 -1.580000e+01
      vertex   1.900000e+00 1.795372e+01 -1.141963e+01
      vertex   1.900000e+00 1.791777e+01 -1.176918e+01
    endloop
  endfacet
  facet normal -1.000000e+00 -1.858228e-16 2.030960e-16
    outer loop
      vertex   1.900000e+00 1.690000e+01 -7.000000e+00
      vertex   1.900000e+00 1.800000e+01 -1.036675e+01
      vertex   1.900000e+00 1.591942e+01 -6.803884e+00
    endloop
  endfacet
  facet normal -1.000000e+00 1.590866e-15 1.240616e-15
    outer loop
      vertex   1.900000e+00 1.591942e+01 -6.803884e+00
      vertex   1.900000e+00 1.800000e+01 -1.036675e+01
      vertex   1.900000e+00 1.799485e+01 -1.071811e+01
    endloop
  endfacet
  facet normal -1.000000e+00 -6.915787e-16 3.039813e-17
    outer loop
      vertex   1.900000e+00 1.591942e+01 -6.803884e+00
      vertex   1.900000e+00 1.799485e+01 -1.071811e+01
      vertex   1.900000e+00 1.797942e+01 -1.106917e+01
    endloop
  endfacet
  facet normal -1.000000e+00 -8.074349e-15 -2.374279e-15
    outer loop
      vertex   1.900000e+00 1.690000e+01 -7.000000e+00
      vertex   1.900000e+00 1.800000e+01 -7.000000e+00
      vertex   1.900000e+00 1.800000e+01 -1.036675e+01
    endloop
  endfacet
  facet normal -1.000000e+00 -4.763012e-16 6.313248e-17
    outer loop
      vertex   1.900000e+00 1.791777e+01 -1.176918e+01
      vertex   1.900000e+00 1.787159e+01 -1.211754e+01
      vertex   1.900000e+00 1.412020e+01 -1.580000e+01
    endloop
  endfacet
  facet normal -1.000000e+00 -4.929466e-16 8.008946e-17
    outer loop
      vertex   1.900000e+00 1.412020e+01 -1.580000e+01
      vertex   1.900000e+00 1.787159e+01 -1.211754e+01
      vertex   1.900000e+00 1.781524e+01 -1.246439e+01
    endloop
  endfacet
  facet normal -1.000000e+00 -5.092203e-16 9.811684e-17
    outer loop
      vertex   1.900000e+00 1.412020e+01 -1.580000e+01
      vertex   1.900000e+00 1.781524e+01 -1.246439e+01
      vertex   1.900000e+00 1.774876e+01 -1.280944e+01
    endloop
  endfacet
  facet normal -1.000000e+00 -5.249339e-16 1.171826e-16
    outer loop
      vertex   1.900000e+00 1.774876e+01 -1.280944e+01
      vertex   1.900000e+00 1.767220e+01 -1.315240e+01
      vertex   1.900000e+00 1.412020e+01 -1.580000e+01
    endloop
  endfacet
  facet normal -1.000000e+00 5.970038e-17 -6.671571e-16
    outer loop
      vertex   1.900000e+00 1.412020e+01 -1.580000e+01
      vertex   1.900000e+00 1.767220e+01 -1.315240e+01
      vertex   1.900000e+00 1.758563e+01 -1.349296e+01
    endloop
  endfacet
  facet normal -1.000000e+00 -4.747034e-16 1.355787e-16
    outer loop
      vertex   1.900000e+00 1.412020e+01 -1.580000e+01
      vertex   1.900000e+00 1.758563e+01 -1.349296e+01
      vertex   1.900000e+00 1.748913e+01 -1.383085e+01
    endloop
  endfacet
  facet normal -1.000000e+00 -4.855887e-16 1.542019e-16
    outer loop
      vertex   1.900000e+00 1.748913e+01 -1.383085e+01
      vertex   1.900000e+00 1.738277e+01 -1.416577e+01
      vertex   1.900000e+00 1.412020e+01 -1.580000e+01
    endloop
  endfacet
  facet normal -1.000000e+00 -4.951894e-16 1.733688e-16
    outer loop
      vertex   1.900000e+00 1.412020e+01 -1.580000e+01
      vertex   1.900000e+00 1.738277e+01 -1.416577e+01
      vertex   1.900000e+00 1.726665e+01 -1.449743e+01
    endloop
  endfacet
  facet normal -1.000000e+00 -5.032850e-16 1.929241e-16
    outer loop
      vertex   1.900000e+00 1.412020e+01 -1.580000e+01
      vertex   1.900000e+00 1.726665e+01 -1.449743e+01
      vertex   1.900000e+00 1.714088e+01 -1.482555e+01
    endloop
  endfacet
  facet normal -1.000000e+00 -5.096598e-16 2.126853e-16
    outer loop
      vertex   1.900000e+00 1.714088e+01 -1.482555e+01
      vertex   1.900000e+00 1.700555e+01 -1.514984e+01
      vertex   1.900000e+00 1.412020e+01 -1.580000e+01
    endloop
  endfacet
  facet normal -1.000000e+00 -5.141121e-16 2.324444e-16
    outer loop
      vertex   1.900000e+00 1.412020e+01 -1.580000e+01
      vertex   1.900000e+00 1.700555e+01 -1.514984e+01
      vertex   1.900000e+00 1.686078e+01 -1.547003e+01
    endloop
  endfacet
  facet normal -1.000000e+00 -5.164634e-16 2.519732e-16
    outer loop
      vertex   1.900000e+00 1.412020e+01 -1.580000e+01
      vertex   1.900000e+00 1.686078e+01 -1.547003e+01
      vertex   1.900000e+00 1.670670e+01 -1.578585e+01
    endloop
  endfacet
  facet normal -1.000000e+00 -5.126527e-16 -4.446057e-16
    outer loop
      vertex   1.900000e+00 1.670670e+01 -1.578585e+01
      vertex   1.900000e+00 1.654343e+01 -1.609702e+01
      vertex   1.900000e+00 1.412020e+01 -1.580000e+01
    endloop
  endfacet
  facet normal -1.000000e+00 -4.286004e-16 2.411359e-16
    outer loop
      vertex   1.900000e+00 1.412020e+01 -1.580000e+01
      vertex   1.900000e+00 1.654343e+01 -1.609702e+01
      vertex   1.900000e+00 1.637113e+01 -1.640328e+01
    endloop
  endfacet
  facet normal -1.000000e+00 -4.247218e-16 2.556075e-16
    outer loop
      vertex   1.900000e+00 1.412020e+01 -1.580000e+01
      vertex   1.900000e+00 1.637113e+01 -1.640328e+01
      vertex   1.900000e+00 1.618993e+01 -1.670436e+01
    endloop
  endfacet
  facet normal -1.000000e+00 -2.981211e-15 -5.595262e-15
    outer loop
      vertex   1.900000e+00 1.618993e+01 -1.670436e+01
      vertex   1.900000e+00 1.600000e+01 -1.700000e+01
      vertex   1.900000e+00 1.412020e+01 -1.580000e+01
    endloop
  endfacet
  facet normal -1.000000e+00 1.387779e-16 -7.077899e-16
    outer loop
      vertex   1.900000e+00 1.412020e+01 -1.580000e+01
      vertex   1.900000e+00 1.600000e+01 -1.700000e+01
      vertex   1.900000e+00 6.400000e+00 -1.700000e+01
    endloop
  endfacet
  facet normal -1.000000e+00 2.876152e-17 0.000000e+00
    outer loop
      vertex   1.900000e+00 1.412020e+01 -1.580000e+01
      vertex   1.900000e+00 6.400000e+00 -1.700000e+01
      vertex   1.900000e+00 6.400000e+00 -1.580000e+01
    endloop
  endfacet
  facet normal 0.000000e+00 0.000000e+00 1.000000e+00
    outer loop
      vertex   2.350000e+01 1.800000e+01 -7.000000e+00
      vertex   1.710000e+01 1.800000e+01 -7.000000e+00
      vertex   2.350000e+01 1.690000e+01 -7.000000e+00
    endloop
  endfacet
  facet normal 0.000000e+00 0.000000e+00 1.000000e+00
    outer loop
      vertex   2.350000e+01 1.690000e+01 -7.000000e+00
      vertex   1.710000e+01 1.800000e+01 -7.000000e+00
      vertex   1.710000e+01 1.690000e+01 -7.000000e+00
    endloop
  endfacet
  facet normal 0.000000e+00 -1.000000e+00 0.000000e+00
    outer loop
      vertex   1.900000e+00 6.400000e+00 -1.580000e+01
      vertex   1.900000e+00 6.400000e+00 -1.700000e+01
      vertex   2.350000e+01 6.400000e+00 -1.580000e+01
    endloop
  endfacet
  facet normal 0.000000e+00 -1.000000e+00 -0.000000e+00
    outer loop
      vertex   2.350000e+01 6.400000e+00 -1.580000e+01
      vertex   1.900000e+00 6.400000e+00 -1.700000e+01
      vertex   2.350000e+01 6.400000e+00 -1.700000e+01
    endloop
  endfacet
  facet normal 0.000000e+00 1.000000e+00 0.000000e+00
    outer loop
      vertex   8.300000e+00 1.240000e+01 -1.700000e+01
      vertex   8.300000e+00 1.240000e+01 -1.580000e+01
      vertex   1.710000e+01 1.240000e+01 -1.700000e+01
    endloop
  endfacet
  facet normal 0.000000e+00 1.000000e+00 -0.000000e+00
    outer loop
      vertex   1.710000e+01 1.240000e+01 -1.700000e+01
      vertex   8.300000e+00 1.240000e+01 -1.580000e+01
      vertex   1.710000e+01 1.240000e+01 -1.580000e+01
    endloop
  endfacet
  facet normal 1.000000e+00 -0.000000e+00 0.000000e+00
    outer loop
      vertex   2.350000e+01 6.400000e+00 -1.580000e+01
      vertex   2.350000e+01 6.400000e+00 -1.700000e+01
      vertex   2.350000e+01 1.412020e+01 -1.580000e+01
    endloop
  endfacet
  facet normal 1.000000e+00 0.000000e+00 0.000000e+00
    outer loop
      vertex   2.350000e+01 1.412020e+01 -1.580000e+01
      vertex   2.350000e+01 6.400000e+00 -1.700000e+01
      vertex   2.350000e+01 1.600000e+01 -1.700000e+01
    endloop
  endfacet
  facet normal 1.000000e+00 0.000000e+00 0.000000e+00
    outer loop
      vertex   2.350000e+01 1.412020e+01 -1.580000e+01
      vertex   2.350000e+01 1.600000e+01 -1.700000e+01
      vertex   2.350000e+01 1.618993e+01 -1.670436e+01
    endloop
  endfacet
  facet normal 1.000000e+00 0.000000e+00 -0.000000e+00
    outer loop
      vertex   2.350000e+01 1.618993e+01 -1.670436e+01
      vertex   2.350000e+01 1.637113e+01 -1.640328e+01
      vertex   2.350000e+01 1.412020e+01 -1.580000e+01
    endloop
  endfacet
  facet normal 1.000000e+00 0.000000e+00 0.000000e+00
    outer loop
      vertex   2.350000e+01 1.412020e+01 -1.580000e+01
      vertex   2.350000e+01 1.637113e+01 -1.640328e+01
      vertex   2.350000e+01 1.654343e+01 -1.609702e+01
    endloop
  endfacet
  facet normal 1.000000e+00 -0.000000e+00 0.000000e+00
    outer loop
      vertex   2.350000e+01 1.412020e+01 -1.580000e+01
      vertex   2.350000e+01 1.654343e+01 -1.609702e+01
      vertex   2.350000e+01 1.670670e+01 -1.578585e+01
    endloop
  endfacet
  facet normal 1.000000e+00 0.000000e+00 -0.000000e+00
    outer loop
      vertex   2.350000e+01 1.670670e+01 -1.578585e+01
      vertex   2.350000e+01 1.686078e+01 -1.547003e+01
      vertex   2.350000e+01 1.412020e+01 -1.580000e+01
    endloop
  endfacet
  facet normal 1.000000e+00 0.000000e+00 0.000000e+00
    outer loop
      vertex   2.350000e+01 1.412020e+01 -1.580000e+01
      vertex   2.350000e+01 1.686078e+01 -1.547003e+01
      vertex   2.350000e+01 1.700555e+01 -1.514984e+01
    endloop
  endfacet
  facet normal 1.000000e+00 0.000000e+00 0.000000e+00
    outer loop
      vertex   2.350000e+01 1.412020e+01 -1.580000e+01
      vertex   2.350000e+01 1.700555e+01 -1.514984e+01
      vertex   2.350000e+01 1.714088e+01 -1.482555e+01
    endloop
  endfacet
  facet normal 1.000000e+00 0.000000e+00 -0.000000e+00
    outer loop
      vertex   2.350000e+01 1.714088e+01 -1.482555e+01
      vertex   2.350000e+01 1.726665e+01 -1.449743e+01
      vertex   2.350000e+01 1.412020e+01 -1.580000e+01
    endloop
  endfacet
  facet normal 1.000000e+00 0.000000e+00 0.000000e+00
    outer loop
      vertex   2.350000e+01 1.412020e+01 -1.580000e+01
      vertex   2.350000e+01 1.726665e+01 -1.449743e+01
      vertex   2.350000e+01 1.738277e+01 -1.416577e+01
    endloop
  endfacet
  facet normal 1.000000e+00 0.000000e+00 0.000000e+00
    outer loop
      vertex   2.350000e+01 1.412020e+01 -1.580000e+01
      vertex   2.350000e+01 1.738277e+01 -1.416577e+01
      vertex   2.350000e+01 1.748913e+01 -1.383085e+01
    endloop
  endfacet
  facet normal 1.000000e+00 0.000000e+00 -0.000000e+00
    outer loop
      vertex   2.350000e+01 1.748913e+01 -1.383085e+01
      vertex   2.350000e+01 1.758563e+01 -1.349296e+01
      vertex   2.350000e+01 1.412020e+01 -1.580000e+01
    endloop
  endfacet
  facet normal 1.000000e+00 0.000000e+00 0.000000e+00
    outer loop
      vertex   2.350000e+01 1.412020e+01 -1.580000e+01
      vertex   2.350000e+01 1.758563e+01 -1.349296e+01
      vertex   2.350000e+01 1.767220e+01 -1.315240e+01
    endloop
  endfacet
  facet normal 1.000000e+00 0.000000e+00 0.000000e+00
    outer loop
      vertex   2.350000e+01 1.412020e+01 -1.580000e+01
      vertex   2.350000e+01 1.767220e+01 -1.315240e+01
      vertex   2.350000e+01 1.774876e+01 -1.280944e+01
    endloop
  endfacet
  facet normal 1.000000e+00 0.000000e+00 -0.000000e+00
    outer loop
      vertex   2.350000e+01 1.774876e+01 -1.280944e+01
      vertex   2.350000e+01 1.781524e+01 -1.246439e+01
      vertex   2.350000e+01 1.412020e+01 -1.580000e+01
    endloop
  endfacet
  facet normal 1.000000e+00 0.000000e+00 0.000000e+00
    outer loop
      vertex   2.350000e+01 1.412020e+01 -1.580000e+01
      vertex   2.350000e+01 1.781524e+01 -1.246439e+01
      vertex   2.350000e+01 1.787159e+01 -1.211754e+01
    endloop
  endfacet
  facet normal 1.000000e+00 0.000000e+00 0.000000e+00
    outer loop
      vertex   2.350000e+01 1.412020e+01 -1.580000e+01
      vertex   2.350000e+01 1.787159e+01 -1.211754e+01
      vertex   2.350000e+01 1.791777e+01 -1.176918e+01
    endloop
  endfacet
  facet normal 1.000000e+00 0.000000e+00 -0.000000e+00
    outer loop
      vertex   2.350000e+01 1.791777e+01 -1.176918e+01
      vertex   2.350000e+01 1.795372e+01 -1.141963e+01
      vertex   2.350000e+01 1.412020e+01 -1.580000e+01
    endloop
  endfacet
  facet normal 1.000000e+00 0.000000e+00 0.000000e+00
    outer loop
      vertex   2.350000e+01 1.412020e+01 -1.580000e+01
      vertex   2.350000e+01 1.795372e+01 -1.141963e+01
      vertex   2.350000e+01 1.797942e+01 -1.106917e+01
    endloop
  endfacet
  facet normal 1.000000e+00 0.000000e+00 0.000000e+00
    outer loop
      vertex   2.350000e+01 1.412020e+01 -1.580000e+01
      vertex   2.350000e+01 1.797942e+01 -1.106917e+01
      vertex   2.350000e+01 1.591942e+01 -6.803884e+00
    endloop
  endfacet
  facet normal 1.000000e+00 0.000000e+00 0.000000e+00
    outer loop
      vertex   2.350000e+01 1.591942e+01 -6.803884e+00
      vertex   2.350000e+01 1.797942e+01 -1.106917e+01
      vertex   2.350000e+01 1.799485e+01 -1.071811e+01
    endloop
  endfacet
  facet normal 1.000000e+00 0.000000e+00 0.000000e+00
    outer loop
      vertex   2.350000e+01 1.591942e+01 -6.803884e+00
      vertex   2.350000e+01 1.799485e+01 -1.071811e+01
      vertex   2.350000e+01 1.800000e+01 -1.036675e+01
    endloop
  endfacet
  facet normal 1.000000e+00 9.689219e-15 3.165706e-15
    outer loop
      vertex   2.350000e+01 1.800000e+01 -7.000000e+00
      vertex   2.350000e+01 1.690000e+01 -7.000000e+00
      vertex   2.350000e+01 1.800000e+01 -1.036675e+01
    endloop
  endfacet
  facet normal 1.000000e+00 0.000000e+00 0.000000e+00
    outer loop
      vertex   2.350000e+01 1.800000e+01 -1.036675e+01
      vertex   2.350000e+01 1.690000e+01 -7.000000e+00
      vertex   2.350000e+01 1.591942e+01 -6.803884e+00
    endloop
  endfacet
  facet normal -2.335181e-16 8.413375e-01 -5.405102e-01
    outer loop
      vertex   8.300000e+00 1.600000e+01 -1.700000e+01
      vertex   1.900000e+00 1.600000e+01 -1.700000e+01
      vertex   8.300000e+00 1.618993e+01 -1.670436e+01
    endloop
  endfacet
  facet normal -4.670361e-16 8.413375e-01 -5.405102e-01
    outer loop
      vertex   8.300000e+00 1.618993e+01 -1.670436e+01
      vertex   1.900000e+00 1.600000e+01 -1.700000e+01
      vertex   1.900000e+00 1.618993e+01 -1.670436e+01
    endloop
  endfacet
  facet normal -4.756212e-16 8.568029e-01 -5.156440e-01
    outer loop
      vertex   8.300000e+00 1.618993e+01 -1.670436e+01
      vertex   1.900000e+00 1.618993e+01 -1.670436e+01
      vertex   8.300000e+00 1.637113e+01 -1.640328e+01
    endloop
  endfacet
  facet normal 0.000000e+00 8.568029e-01 -5.156440e-01
    outer loop
      vertex   8.300000e+00 1.637113e+01 -1.640328e+01
      vertex   1.900000e+00 1.618993e+01 -1.670436e+01
      vertex   1.900000e+00 1.637113e+01 -1.640328e+01
    endloop
  endfacet
  facet normal 0.000000e+00 8.715337e-01 -4.903357e-01
    outer loop
      vertex   8.300000e+00 1.637113e+01 -1.640328e+01
      vertex   1.900000e+00 1.637113e+01 -1.640328e+01
      vertex   8.300000e+00 1.654343e+01 -1.609702e+01
    endloop
  endfacet
  facet normal 4.837984e-16 8.715337e-01 -4.903357e-01
    outer loop
      vertex   8.300000e+00 1.654343e+01 -1.609702e+01
      vertex   1.900000e+00 1.637113e+01 -1.640328e+01
      vertex   1.900000e+00 1.654343e+01 -1.609702e+01
    endloop
  endfacet
  facet normal 4.915607e-16 8.855171e-01 -4.646068e-01
    outer loop
      vertex   8.300000e+00 1.654343e+01 -1.609702e+01
      vertex   1.900000e+00 1.654343e+01 -1.609702e+01
      vertex   8.300000e+00 1.670670e+01 -1.578585e+01
    endloop
  endfacet
  facet normal 0.000000e+00 8.855171e-01 -4.646068e-01
    outer loop
      vertex   8.300000e+00 1.670670e+01 -1.578585e+01
      vertex   1.900000e+00 1.654343e+01 -1.609702e+01
      vertex   1.900000e+00 1.670670e+01 -1.578585e+01
    endloop
  endfacet
  facet normal 0.000000e+00 8.987411e-01 -4.384796e-01
    outer loop
      vertex   8.300000e+00 1.670670e+01 -1.578585e+01
      vertex   1.900000e+00 1.670670e+01 -1.578585e+01
      vertex   8.300000e+00 1.686078e+01 -1.547003e+01
    endloop
  endfacet
  facet normal -4.989015e-16 8.987411e-01 -4.384796e-01
    outer loop
      vertex   8.300000e+00 1.686078e+01 -1.547003e+01
      vertex   1.900000e+00 1.670670e+01 -1.578585e+01
      vertex   1.900000e+00 1.686078e+01 -1.547003e+01
    endloop
  endfacet
  facet normal -5.058146e-16 9.111945e-01 -4.119764e-01
    outer loop
      vertex   8.300000e+00 1.686078e+01 -1.547003e+01
      vertex   1.900000e+00 1.686078e+01 -1.547003e+01
      vertex   8.300000e+00 1.700555e+01 -1.514984e+01
    endloop
  endfacet
  facet normal -1.143464e-16 9.111945e-01 -4.119764e-01
    outer loop
      vertex   8.300000e+00 1.700555e+01 -1.514984e+01
      vertex   1.900000e+00 1.686078e+01 -1.547003e+01
      vertex   1.900000e+00 1.700555e+01 -1.514984e+01
    endloop
  endfacet
  facet normal -1.068922e-16 9.228665e-01 -3.851199e-01
    outer loop
      vertex   8.300000e+00 1.700555e+01 -1.514984e+01
      vertex   1.900000e+00 1.700555e+01 -1.514984e+01
      vertex   8.300000e+00 1.714088e+01 -1.482555e+01
    endloop
  endfacet
  facet normal -7.260783e-16 9.228665e-01 -3.851199e-01
    outer loop
      vertex   8.300000e+00 1.714088e+01 -1.482555e+01
      vertex   1.900000e+00 1.700555e+01 -1.514984e+01
      vertex   1.900000e+00 1.714088e+01 -1.482555e+01
    endloop
  endfacet
  facet normal -7.170266e-16 9.337472e-01 -3.579332e-01
    outer loop
      vertex   8.300000e+00 1.714088e+01 -1.482555e+01
      vertex   1.900000e+00 1.714088e+01 -1.482555e+01
      vertex   8.300000e+00 1.726665e+01 -1.449743e+01
    endloop
  endfacet
  facet normal -5.183338e-16 9.337472e-01 -3.579332e-01
    outer loop
      vertex   8.300000e+00 1.726665e+01 -1.449743e+01
      vertex   1.900000e+00 1.714088e+01 -1.482555e+01
      vertex   1.900000e+00 1.726665e+01 -1.449743e+01
    endloop
  endfacet
  facet normal -5.239293e-16 9.438272e-01 -3.304395e-01
    outer loop
      vertex   8.300000e+00 1.726665e+01 -1.449743e+01
      vertex   1.900000e+00 1.726665e+01 -1.449743e+01
      vertex   8.300000e+00 1.738277e+01 -1.416577e+01
    endloop
  endfacet
  facet normal 0.000000e+00 9.438272e-01 -3.304395e-01
    outer loop
      vertex   8.300000e+00 1.738277e+01 -1.416577e+01
      vertex   1.900000e+00 1.726665e+01 -1.449743e+01
      vertex   1.900000e+00 1.738277e+01 -1.416577e+01
    endloop
  endfacet
  facet normal 0.000000e+00 9.530978e-01 -3.026625e-01
    outer loop
      vertex   8.300000e+00 1.738277e+01 -1.416577e+01
      vertex   1.900000e+00 1.738277e+01 -1.416577e+01
      vertex   8.300000e+00 1.748913e+01 -1.383085e+01
    endloop
  endfacet
  facet normal -1.680114e-16 9.530978e-01 -3.026625e-01
    outer loop
      vertex   8.300000e+00 1.748913e+01 -1.383085e+01
      vertex   1.900000e+00 1.738277e+01 -1.416577e+01
      vertex   1.900000e+00 1.748913e+01 -1.383085e+01
    endloop
  endfacet
  facet normal -1.524480e-16 9.615511e-01 -2.746259e-01
    outer loop
      vertex   8.300000e+00 1.748913e+01 -1.383085e+01
      vertex   1.900000e+00 1.748913e+01 -1.383085e+01
      vertex   8.300000e+00 1.758563e+01 -1.349296e+01
    endloop
  endfacet
  facet normal -7.622400e-17 9.615511e-01 -2.746259e-01
    outer loop
      vertex   8.300000e+00 1.758563e+01 -1.349296e+01
      vertex   1.900000e+00 1.748913e+01 -1.383085e+01
      vertex   1.900000e+00 1.758563e+01 -1.349296e+01
    endloop
  endfacet
  facet normal -6.837693e-17 9.691800e-01 -2.463539e-01
    outer loop
      vertex   8.300000e+00 1.758563e+01 -1.349296e+01
      vertex   1.900000e+00 1.758563e+01 -1.349296e+01
      vertex   8.300000e+00 1.767220e+01 -1.315240e+01
    endloop
  endfacet
  facet normal -6.837693e-17 9.691800e-01 -2.463539e-01
    outer loop
      vertex   8.300000e+00 1.767220e+01 -1.315240e+01
      vertex   1.900000e+00 1.758563e+01 -1.349296e+01
      vertex   1.900000e+00 1.767220e+01 -1.315240e+01
    endloop
  endfacet
  facet normal -6.047123e-17 9.759777e-01 -2.178706e-01
    outer loop
      vertex   8.300000e+00 1.767220e+01 -1.315240e+01
      vertex   1.900000e+00 1.767220e+01 -1.315240e+01
      vertex   8.300000e+00 1.774876e+01 -1.280944e+01
    endloop
  endfacet
  facet normal -6.022477e-16 9.759777e-01 -2.178706e-01
    outer loop
      vertex   8.300000e+00 1.774876e+01 -1.280944e+01
      vertex   1.900000e+00 1.767220e+01 -1.315240e+01
      vertex   1.900000e+00 1.774876e+01 -1.280944e+01
    endloop
  endfacet
  facet normal -5.975990e-16 9.819385e-01 -1.892004e-01
    outer loop
      vertex   8.300000e+00 1.774876e+01 -1.280944e+01
      vertex   1.900000e+00 1.774876e+01 -1.280944e+01
      vertex   8.300000e+00 1.781524e+01 -1.246439e+01
    endloop
  endfacet
  facet normal -5.450854e-16 9.819385e-01 -1.892004e-01
    outer loop
      vertex   8.300000e+00 1.781524e+01 -1.246439e+01
      vertex   1.900000e+00 1.774876e+01 -1.280944e+01
      vertex   1.900000e+00 1.781524e+01 -1.246439e+01
    endloop
  endfacet
  facet normal -5.479269e-16 9.870573e-01 -1.603681e-01
    outer loop
      vertex   8.300000e+00 1.781524e+01 -1.246439e+01
      vertex   1.900000e+00 1.781524e+01 -1.246439e+01
      vertex   8.300000e+00 1.787159e+01 -1.211754e+01
    endloop
  endfacet
  facet normal -4.451108e-17 9.870573e-01 -1.603681e-01
    outer loop
      vertex   8.300000e+00 1.787159e+01 -1.211754e+01
      vertex   1.900000e+00 1.781524e+01 -1.246439e+01
      vertex   1.900000e+00 1.787159e+01 -1.211754e+01
    endloop
  endfacet
  facet normal -3.647032e-17 9.913297e-01 -1.313982e-01
    outer loop
      vertex   8.300000e+00 1.787159e+01 -1.211754e+01
      vertex   1.900000e+00 1.787159e+01 -1.211754e+01
      vertex   8.300000e+00 1.791777e+01 -1.176918e+01
    endloop
  endfacet
  facet normal 0.000000e+00 9.913297e-01 -1.313982e-01
    outer loop
      vertex   8.300000e+00 1.791777e+01 -1.176918e+01
      vertex   1.900000e+00 1.787159e+01 -1.211754e+01
      vertex   1.900000e+00 1.791777e+01 -1.176918e+01
    endloop
  endfacet
  facet normal 0.000000e+00 9.947520e-01 -1.023156e-01
    outer loop
      vertex   8.300000e+00 1.791777e+01 -1.176918e+01
      vertex   1.900000e+00 1.791777e+01 -1.176918e+01
      vertex   8.300000e+00 1.795372e+01 -1.141963e+01
    endloop
  endfacet
  facet normal -5.521983e-16 9.947520e-01 -1.023156e-01
    outer loop
      vertex   8.300000e+00 1.795372e+01 -1.141963e+01
      vertex   1.900000e+00 1.791777e+01 -1.176918e+01
      vertex   1.900000e+00 1.795372e+01 -1.141963e+01
    endloop
  endfacet
  facet normal -5.536245e-16 9.973213e-01 -7.314531e-02
    outer loop
      vertex   8.300000e+00 1.795372e+01 -1.141963e+01
      vertex   1.900000e+00 1.795372e+01 -1.141963e+01
      vertex   8.300000e+00 1.797942e+01 -1.106917e+01
    endloop
  endfacet
  facet normal 5.536245e-16 9.973213e-01 -7.314531e-02
    outer loop
      vertex   8.300000e+00 1.797942e+01 -1.106917e+01
      vertex   1.900000e+00 1.795372e+01 -1.141963e+01
      vertex   1.900000e+00 1.797942e+01 -1.106917e+01
    endloop
  endfacet
  facet normal 5.545760e-16 9.990354e-01 -4.391229e-02
    outer loop
      vertex   8.300000e+00 1.797942e+01 -1.106917e+01
      vertex   1.900000e+00 1.797942e+01 -1.106917e+01
      vertex   8.300000e+00 1.799485e+01 -1.071811e+01
    endloop
  endfacet
  facet normal 5.545760e-16 9.990354e-01 -4.391229e-02
    outer loop
      vertex   8.300000e+00 1.799485e+01 -1.071811e+01
      vertex   1.900000e+00 1.797942e+01 -1.106917e+01
      vertex   1.900000e+00 1.799485e+01 -1.071811e+01
    endloop
  endfacet
  facet normal 5.550520e-16 9.998928e-01 -1.464162e-02
    outer loop
      vertex   8.300000e+00 1.799485e+01 -1.071811e+01
      vertex   1.900000e+00 1.799485e+01 -1.071811e+01
      vertex   8.300000e+00 1.800000e+01 -1.036675e+01
    endloop
  endfacet
  facet normal -4.063865e-18 9.998928e-01 -1.464162e-02
    outer loop
      vertex   8.300000e+00 1.800000e+01 -1.036675e+01
      vertex   1.900000e+00 1.799485e+01 -1.071811e+01
      vertex   1.900000e+00 1.800000e+01 -1.036675e+01
    endloop
  endfacet
  facet normal 0.000000e+00 1.000000e+00 0.000000e+00
    outer loop
      vertex   2.350000e+01 1.800000e+01 -1.036675e+01
      vertex   1.710000e+01 1.800000e+01 -1.036675e+01
      vertex   2.350000e+01 1.800000e+01 -7.000000e+00
    endloop
  endfacet
  facet normal 0.000000e+00 1.000000e+00 0.000000e+00
    outer loop
      vertex   2.350000e+01 1.800000e+01 -7.000000e+00
      vertex   1.710000e+01 1.800000e+01 -1.036675e+01
      vertex   1.710000e+01 1.800000e+01 -7.000000e+00
    endloop
  endfacet
  facet normal 0.000000e+00 9.998928e-01 -1.464162e-02
    outer loop
      vertex   1.710000e+01 1.800000e+01 -1.036675e+01
      vertex   2.350000e+01 1.800000e+01 -1.036675e+01
      vertex   1.710000e+01 1.799485e+01 -1.071811e+01
    endloop
  endfacet
  facet normal 0.000000e+00 9.998928e-01 -1.464162e-02
    outer loop
      vertex   1.710000e+01 1.799485e+01 -1.071811e+01
      vertex   2.350000e+01 1.800000e+01 -1.036675e+01
      vertex   2.350000e+01 1.799485e+01 -1.071811e+01
    endloop
  endfacet
  facet normal 0.000000e+00 9.990354e-01 -4.391229e-02
    outer loop
      vertex   1.710000e+01 1.799485e+01 -1.071811e+01
      vertex   2.350000e+01 1.799485e+01 -1.071811e+01
      vertex   1.710000e+01 1.797942e+01 -1.106917e+01
    endloop
  endfacet
  facet normal 5.789523e-16 9.990354e-01 -4.391229e-02
    outer loop
      vertex   1.710000e+01 1.797942e+01 -1.106917e+01
      vertex   2.350000e+01 1.799485e+01 -1.071811e+01
      vertex   2.350000e+01 1.797942e+01 -1.106917e+01
    endloop
  endfacet
  facet normal 5.942283e-16 9.973213e-01 -7.314531e-02
    outer loop
      vertex   1.710000e+01 1.797942e+01 -1.106917e+01
      vertex   2.350000e+01 1.797942e+01 -1.106917e+01
      vertex   1.710000e+01 1.795372e+01 -1.141963e+01
    endloop
  endfacet
  facet normal 0.000000e+00 9.973213e-01 -7.314531e-02
    outer loop
      vertex   1.710000e+01 1.795372e+01 -1.141963e+01
      vertex   2.350000e+01 1.797942e+01 -1.106917e+01
      vertex   2.350000e+01 1.795372e+01 -1.141963e+01
    endloop
  endfacet
  facet normal 0.000000e+00 9.947520e-01 -1.023156e-01
    outer loop
      vertex   1.710000e+01 1.795372e+01 -1.141963e+01
      vertex   2.350000e+01 1.795372e+01 -1.141963e+01
      vertex   1.710000e+01 1.791777e+01 -1.176918e+01
    endloop
  endfacet
  facet normal 8.519486e-17 9.947520e-01 -1.023156e-01
    outer loop
      vertex   1.710000e+01 1.791777e+01 -1.176918e+01
      vertex   2.350000e+01 1.795372e+01 -1.141963e+01
      vertex   2.350000e+01 1.791777e+01 -1.176918e+01
    endloop
  endfacet
  facet normal 1.094110e-16 9.913297e-01 -1.313982e-01
    outer loop
      vertex   1.710000e+01 1.791777e+01 -1.176918e+01
      vertex   2.350000e+01 1.791777e+01 -1.176918e+01
      vertex   1.710000e+01 1.787159e+01 -1.211754e+01
    endloop
  endfacet
  facet normal 3.647032e-17 9.913297e-01 -1.313982e-01
    outer loop
      vertex   1.710000e+01 1.787159e+01 -1.211754e+01
      vertex   2.350000e+01 1.791777e+01 -1.176918e+01
      vertex   2.350000e+01 1.787159e+01 -1.211754e+01
    endloop
  endfacet
  facet normal 4.451108e-17 9.870573e-01 -1.603681e-01
    outer loop
      vertex   1.710000e+01 1.787159e+01 -1.211754e+01
      vertex   2.350000e+01 1.787159e+01 -1.211754e+01
      vertex   1.710000e+01 1.781524e+01 -1.246439e+01
    endloop
  endfacet
  facet normal 0.000000e+00 9.870573e-01 -1.603681e-01
    outer loop
      vertex   1.710000e+01 1.781524e+01 -1.246439e+01
      vertex   2.350000e+01 1.787159e+01 -1.211754e+01
      vertex   2.350000e+01 1.781524e+01 -1.246439e+01
    endloop
  endfacet
  facet normal 0.000000e+00 9.819385e-01 -1.892004e-01
    outer loop
      vertex   1.710000e+01 1.781524e+01 -1.246439e+01
      vertex   2.350000e+01 1.781524e+01 -1.246439e+01
      vertex   1.710000e+01 1.774876e+01 -1.280944e+01
    endloop
  endfacet
  facet normal 1.575410e-16 9.819385e-01 -1.892004e-01
    outer loop
      vertex   1.710000e+01 1.774876e+01 -1.280944e+01
      vertex   2.350000e+01 1.781524e+01 -1.246439e+01
      vertex   2.350000e+01 1.774876e+01 -1.280944e+01
    endloop
  endfacet
  facet normal 1.814137e-16 9.759777e-01 -2.178706e-01
    outer loop
      vertex   1.710000e+01 1.774876e+01 -1.280944e+01
      vertex   2.350000e+01 1.774876e+01 -1.280944e+01
      vertex   1.710000e+01 1.767220e+01 -1.315240e+01
    endloop
  endfacet
  facet normal 1.209425e-16 9.759777e-01 -2.178706e-01
    outer loop
      vertex   1.710000e+01 1.767220e+01 -1.315240e+01
      vertex   2.350000e+01 1.774876e+01 -1.280944e+01
      vertex   2.350000e+01 1.767220e+01 -1.315240e+01
    endloop
  endfacet
  facet normal 1.367539e-16 9.691800e-01 -2.463539e-01
    outer loop
      vertex   1.710000e+01 1.767220e+01 -1.315240e+01
      vertex   2.350000e+01 1.767220e+01 -1.315240e+01
      vertex   1.710000e+01 1.758563e+01 -1.349296e+01
    endloop
  endfacet
  facet normal -4.696260e-16 9.691800e-01 -2.463539e-01
    outer loop
      vertex   1.710000e+01 1.758563e+01 -1.349296e+01
      vertex   2.350000e+01 1.767220e+01 -1.315240e+01
      vertex   2.350000e+01 1.758563e+01 -1.349296e+01
    endloop
  endfacet
  facet normal -4.575441e-16 9.615511e-01 -2.746259e-01
    outer loop
      vertex   1.710000e+01 1.758563e+01 -1.349296e+01
      vertex   2.350000e+01 1.758563e+01 -1.349296e+01
      vertex   1.710000e+01 1.748913e+01 -1.383085e+01
    endloop
  endfacet
  facet normal 7.622400e-17 9.615511e-01 -2.746259e-01
    outer loop
      vertex   1.710000e+01 1.748913e+01 -1.383085e+01
      vertex   2.350000e+01 1.758563e+01 -1.349296e+01
      vertex   2.350000e+01 1.748913e+01 -1.383085e+01
    endloop
  endfacet
  facet normal 8.400571e-17 9.530978e-01 -3.026625e-01
    outer loop
      vertex   1.710000e+01 1.748913e+01 -1.383085e+01
      vertex   2.350000e+01 1.748913e+01 -1.383085e+01
      vertex   1.710000e+01 1.738277e+01 -1.416577e+01
    endloop
  endfacet
  facet normal 1.680114e-16 9.530978e-01 -3.026625e-01
    outer loop
      vertex   1.710000e+01 1.738277e+01 -1.416577e+01
      vertex   2.350000e+01 1.748913e+01 -1.383085e+01
      vertex   2.350000e+01 1.738277e+01 -1.416577e+01
    endloop
  endfacet
  facet normal 1.834308e-16 9.438272e-01 -3.304395e-01
    outer loop
      vertex   1.710000e+01 1.738277e+01 -1.416577e+01
      vertex   2.350000e+01 1.738277e+01 -1.416577e+01
      vertex   1.710000e+01 1.726665e+01 -1.449743e+01
    endloop
  endfacet
  facet normal -3.404986e-16 9.438272e-01 -3.304395e-01
    outer loop
      vertex   1.710000e+01 1.726665e+01 -1.449743e+01
      vertex   2.350000e+01 1.738277e+01 -1.416577e+01
      vertex   2.350000e+01 1.726665e+01 -1.449743e+01
    endloop
  endfacet
  facet normal -3.196410e-16 9.337472e-01 -3.579332e-01
    outer loop
      vertex   1.710000e+01 1.726665e+01 -1.449743e+01
      vertex   2.350000e+01 1.726665e+01 -1.449743e+01
      vertex   1.710000e+01 1.714088e+01 -1.482555e+01
    endloop
  endfacet
  facet normal -2.202946e-16 9.337472e-01 -3.579332e-01
    outer loop
      vertex   1.710000e+01 1.714088e+01 -1.482555e+01
      vertex   2.350000e+01 1.726665e+01 -1.449743e+01
      vertex   2.350000e+01 1.714088e+01 -1.482555e+01
    endloop
  endfacet
  facet normal -1.916171e-16 9.228665e-01 -3.851199e-01
    outer loop
      vertex   1.710000e+01 1.714088e+01 -1.482555e+01
      vertex   2.350000e+01 1.714088e+01 -1.482555e+01
      vertex   1.710000e+01 1.700555e+01 -1.514984e+01
    endloop
  endfacet
  facet normal 2.137845e-16 9.228665e-01 -3.851199e-01
    outer loop
      vertex   1.710000e+01 1.700555e+01 -1.514984e+01
      vertex   2.350000e+01 1.714088e+01 -1.482555e+01
      vertex   2.350000e+01 1.700555e+01 -1.514984e+01
    endloop
  endfacet
  facet normal 2.286928e-16 9.111945e-01 -4.119764e-01
    outer loop
      vertex   1.710000e+01 1.700555e+01 -1.514984e+01
      vertex   2.350000e+01 1.700555e+01 -1.514984e+01
      vertex   1.710000e+01 1.686078e+01 -1.547003e+01
    endloop
  endfacet
  facet normal -3.914681e-16 9.111945e-01 -4.119764e-01
    outer loop
      vertex   1.710000e+01 1.686078e+01 -1.547003e+01
      vertex   2.350000e+01 1.700555e+01 -1.514984e+01
      vertex   2.350000e+01 1.686078e+01 -1.547003e+01
    endloop
  endfacet
  facet normal -3.771990e-16 8.987411e-01 -4.384796e-01
    outer loop
      vertex   1.710000e+01 1.686078e+01 -1.547003e+01
      vertex   2.350000e+01 1.686078e+01 -1.547003e+01
      vertex   1.710000e+01 1.670670e+01 -1.578585e+01
    endloop
  endfacet
  facet normal 4.868102e-16 8.987411e-01 -4.384796e-01
    outer loop
      vertex   1.710000e+01 1.670670e+01 -1.578585e+01
      vertex   2.350000e+01 1.686078e+01 -1.547003e+01
      vertex   2.350000e+01 1.670670e+01 -1.578585e+01
    endloop
  endfacet
  facet normal 5.158172e-16 8.855171e-01 -4.646068e-01
    outer loop
      vertex   1.710000e+01 1.670670e+01 -1.578585e+01
      vertex   2.350000e+01 1.670670e+01 -1.578585e+01
      vertex   1.710000e+01 1.654343e+01 -1.609702e+01
    endloop
  endfacet
  facet normal -2.336521e-16 8.855171e-01 -4.646068e-01
    outer loop
      vertex   1.710000e+01 1.654343e+01 -1.609702e+01
      vertex   2.350000e+01 1.670670e+01 -1.578585e+01
      vertex   2.350000e+01 1.654343e+01 -1.609702e+01
    endloop
  endfacet
  facet normal -2.116074e-16 8.715337e-01 -4.903357e-01
    outer loop
      vertex   1.710000e+01 1.654343e+01 -1.609702e+01
      vertex   2.350000e+01 1.654343e+01 -1.609702e+01
      vertex   1.710000e+01 1.637113e+01 -1.640328e+01
    endloop
  endfacet
  facet normal -2.116074e-16 8.715337e-01 -4.903357e-01
    outer loop
      vertex   1.710000e+01 1.637113e+01 -1.640328e+01
      vertex   2.350000e+01 1.654343e+01 -1.609702e+01
      vertex   2.350000e+01 1.637113e+01 -1.640328e+01
    endloop
  endfacet
  facet normal -1.893812e-16 8.568029e-01 -5.156440e-01
    outer loop
      vertex   1.710000e+01 1.637113e+01 -1.640328e+01
      vertex   2.350000e+01 1.637113e+01 -1.640328e+01
      vertex   1.710000e+01 1.618993e+01 -1.670436e+01
    endloop
  endfacet
  facet normal 9.685869e-17 8.568029e-01 -5.156440e-01
    outer loop
      vertex   1.710000e+01 1.618993e+01 -1.670436e+01
      vertex   2.350000e+01 1.637113e+01 -1.640328e+01
      vertex   2.350000e+01 1.618993e+01 -1.670436e+01
    endloop
  endfacet
  facet normal 1.330508e-16 8.413375e-01 -5.405102e-01
    outer loop
      vertex   1.710000e+01 1.618993e+01 -1.670436e+01
      vertex   2.350000e+01 1.618993e+01 -1.670436e+01
      vertex   1.710000e+01 1.600000e+01 -1.700000e+01
    endloop
  endfacet
  facet normal 1.330508e-16 8.413375e-01 -5.405102e-01
    outer loop
      vertex   1.710000e+01 1.600000e+01 -1.700000e+01
      vertex   2.350000e+01 1.618993e+01 -1.670436e+01
      vertex   2.350000e+01 1.600000e+01 -1.700000e+01
    endloop
  endfacet
  facet normal 0.000000e+00 1.000000e+00 0.000000e+00
    outer loop
      vertex   6.025403e+00 1.800000e+01 -7.000000e+00
      vertex   5.915678e+00 1.800000e+01 -7.066593e+00
      vertex   1.900000e+00 1.800000e+01 -7.000000e+00
    endloop
  endfacet
  facet normal 0.000000e+00 1.000000e+00 0.000000e+00
    outer loop
      vertex   1.900000e+00 1.800000e+01 -7.000000e+00
      vertex   5.915678e+00 1.800000e+01 -7.066593e+00
      vertex   5.811643e+00 1.800000e+01 -7.141767e+00
    endloop
  endfacet
  facet normal 0.000000e+00 1.000000e+00 0.000000e+00
    outer loop
      vertex   1.900000e+00 1.800000e+01 -7.000000e+00
      vertex   5.811643e+00 1.800000e+01 -7.141767e+00
      vertex   5.713968e+00 1.800000e+01 -7.225038e+00
    endloop
  endfacet
  facet normal 0.000000e+00 1.000000e+00 0.000000e+00
    outer loop
      vertex   5.713968e+00 1.800000e+01 -7.225038e+00
      vertex   5.623283e+00 1.800000e+01 -7.315870e+00
      vertex   1.900000e+00 1.800000e+01 -7.000000e+00
    endloop
  endfacet
  facet normal 0.000000e+00 1.000000e+00 0.000000e+00
    outer loop
      vertex   1.900000e+00 1.800000e+01 -7.000000e+00
      vertex   5.623283e+00 1.800000e+01 -7.315870e+00
      vertex   5.540170e+00 1.800000e+01 -7.413679e+00
    endloop
  endfacet
  facet normal 0.000000e+00 1.000000e+00 0.000000e+00
    outer loop
      vertex   1.900000e+00 1.800000e+01 -7.000000e+00
      vertex   5.540170e+00 1.800000e+01 -7.413679e+00
      vertex   5.465164e+00 1.800000e+01 -7.517836e+00
    endloop
  endfacet
  facet normal 0.000000e+00 1.000000e+00 0.000000e+00
    outer loop
      vertex   5.465164e+00 1.800000e+01 -7.517836e+00
      vertex   5.398749e+00 1.800000e+01 -7.627669e+00
      vertex   1.900000e+00 1.800000e+01 -7.000000e+00
    endloop
  endfacet
  facet normal 0.000000e+00 1.000000e+00 0.000000e+00
    outer loop
      vertex   1.900000e+00 1.800000e+01 -7.000000e+00
      vertex   5.398749e+00 1.800000e+01 -7.627669e+00
      vertex   5.341351e+00 1.800000e+01 -7.742472e+00
    endloop
  endfacet
  facet normal 0.000000e+00 1.000000e+00 0.000000e+00
    outer loop
      vertex   1.900000e+00 1.800000e+01 -7.000000e+00
      vertex   5.341351e+00 1.800000e+01 -7.742472e+00
      vertex   5.293340e+00 1.800000e+01 -7.861507e+00
    endloop
  endfacet
  facet normal 0.000000e+00 1.000000e+00 0.000000e+00
    outer loop
      vertex   5.293340e+00 1.800000e+01 -7.861507e+00
      vertex   5.255024e+00 1.800000e+01 -7.984007e+00
      vertex   1.900000e+00 1.800000e+01 -7.000000e+00
    endloop
  endfacet
  facet normal 0.000000e+00 1.000000e+00 0.000000e+00
    outer loop
      vertex   1.900000e+00 1.800000e+01 -7.000000e+00
      vertex   5.255024e+00 1.800000e+01 -7.984007e+00
      vertex   5.226651e+00 1.800000e+01 -8.109184e+00
    endloop
  endfacet
  facet normal 0.000000e+00 1.000000e+00 0.000000e+00
    outer loop
      vertex   1.900000e+00 1.800000e+01 -7.000000e+00
      vertex   5.226651e+00 1.800000e+01 -8.109184e+00
      vertex   5.208403e+00 1.800000e+01 -8.236233e+00
    endloop
  endfacet
  facet normal 0.000000e+00 1.000000e+00 0.000000e+00
    outer loop
      vertex   5.208403e+00 1.800000e+01 -8.236233e+00
      vertex   5.200398e+00 1.800000e+01 -8.364335e+00
      vertex   1.900000e+00 1.800000e+01 -7.000000e+00
    endloop
  endfacet
  facet normal 0.000000e+00 1.000000e+00 0.000000e+00
    outer loop
      vertex   1.900000e+00 1.800000e+01 -7.000000e+00
      vertex   5.200398e+00 1.800000e+01 -8.364335e+00
      vertex   5.202686e+00 1.800000e+01 -8.492668e+00
    endloop
  endfacet
  facet normal 0.000000e+00 1.000000e+00 0.000000e+00
    outer loop
      vertex   1.900000e+00 1.800000e+01 -7.000000e+00
      vertex   5.202686e+00 1.800000e+01 -8.492668e+00
      vertex   5.215253e+00 1.800000e+01 -8.620403e+00
    endloop
  endfacet
  facet normal 0.000000e+00 1.000000e+00 0.000000e+00
    outer loop
      vertex   1.900000e+00 1.800000e+01 -7.000000e+00
      vertex   5.215253e+00 1.800000e+01 -8.620403e+00
      vertex   1.900000e+00 1.800000e+01 -1.036675e+01
    endloop
  endfacet
  facet normal 0.000000e+00 1.000000e+00 0.000000e+00
    outer loop
      vertex   1.900000e+00 1.800000e+01 -1.036675e+01
      vertex   5.215253e+00 1.800000e+01 -8.620403e+00
      vertex   5.238019e+00 1.800000e+01 -8.746721e+00
    endloop
  endfacet
  facet normal 0.000000e+00 1.000000e+00 0.000000e+00
    outer loop
      vertex   1.900000e+00 1.800000e+01 -1.036675e+01
      vertex   5.238019e+00 1.800000e+01 -8.746721e+00
      vertex   5.270836e+00 1.800000e+01 -8.870807e+00
    endloop
  endfacet
  facet normal 0.000000e+00 1.000000e+00 0.000000e+00
    outer loop
      vertex   5.270836e+00 1.800000e+01 -8.870807e+00
      vertex   5.313495e+00 1.800000e+01 -8.991863e+00
      vertex   1.900000e+00 1.800000e+01 -1.036675e+01
    endloop
  endfacet
  facet normal 0.000000e+00 1.000000e+00 0.000000e+00
    outer loop
      vertex   1.900000e+00 1.800000e+01 -1.036675e+01
      vertex   5.313495e+00 1.800000e+01 -8.991863e+00
      vertex   5.365719e+00 1.800000e+01 -9.109111e+00
    endloop
  endfacet
  facet normal 0.000000e+00 1.000000e+00 0.000000e+00
    outer loop
      vertex   1.900000e+00 1.800000e+01 -1.036675e+01
      vertex   5.365719e+00 1.800000e+01 -9.109111e+00
      vertex   5.427173e+00 1.800000e+01 -9.221795e+00
    endloop
  endfacet
  facet normal 0.000000e+00 1.000000e+00 0.000000e+00
    outer loop
      vertex   5.427173e+00 1.800000e+01 -9.221795e+00
      vertex   5.497462e+00 1.800000e+01 -9.329190e+00
      vertex   1.900000e+00 1.800000e+01 -1.036675e+01
    endloop
  endfacet
  facet normal 0.000000e+00 1.000000e+00 0.000000e+00
    outer loop
      vertex   1.900000e+00 1.800000e+01 -1.036675e+01
      vertex   5.497462e+00 1.800000e+01 -9.329190e+00
      vertex   5.576133e+00 1.800000e+01 -9.430607e+00
    endloop
  endfacet
  facet normal 0.000000e+00 1.000000e+00 0.000000e+00
    outer loop
      vertex   1.900000e+00 1.800000e+01 -1.036675e+01
      vertex   5.576133e+00 1.800000e+01 -9.430607e+00
      vertex   5.662680e+00 1.800000e+01 -9.525390e+00
    endloop
  endfacet
  facet normal 0.000000e+00 1.000000e+00 0.000000e+00
    outer loop
      vertex   5.662680e+00 1.800000e+01 -9.525390e+00
      vertex   5.756546e+00 1.800000e+01 -9.612932e+00
      vertex   1.900000e+00 1.800000e+01 -1.036675e+01
    endloop
  endfacet
  facet normal 0.000000e+00 1.000000e+00 0.000000e+00
    outer loop
      vertex   1.900000e+00 1.800000e+01 -1.036675e+01
      vertex   5.756546e+00 1.800000e+01 -9.612932e+00
      vertex   5.857127e+00 1.800000e+01 -9.692668e+00
    endloop
  endfacet
  facet normal 0.000000e+00 1.000000e+00 0.000000e+00
    outer loop
      vertex   1.900000e+00 1.800000e+01 -1.036675e+01
      vertex   5.857127e+00 1.800000e+01 -9.692668e+00
      vertex   5.963776e+00 1.800000e+01 -9.764085e+00
    endloop
  endfacet
  facet normal 0.000000e+00 1.000000e+00 0.000000e+00
    outer loop
      vertex   5.963776e+00 1.800000e+01 -9.764085e+00
      vertex   6.075806e+00 1.800000e+01 -9.826724e+00
      vertex   1.900000e+00 1.800000e+01 -1.036675e+01
    endloop
  endfacet
  facet normal 0.000000e+00 1.000000e+00 0.000000e+00
    outer loop
      vertex   1.900000e+00 1.800000e+01 -1.036675e+01
      vertex   6.075806e+00 1.800000e+01 -9.826724e+00
      vertex   6.192496e+00 1.800000e+01 -9.880182e+00
    endloop
  endfacet
  facet normal 0.000000e+00 1.000000e+00 0.000000e+00
    outer loop
      vertex   1.900000e+00 1.800000e+01 -1.036675e+01
      vertex   6.192496e+00 1.800000e+01 -9.880182e+00
      vertex   6.313096e+00 1.800000e+01 -9.924114e+00
    endloop
  endfacet
  facet normal 0.000000e+00 1.000000e+00 0.000000e+00
    outer loop
      vertex   6.313096e+00 1.800000e+01 -9.924114e+00
      vertex   6.436829e+00 1.800000e+01 -9.958238e+00
      vertex   1.900000e+00 1.800000e+01 -1.036675e+01
    endloop
  endfacet
  facet normal 0.000000e+00 1.000000e+00 0.000000e+00
    outer loop
      vertex   1.900000e+00 1.800000e+01 -1.036675e+01
      vertex   6.436829e+00 1.800000e+01 -9.958238e+00
      vertex   6.562899e+00 1.800000e+01 -9.982335e+00
    endloop
  endfacet
  facet normal -0.000000e+00 1.000000e+00 0.000000e+00
    outer loop
      vertex   1.900000e+00 1.800000e+01 -1.036675e+01
      vertex   6.562899e+00 1.800000e+01 -9.982335e+00
      vertex   8.300000e+00 1.800000e+01 -1.036675e+01
    endloop
  endfacet
  facet normal 0.000000e+00 1.000000e+00 0.000000e+00
    outer loop
      vertex   8.300000e+00 1.800000e+01 -1.036675e+01
      vertex   6.562899e+00 1.800000e+01 -9.982335e+00
      vertex   6.690495e+00 1.800000e+01 -9.996248e+00
    endloop
  endfacet
  facet normal 0.000000e+00 1.000000e+00 0.000000e+00
    outer loop
      vertex   8.300000e+00 1.800000e+01 -1.036675e+01
      vertex   6.690495e+00 1.800000e+01 -9.996248e+00
      vertex   6.818796e+00 1.800000e+01 -9.999890e+00
    endloop
  endfacet
  facet normal -0.000000e+00 1.000000e+00 0.000000e+00
    outer loop
      vertex   6.818796e+00 1.800000e+01 -9.999890e+00
      vertex   6.946976e+00 1.800000e+01 -9.993235e+00
      vertex   8.300000e+00 1.800000e+01 -1.036675e+01
    endloop
  endfacet
  facet normal 0.000000e+00 1.000000e+00 0.000000e+00
    outer loop
      vertex   8.300000e+00 1.800000e+01 -1.036675e+01
      vertex   6.946976e+00 1.800000e+01 -9.993235e+00
      vertex   7.074210e+00 1.800000e+01 -9.976328e+00
    endloop
  endfacet
  facet normal 0.000000e+00 1.000000e+00 0.000000e+00
    outer loop
      vertex   8.300000e+00 1.800000e+01 -1.036675e+01
      vertex   7.074210e+00 1.800000e+01 -9.976328e+00
      vertex   7.199679e+00 1.800000e+01 -9.949276e+00
    endloop
  endfacet
  facet normal -0.000000e+00 1.000000e+00 0.000000e+00
    outer loop
      vertex   7.199679e+00 1.800000e+01 -9.949276e+00
      vertex   7.322577e+00 1.800000e+01 -9.912254e+00
      vertex   8.300000e+00 1.800000e+01 -1.036675e+01
    endloop
  endfacet
  facet normal 0.000000e+00 1.000000e+00 0.000000e+00
    outer loop
      vertex   8.300000e+00 1.800000e+01 -1.036675e+01
      vertex   7.322577e+00 1.800000e+01 -9.912254e+00
      vertex   7.442111e+00 1.800000e+01 -9.865501e+00
    endloop
  endfacet
  facet normal 0.000000e+00 1.000000e+00 0.000000e+00
    outer loop
      vertex   8.300000e+00 1.800000e+01 -1.036675e+01
      vertex   7.442111e+00 1.800000e+01 -9.865501e+00
      vertex   7.557513e+00 1.800000e+01 -9.809317e+00
    endloop
  endfacet
  facet normal -0.000000e+00 1.000000e+00 0.000000e+00
    outer loop
      vertex   7.557513e+00 1.800000e+01 -9.809317e+00
      vertex   7.668041e+00 1.800000e+01 -9.744063e+00
      vertex   8.300000e+00 1.800000e+01 -1.036675e+01
    endloop
  endfacet
  facet normal 0.000000e+00 1.000000e+00 0.000000e+00
    outer loop
      vertex   8.300000e+00 1.800000e+01 -1.036675e+01
      vertex   7.668041e+00 1.800000e+01 -9.744063e+00
      vertex   7.772982e+00 1.800000e+01 -9.670160e+00
    endloop
  endfacet
  facet normal 0.000000e+00 1.000000e+00 0.000000e+00
    outer loop
      vertex   8.300000e+00 1.800000e+01 -1.036675e+01
      vertex   7.772982e+00 1.800000e+01 -9.670160e+00
      vertex   7.871662e+00 1.800000e+01 -9.588083e+00
    endloop
  endfacet
  facet normal -0.000000e+00 1.000000e+00 0.000000e+00
    outer loop
      vertex   7.871662e+00 1.800000e+01 -9.588083e+00
      vertex   7.963445e+00 1.800000e+01 -9.498360e+00
      vertex   8.300000e+00 1.800000e+01 -1.036675e+01
    endloop
  endfacet
  facet normal 0.000000e+00 1.000000e+00 0.000000e+00
    outer loop
      vertex   8.300000e+00 1.800000e+01 -1.036675e+01
      vertex   7.963445e+00 1.800000e+01 -9.498360e+00
      vertex   8.047742e+00 1.800000e+01 -9.401569e+00
    endloop
  endfacet
  facet normal 0.000000e+00 1.000000e+00 0.000000e+00
    outer loop
      vertex   8.300000e+00 1.800000e+01 -1.036675e+01
      vertex   8.047742e+00 1.800000e+01 -9.401569e+00
      vertex   8.124008e+00 1.800000e+01 -9.298333e+00
    endloop
  endfacet
  facet normal -0.000000e+00 1.000000e+00 0.000000e+00
    outer loop
      vertex   8.124008e+00 1.800000e+01 -9.298333e+00
      vertex   8.191755e+00 1.800000e+01 -9.189315e+00
      vertex   8.300000e+00 1.800000e+01 -1.036675e+01
    endloop
  endfacet
  facet normal 0.000000e+00 1.000000e+00 0.000000e+00
    outer loop
      vertex   8.300000e+00 1.800000e+01 -1.036675e+01
      vertex   8.191755e+00 1.800000e+01 -9.189315e+00
      vertex   8.250545e+00 1.800000e+01 -9.075219e+00
    endloop
  endfacet
  facet normal 0.000000e+00 1.000000e+00 0.000000e+00
    outer loop
      vertex   8.300000e+00 1.800000e+01 -1.036675e+01
      vertex   8.250545e+00 1.800000e+01 -9.075219e+00
      vertex   8.300000e+00 1.800000e+01 -8.956776e+00
    endloop
  endfacet
  facet normal 1.110223e-15 0.000000e+00 -1.000000e+00
    outer loop
      vertex   1.710000e+01 1.600000e+01 -1.700000e+01
      vertex   2.350000e+01 1.600000e+01 -1.700000e+01
      vertex   1.710000e+01 1.240000e+01 -1.700000e+01
    endloop
  endfacet
  facet normal 6.938894e-16 7.401487e-16 -1.000000e+00
    outer loop
      vertex   1.710000e+01 1.240000e+01 -1.700000e+01
      vertex   2.350000e+01 1.600000e+01 -1.700000e+01
      vertex   2.350000e+01 6.400000e+00 -1.700000e+01
    endloop
  endfacet
  facet normal 0.000000e+00 -0.000000e+00 -1.000000e+00
    outer loop
      vertex   1.710000e+01 1.240000e+01 -1.700000e+01
      vertex   2.350000e+01 6.400000e+00 -1.700000e+01
      vertex   1.900000e+00 6.400000e+00 -1.700000e+01
    endloop
  endfacet
  facet normal -0.000000e+00 0.000000e+00 -1.000000e+00
    outer loop
      vertex   1.710000e+01 1.240000e+01 -1.700000e+01
      vertex   1.900000e+00 6.400000e+00 -1.700000e+01
      vertex   8.300000e+00 1.240000e+01 -1.700000e+01
    endloop
  endfacet
  facet normal -6.938894e-16 7.401487e-16 -1.000000e+00
    outer loop
      vertex   8.300000e+00 1.240000e+01 -1.700000e+01
      vertex   1.900000e+00 6.400000e+00 -1.700000e+01
      vertex   1.900000e+00 1.600000e+01 -1.700000e+01
    endloop
  endfacet
  facet normal -5.478201e-31 1.973730e-15 -1.000000e+00
    outer loop
      vertex   8.300000e+00 1.240000e+01 -1.700000e+01
      vertex   1.900000e+00 1.600000e+01 -1.700000e+01
      vertex   8.300000e+00 1.600000e+01 -1.700000e+01
    endloop
  endfacet
  facet normal 2.152949e-16 8.074349e-16 1.000000e+00
    outer loop
      vertex   6.025403e+00 1.800000e+01 -7.000000e+00
      vertex   1.900000e+00 1.800000e+01 -7.000000e+00
      vertex   6.025403e+00 1.690000e+01 -7.000000e+00
    endloop
  endfacet
  facet normal 0.000000e+00 0.000000e+00 1.000000e+00
    outer loop
      vertex   6.025403e+00 1.690000e+01 -7.000000e+00
      vertex   1.900000e+00 1.800000e+01 -7.000000e+00
      vertex   1.900000e+00 1.690000e+01 -7.000000e+00
    endloop
  endfacet
  facet normal -9.229105e-01 -6.406891e-16 3.850146e-01
    outer loop
      vertex   8.300000e+00 1.650864e+01 -8.956776e+00
      vertex   8.300000e+00 1.800000e+01 -8.956776e+00
      vertex   8.250974e+00 1.648514e+01 -9.074295e+00
    endloop
  endfacet
  facet normal -9.227878e-01 -2.676871e-05 3.853085e-01
    outer loop
      vertex   8.250974e+00 1.648514e+01 -9.074295e+00
      vertex   8.300000e+00 1.800000e+01 -8.956776e+00
      vertex   8.250545e+00 1.800000e+01 -9.075219e+00
    endloop
  endfacet
  facet normal -8.893733e-01 2.655147e-05 4.571818e-01
    outer loop
      vertex   8.250974e+00 1.648514e+01 -9.074295e+00
      vertex   8.250545e+00 1.800000e+01 -9.075219e+00
      vertex   8.192759e+00 1.646249e+01 -9.187542e+00
    endloop
  endfacet
  facet normal -8.889339e-01 -5.232692e-05 4.580354e-01
    outer loop
      vertex   8.192759e+00 1.646249e+01 -9.187542e+00
      vertex   8.250545e+00 1.800000e+01 -9.075219e+00
      vertex   8.191755e+00 1.800000e+01 -9.189315e+00
    endloop
  endfacet
  facet normal -8.502035e-01 5.189340e-05 5.264542e-01
    outer loop
      vertex   8.192759e+00 1.646249e+01 -9.187542e+00
      vertex   8.191755e+00 1.800000e+01 -9.189315e+00
      vertex   8.125722e+00 1.644084e+01 -9.295801e+00
    endloop
  endfacet
  facet normal -8.493595e-01 -7.677643e-05 5.278148e-01
    outer loop
      vertex   8.125722e+00 1.644084e+01 -9.295801e+00
      vertex   8.191755e+00 1.800000e+01 -9.189315e+00
      vertex   8.124008e+00 1.800000e+01 -9.298333e+00
    endloop
  endfacet
  facet normal -8.056490e-01 7.612843e-05 5.923932e-01
    outer loop
      vertex   8.125722e+00 1.644084e+01 -9.295801e+00
      vertex   8.124008e+00 1.800000e+01 -9.298333e+00
      vertex   8.050289e+00 1.642032e+01 -9.398387e+00
    endloop
  endfacet
  facet normal -8.043192e-01 -1.002178e-04 5.941975e-01
    outer loop
      vertex   8.050289e+00 1.642032e+01 -9.398387e+00
      vertex   8.124008e+00 1.800000e+01 -9.298333e+00
      vertex   8.047742e+00 1.800000e+01 -9.401569e+00
    endloop
  endfacet
  facet normal -7.559919e-01 9.935794e-05 6.545810e-01
    outer loop
      vertex   8.050289e+00 1.642032e+01 -9.398387e+00
      vertex   8.047742e+00 1.800000e+01 -9.401569e+00
      vertex   7.966937e+00 1.640107e+01 -9.494649e+00
    endloop
  endfacet
  facet normal -7.541028e-01 -1.227498e-04 6.567564e-01
    outer loop
      vertex   7.966937e+00 1.640107e+01 -9.494649e+00
      vertex   8.047742e+00 1.800000e+01 -9.401569e+00
      vertex   7.963445e+00 1.800000e+01 -9.498360e+00
    endloop
  endfacet
  facet normal -7.015464e-01 1.216813e-04 7.126237e-01
    outer loop
      vertex   7.966937e+00 1.640107e+01 -9.494649e+00
      vertex   7.963445e+00 1.800000e+01 -9.498360e+00
      vertex   7.876194e+00 1.638320e+01 -9.583979e+00
    endloop
  endfacet
  facet normal -6.990336e-01 -1.444686e-04 7.150888e-01
    outer loop
      vertex   7.876194e+00 1.638320e+01 -9.583979e+00
      vertex   7.963445e+00 1.800000e+01 -9.498360e+00
      vertex   7.871662e+00 1.800000e+01 -9.588083e+00
    endloop
  endfacet
  facet normal -6.426574e-01 1.431955e-04 7.661537e-01
    outer loop
      vertex   7.876194e+00 1.638320e+01 -9.583979e+00
      vertex   7.871662e+00 1.800000e+01 -9.588083e+00
      vertex   7.778635e+00 1.636684e+01 -9.665809e+00
    endloop
  endfacet
  facet normal -6.394658e-01 -1.654676e-04 7.688195e-01
    outer loop
      vertex   7.778635e+00 1.636684e+01 -9.665809e+00
      vertex   7.871662e+00 1.800000e+01 -9.588083e+00
      vertex   7.772982e+00 1.800000e+01 -9.670160e+00
    endloop
  endfacet
  facet normal -5.796975e-01 1.639946e-04 8.148318e-01
    outer loop
      vertex   7.778635e+00 1.636684e+01 -9.665809e+00
      vertex   7.772982e+00 1.800000e+01 -9.670160e+00
      vertex   7.674878e+00 1.635208e+01 -9.739623e+00
    endloop
  endfacet
  facet normal -5.757830e-01 -1.858374e-04 8.176025e-01
    outer loop
      vertex   7.674878e+00 1.635208e+01 -9.739623e+00
      vertex   7.772982e+00 1.800000e+01 -9.670160e+00
      vertex   7.668041e+00 1.800000e+01 -9.744063e+00
    endloop
  endfacet
  facet normal -5.130655e-01 1.841696e-04 8.583494e-01
    outer loop
      vertex   7.674878e+00 1.635208e+01 -9.739623e+00
      vertex   7.668041e+00 1.800000e+01 -9.744063e+00
      vertex   7.565579e+00 1.633901e+01 -9.804951e+00
    endloop
  endfacet
  facet normal -5.083948e-01 -2.056652e-04 8.611241e-01
    outer loop
      vertex   7.565579e+00 1.633901e+01 -9.804951e+00
      vertex   7.668041e+00 1.800000e+01 -9.744063e+00
      vertex   7.557513e+00 1.800000e+01 -9.809317e+00
    endloop
  endfacet
  facet normal -4.431833e-01 2.038082e-04 8.964310e-01
    outer loop
      vertex   7.565579e+00 1.633901e+01 -9.804951e+00
      vertex   7.557513e+00 1.800000e+01 -9.809317e+00
      vertex   7.451432e+00 1.632772e+01 -9.861382e+00
    endloop
  endfacet
  facet normal -4.377349e-01 -2.250352e-04 8.991041e-01
    outer loop
      vertex   7.451432e+00 1.632772e+01 -9.861382e+00
      vertex   7.557513e+00 1.800000e+01 -9.809317e+00
      vertex   7.442111e+00 1.800000e+01 -9.865501e+00
    endloop
  endfacet
  facet normal -3.704934e-01 2.229952e-04 9.288351e-01
    outer loop
      vertex   7.451432e+00 1.632772e+01 -9.861382e+00
      vertex   7.442111e+00 1.800000e+01 -9.865501e+00
      vertex   7.333159e+00 1.631829e+01 -9.908556e+00
    endloop
  endfacet
  facet normal -3.642581e-01 -2.440286e-04 9.312980e-01
    outer loop
      vertex   7.333159e+00 1.631829e+01 -9.908556e+00
      vertex   7.442111e+00 1.800000e+01 -9.865501e+00
      vertex   7.322577e+00 1.800000e+01 -9.912254e+00
    endloop
  endfacet
  facet normal -2.954563e-01 2.418120e-04 9.553562e-01
    outer loop
      vertex   7.333159e+00 1.631829e+01 -9.908556e+00
      vertex   7.322577e+00 1.800000e+01 -9.912254e+00
      vertex   7.211509e+00 1.631076e+01 -9.946176e+00
    endloop
  endfacet
  facet normal -2.884371e-01 -2.627233e-04 9.574988e-01
    outer loop
      vertex   7.211509e+00 1.631076e+01 -9.946176e+00
      vertex   7.322577e+00 1.800000e+01 -9.912254e+00
      vertex   7.199679e+00 1.800000e+01 -9.949276e+00
    endloop
  endfacet
  facet normal -2.185470e-01 2.603370e-04 9.758264e-01
    outer loop
      vertex   7.211509e+00 1.631076e+01 -9.946176e+00
      vertex   7.199679e+00 1.800000e+01 -9.949276e+00
      vertex   7.087252e+00 1.630520e+01 -9.974003e+00
    endloop
  endfacet
  facet normal -2.107600e-01 -2.811944e-04 9.775378e-01
    outer loop
      vertex   7.087252e+00 1.630520e+01 -9.974003e+00
      vertex   7.199679e+00 1.800000e+01 -9.949276e+00
      vertex   7.074210e+00 1.800000e+01 -9.976328e+00
    endloop
  endfacet
  facet normal -1.402529e-01 2.786456e-04 9.901157e-01
    outer loop
      vertex   7.087252e+00 1.630520e+01 -9.974003e+00
      vertex   7.074210e+00 1.800000e+01 -9.976328e+00
      vertex   6.961177e+00 1.630163e+01 -9.991861e+00
    endloop
  endfacet
  facet normal -1.317266e-01 -2.995143e-04 9.912860e-01
    outer loop
      vertex   6.961177e+00 1.630163e+01 -9.991861e+00
      vertex   7.074210e+00 1.800000e+01 -9.976328e+00
      vertex   6.946976e+00 1.800000e+01 -9.993235e+00
    endloop
  endfacet
  facet normal -6.106969e-02 2.968104e-04 9.981335e-01
    outer loop
      vertex   6.961177e+00 1.630163e+01 -9.991861e+00
      vertex   6.946976e+00 1.800000e+01 -9.993235e+00
      vertex   6.834080e+00 1.630007e+01 -9.999637e+00
    endloop
  endfacet
  facet normal -5.184551e-02 -3.177526e-04 9.986551e-01
    outer loop
      vertex   6.834080e+00 1.630007e+01 -9.999637e+00
      vertex   6.946976e+00 1.800000e+01 -9.993235e+00
      vertex   6.818796e+00 1.800000e+01 -9.999890e+00
    endloop
  endfacet
  facet normal 1.850091e-02 3.149012e-04 9.998288e-01
    outer loop
      vertex   6.834080e+00 1.630007e+01 -9.999637e+00
      vertex   6.818796e+00 1.800000e+01 -9.999890e+00
      vertex   6.706768e+00 1.630054e+01 -9.997281e+00
    endloop
  endfacet
  facet normal 2.836925e-02 -3.359764e-04 9.995975e-01
    outer loop
      vertex   6.706768e+00 1.630054e+01 -9.997281e+00
      vertex   6.818796e+00 1.800000e+01 -9.999890e+00
      vertex   6.690495e+00 1.800000e+01 -9.996248e+00
    endloop
  endfacet
  facet normal 9.795489e-02 3.329854e-04 9.951908e-01
    outer loop
      vertex   6.706768e+00 1.630054e+01 -9.997281e+00
      vertex   6.690495e+00 1.800000e+01 -9.996248e+00
      vertex   6.580046e+00 1.630304e+01 -9.984809e+00
    endloop
  endfacet
  facet normal 1.084014e-01 -3.542503e-04 9.941071e-01
    outer loop
      vertex   6.580046e+00 1.630304e+01 -9.984809e+00
      vertex   6.690495e+00 1.800000e+01 -9.996248e+00
      vertex   6.562899e+00 1.800000e+01 -9.982335e+00
    endloop
  endfacet
  facet normal 1.767889e-01 3.511278e-04 9.842487e-01
    outer loop
      vertex   6.580046e+00 1.630304e+01 -9.984809e+00
      vertex   6.562899e+00 1.800000e+01 -9.982335e+00
      vertex   6.454717e+00 1.630754e+01 -9.962299e+00
    endloop
  endfacet
  facet normal 1.877360e-01 -3.726366e-04 9.822194e-01
    outer loop
      vertex   6.454717e+00 1.630754e+01 -9.962299e+00
      vertex   6.562899e+00 1.800000e+01 -9.982335e+00
      vertex   6.436829e+00 1.800000e+01 -9.958238e+00
    endloop
  endfacet
  facet normal 2.545035e-01 3.693908e-04 9.670718e-01
    outer loop
      vertex   6.454717e+00 1.630754e+01 -9.962299e+00
      vertex   6.436829e+00 1.800000e+01 -9.958238e+00
      vertex   6.331575e+00 1.631402e+01 -9.929895e+00
    endloop
  endfacet
  facet normal 2.658625e-01 -3.911953e-04 9.640109e-01
    outer loop
      vertex   6.331575e+00 1.631402e+01 -9.929895e+00
      vertex   6.436829e+00 1.800000e+01 -9.958238e+00
      vertex   6.313096e+00 1.800000e+01 -9.924114e+00
    endloop
  endfacet
  facet normal 3.306064e-01 3.878344e-04 9.437687e-01
    outer loop
      vertex   6.331575e+00 1.631402e+01 -9.929895e+00
      vertex   6.313096e+00 1.800000e+01 -9.924114e+00
      vertex   6.211400e+00 1.632244e+01 -9.887800e+00
    endloop
  endfacet
  facet normal 3.422780e-01 -4.099839e-04 9.395986e-01
    outer loop
      vertex   6.211400e+00 1.632244e+01 -9.887800e+00
      vertex   6.313096e+00 1.800000e+01 -9.924114e+00
      vertex   6.192496e+00 1.800000e+01 -9.880182e+00
    endloop
  endfacet
  facet normal 4.046153e-01 4.065164e-04 9.144869e-01
    outer loop
      vertex   6.211400e+00 1.632244e+01 -9.887800e+00
      vertex   6.192496e+00 1.800000e+01 -9.880182e+00
      vertex   6.094953e+00 1.633274e+01 -9.836283e+00
    endloop
  endfacet
  facet normal 4.164909e-01 -4.290578e-04 9.091398e-01
    outer loop
      vertex   6.094953e+00 1.633274e+01 -9.836283e+00
      vertex   6.192496e+00 1.800000e+01 -9.880182e+00
      vertex   6.075806e+00 1.800000e+01 -9.826724e+00
    endloop
  endfacet
  facet normal 4.760615e-01 4.254921e-04 8.794119e-01
    outer loop
      vertex   6.094953e+00 1.633274e+01 -9.836283e+00
      vertex   6.075806e+00 1.800000e+01 -9.826724e+00
      vertex   5.982971e+00 1.634487e+01 -9.775668e+00
    endloop
  endfacet
  facet normal 4.880236e-01 -4.484698e-04 8.728303e-01
    outer loop
      vertex   5.982971e+00 1.634487e+01 -9.775668e+00
      vertex   6.075806e+00 1.800000e+01 -9.826724e+00
      vertex   5.963776e+00 1.800000e+01 -9.764085e+00
    endloop
  endfacet
  facet normal 5.444921e-01 4.448142e-04 8.387659e-01
    outer loop
      vertex   5.982971e+00 1.634487e+01 -9.775668e+00
      vertex   5.963776e+00 1.800000e+01 -9.764085e+00
      vertex   5.876164e+00 1.635873e+01 -9.706341e+00
    endloop
  endfacet
  facet normal 5.564156e-01 -4.682700e-04 8.309040e-01
    outer loop
      vertex   5.876164e+00 1.635873e+01 -9.706341e+00
      vertex   5.963776e+00 1.800000e+01 -9.764085e+00
      vertex   5.857127e+00 1.800000e+01 -9.692668e+00
    endloop
  endfacet
  facet normal 6.094737e-01 4.645327e-04 7.928062e-01
    outer loop
      vertex   5.876164e+00 1.635873e+01 -9.706341e+00
      vertex   5.857127e+00 1.800000e+01 -9.692668e+00
      vertex   5.775208e+00 1.637425e+01 -9.628740e+00
    endloop
  endfacet
  facet normal 6.212270e-01 -4.885055e-04 7.836305e-01
    outer loop
      vertex   5.775208e+00 1.637425e+01 -9.628740e+00
      vertex   5.857127e+00 1.800000e+01 -9.692668e+00
      vertex   5.756546e+00 1.800000e+01 -9.612932e+00
    endloop
  endfacet
  facet normal 6.705944e-01 4.846946e-04 7.418240e-01
    outer loop
      vertex   5.775208e+00 1.637425e+01 -9.628740e+00
      vertex   5.756546e+00 1.800000e+01 -9.612932e+00
      vertex   5.680743e+00 1.639133e+01 -9.543356e+00
    endloop
  endfacet
  facet normal 6.820406e-01 -5.092205e-04 7.313142e-01
    outer loop
      vertex   5.680743e+00 1.639133e+01 -9.543356e+00
      vertex   5.756546e+00 1.800000e+01 -9.612932e+00
      vertex   5.662680e+00 1.800000e+01 -9.525390e+00
    endloop
  endfacet
  facet normal 7.274671e-01 5.053433e-04 6.861424e-01
    outer loop
      vertex   5.680743e+00 1.639133e+01 -9.543356e+00
      vertex   5.662680e+00 1.800000e+01 -9.525390e+00
      vertex   5.593367e+00 1.640985e+01 -9.450731e+00
    endloop
  endfacet
  facet normal 7.384650e-01 -5.304549e-04 6.742916e-01
    outer loop
      vertex   5.593367e+00 1.640985e+01 -9.450731e+00
      vertex   5.662680e+00 1.800000e+01 -9.525390e+00
      vertex   5.576133e+00 1.800000e+01 -9.430607e+00
    endloop
  endfacet
  facet normal 7.797313e-01 5.265186e-04 6.261140e-01
    outer loop
      vertex   5.593367e+00 1.640985e+01 -9.450731e+00
      vertex   5.576133e+00 1.800000e+01 -9.430607e+00
      vertex   5.513633e+00 1.642971e+01 -9.351452e+00
    endloop
  endfacet
  facet normal 7.901372e-01 -5.522447e-04 6.129297e-01
    outer loop
      vertex   5.513633e+00 1.642971e+01 -9.351452e+00
      vertex   5.576133e+00 1.800000e+01 -9.430607e+00
      vertex   5.497462e+00 1.800000e+01 -9.329190e+00
    endloop
  endfacet
  facet normal 8.270560e-01 5.482556e-04 5.621192e-01
    outer loop
      vertex   5.513633e+00 1.642971e+01 -9.351452e+00
      vertex   5.497462e+00 1.800000e+01 -9.329190e+00
      vertex   5.442046e+00 1.645077e+01 -9.246145e+00
    endloop
  endfacet
  facet normal 8.367247e-01 -5.746208e-04 5.476235e-01
    outer loop
      vertex   5.442046e+00 1.645077e+01 -9.246145e+00
      vertex   5.497462e+00 1.800000e+01 -9.329190e+00
      vertex   5.427173e+00 1.800000e+01 -9.221795e+00
    endloop
  endfacet
  facet normal 8.691413e-01 5.705841e-04 4.945635e-01
    outer loop
      vertex   5.442046e+00 1.645077e+01 -9.246145e+00
      vertex   5.427173e+00 1.800000e+01 -9.221795e+00
      vertex   5.379061e+00 1.647290e+01 -9.135480e+00
    endloop
  endfacet
  facet normal 8.779275e-01 -5.976082e-04 4.787932e-01
    outer loop
      vertex   5.379061e+00 1.647290e+01 -9.135480e+00
      vertex   5.427173e+00 1.800000e+01 -9.221795e+00
      vertex   5.365719e+00 1.800000e+01 -9.109111e+00
    endloop
  endfacet
  facet normal 9.057205e-01 5.935278e-04 4.238749e-01
    outer loop
      vertex   5.379061e+00 1.647290e+01 -9.135480e+00
      vertex   5.365719e+00 1.800000e+01 -9.109111e+00
      vertex   5.325074e+00 1.649597e+01 -9.020157e+00
    endloop
  endfacet
  facet normal 9.134807e-01 -6.212251e-04 4.068816e-01
    outer loop
      vertex   5.325074e+00 1.649597e+01 -9.020157e+00
      vertex   5.365719e+00 1.800000e+01 -9.109111e+00
      vertex   5.313495e+00 1.800000e+01 -8.991863e+00
    endloop
  endfacet
  facet normal 9.365620e-01 6.171034e-04 3.505014e-01
    outer loop
      vertex   5.325074e+00 1.649597e+01 -9.020157e+00
      vertex   5.313495e+00 1.800000e+01 -8.991863e+00
      vertex   5.280430e+00 1.651982e+01 -8.900906e+00
    endloop
  endfacet
  facet normal 9.431553e-01 -6.454819e-04 3.323517e-01
    outer loop
      vertex   5.280430e+00 1.651982e+01 -8.900906e+00
      vertex   5.313495e+00 1.800000e+01 -8.991863e+00
      vertex   5.270836e+00 1.800000e+01 -8.870807e+00
    endloop
  endfacet
  facet normal 9.614704e-01 6.413190e-04 2.749078e-01
    outer loop
      vertex   5.280430e+00 1.651982e+01 -8.900906e+00
      vertex   5.270836e+00 1.800000e+01 -8.870807e+00
      vertex   5.245410e+00 1.654430e+01 -8.778482e+00
    endloop
  endfacet
  facet normal 9.667604e-01 -6.703796e-04 2.556830e-01
    outer loop
      vertex   5.245410e+00 1.654430e+01 -8.778482e+00
      vertex   5.270836e+00 1.800000e+01 -8.870807e+00
      vertex   5.238019e+00 1.800000e+01 -8.746721e+00
    endloop
  endfacet
  facet normal 9.802879e-01 6.661733e-04 1.975731e-01
    outer loop
      vertex   5.245410e+00 1.654430e+01 -8.778482e+00
      vertex   5.238019e+00 1.800000e+01 -8.746721e+00
      vertex   5.220235e+00 1.656927e+01 -8.653661e+00
    endloop
  endfacet
  facet normal 9.841442e-01 -6.959090e-04 1.773689e-01
    outer loop
      vertex   5.220235e+00 1.656927e+01 -8.653661e+00
      vertex   5.238019e+00 1.800000e+01 -8.746721e+00
      vertex   5.215253e+00 1.800000e+01 -8.620403e+00
    endloop
  endfacet
  facet normal 9.928955e-01 6.916538e-04 1.189874e-01
    outer loop
      vertex   5.220235e+00 1.656927e+01 -8.653661e+00
      vertex   5.215253e+00 1.800000e+01 -8.620403e+00
      vertex   5.205067e+00 1.659455e+01 -8.527233e+00
    endloop
  endfacet
  facet normal 9.951947e-01 -7.220484e-04 9.791339e-02
    outer loop
      vertex   5.205067e+00 1.659455e+01 -8.527233e+00
      vertex   5.215253e+00 1.800000e+01 -8.620403e+00
      vertex   5.202686e+00 1.800000e+01 -8.492668e+00
    endloop
  endfacet
  facet normal 9.992134e-01 7.177354e-04 3.964861e-02
    outer loop
      vertex   5.205067e+00 1.659455e+01 -8.527233e+00
      vertex   5.202686e+00 1.800000e+01 -8.492668e+00
      vertex   5.200000e+00 1.662000e+01 -8.400000e+00
    endloop
  endfacet
  facet normal 9.998408e-01 -7.487629e-04 1.782778e-02
    outer loop
      vertex   5.200000e+00 1.662000e+01 -8.400000e+00
      vertex   5.202686e+00 1.800000e+01 -8.492668e+00
      vertex   5.200398e+00 1.800000e+01 -8.364335e+00
    endloop
  endfacet
  facet normal 9.992706e-01 6.989020e-04 -3.818167e-02
    outer loop
      vertex   5.200000e+00 1.662000e+01 -8.400000e+00
      vertex   5.200398e+00 1.800000e+01 -8.364335e+00
      vertex   5.204631e+00 1.664433e+01 -8.278353e+00
    endloop
  endfacet
  facet normal 9.980526e-01 -8.391845e-04 -6.237256e-02
    outer loop
      vertex   5.204631e+00 1.664433e+01 -8.278353e+00
      vertex   5.200398e+00 1.800000e+01 -8.364335e+00
      vertex   5.208403e+00 1.800000e+01 -8.236233e+00
    endloop
  endfacet
  facet normal 9.934736e-01 7.794756e-04 -1.140599e-01
    outer loop
      vertex   5.204631e+00 1.664433e+01 -8.278353e+00
      vertex   5.208403e+00 1.800000e+01 -8.236233e+00
      vertex   5.218497e+00 1.666852e+01 -8.157411e+00
    endloop
  endfacet
  facet normal 9.898416e-01 -9.122255e-04 -1.421715e-01
    outer loop
      vertex   5.218497e+00 1.666852e+01 -8.157411e+00
      vertex   5.208403e+00 1.800000e+01 -8.236233e+00
      vertex   5.226651e+00 1.800000e+01 -8.109184e+00
    endloop
  endfacet
  facet normal 9.819241e-01 8.422955e-04 -1.892730e-01
    outer loop
      vertex   5.218497e+00 1.666852e+01 -8.157411e+00
      vertex   5.226651e+00 1.800000e+01 -8.109184e+00
      vertex   5.241519e+00 1.669243e+01 -8.037873e+00
    endloop
  endfacet
  facet normal 9.752607e-01 -9.667930e-04 -2.210555e-01
    outer loop
      vertex   5.241519e+00 1.669243e+01 -8.037873e+00
      vertex   5.226651e+00 1.800000e+01 -8.109184e+00
      vertex   5.255024e+00 1.800000e+01 -7.984007e+00
    endloop
  endfacet
  facet normal 9.646903e-01 8.861762e-04 -2.633854e-01
    outer loop
      vertex   5.241519e+00 1.669243e+01 -8.037873e+00
      vertex   5.255024e+00 1.800000e+01 -7.984007e+00
      vertex   5.273562e+00 1.671591e+01 -7.920431e+00
    endloop
  endfacet
  facet normal 9.544038e-01 -1.001711e-03 -2.985170e-01
    outer loop
      vertex   5.273562e+00 1.671591e+01 -7.920431e+00
      vertex   5.255024e+00 1.800000e+01 -7.984007e+00
      vertex   5.293340e+00 1.800000e+01 -7.861507e+00
    endloop
  endfacet
  facet normal 9.418730e-01 9.098469e-04 -3.359680e-01
    outer loop
      vertex   5.273562e+00 1.671591e+01 -7.920431e+00
      vertex   5.293340e+00 1.800000e+01 -7.861507e+00
      vertex   5.314441e+00 1.673885e+01 -7.805765e+00
    endloop
  endfacet
  facet normal 9.274050e-01 -1.015736e-03 -3.740574e-01
    outer loop
      vertex   5.314441e+00 1.673885e+01 -7.805765e+00
      vertex   5.293340e+00 1.800000e+01 -7.861507e+00
      vertex   5.341351e+00 1.800000e+01 -7.742472e+00
    endloop
  endfacet
  facet normal 9.136054e-01 9.119740e-04 -4.066010e-01
    outer loop
      vertex   5.314441e+00 1.673885e+01 -7.805765e+00
      vertex   5.341351e+00 1.800000e+01 -7.742472e+00
      vertex   5.363920e+00 1.676109e+01 -7.694540e+00
    endloop
  endfacet
  facet normal 8.944381e-01 -1.007581e-03 -4.471906e-01
    outer loop
      vertex   5.363920e+00 1.676109e+01 -7.694540e+00
      vertex   5.341351e+00 1.800000e+01 -7.742472e+00
      vertex   5.398749e+00 1.800000e+01 -7.627669e+00
    endloop
  endfacet
  facet normal 8.800522e-01 8.911888e-04 -4.748761e-01
    outer loop
      vertex   5.363920e+00 1.676109e+01 -7.694540e+00
      vertex   5.398749e+00 1.800000e+01 -7.627669e+00
      vertex   5.421712e+00 1.678252e+01 -7.587398e+00
    endloop
  endfacet
  facet normal 8.557153e-01 -9.759420e-04 -5.174461e-01
    outer loop
      vertex   5.421712e+00 1.678252e+01 -7.587398e+00
      vertex   5.398749e+00 1.800000e+01 -7.627669e+00
      vertex   5.465164e+00 1.800000e+01 -7.517836e+00
    endloop
  endfacet
  facet normal 8.414084e-01 8.461219e-04 -5.403991e-01
    outer loop
      vertex   5.421712e+00 1.678252e+01 -7.587398e+00
      vertex   5.465164e+00 1.800000e+01 -7.517836e+00
      vertex   5.487483e+00 1.680301e+01 -7.484960e+00
    endloop
  endfacet
  facet normal 8.114856e-01 -9.195273e-04 -5.843716e-01
    outer loop
      vertex   5.487483e+00 1.680301e+01 -7.484960e+00
      vertex   5.465164e+00 1.800000e+01 -7.517836e+00
      vertex   5.540170e+00 1.800000e+01 -7.413679e+00
    endloop
  endfacet
  facet normal 7.978982e-01 7.754427e-04 -6.027917e-01
    outer loop
      vertex   5.487483e+00 1.680301e+01 -7.484960e+00
      vertex   5.540170e+00 1.800000e+01 -7.413679e+00
      vertex   5.560852e+00 1.682244e+01 -7.387819e+00
    endloop
  endfacet
  facet normal 7.620339e-01 -8.370960e-04 -6.475366e-01
    outer loop
      vertex   5.560852e+00 1.682244e+01 -7.387819e+00
      vertex   5.540170e+00 1.800000e+01 -7.413679e+00
      vertex   5.623283e+00 1.800000e+01 -7.315870e+00
    endloop
  endfacet
  facet normal 7.497738e-01 6.779050e-04 -6.616939e-01
    outer loop
      vertex   5.560852e+00 1.682244e+01 -7.387819e+00
      vertex   5.623283e+00 1.800000e+01 -7.315870e+00
      vertex   5.641393e+00 1.684069e+01 -7.296537e+00
    endloop
  endfacet
  facet normal 7.076782e-01 -7.274971e-04 -7.065345e-01
    outer loop
      vertex   5.641393e+00 1.684069e+01 -7.296537e+00
      vertex   5.623283e+00 1.800000e+01 -7.315870e+00
      vertex   5.713968e+00 1.800000e+01 -7.225038e+00
    endloop
  endfacet
  facet normal 6.973133e-01 5.523960e-04 -7.167662e-01
    outer loop
      vertex   5.641393e+00 1.684069e+01 -7.296537e+00
      vertex   5.713968e+00 1.800000e+01 -7.225038e+00
      vertex   5.728642e+00 1.685767e+01 -7.211643e+00
    endloop
  endfacet
  facet normal 6.487684e-01 -5.897126e-04 -7.609857e-01
    outer loop
      vertex   5.728642e+00 1.685767e+01 -7.211643e+00
      vertex   5.713968e+00 1.800000e+01 -7.225038e+00
      vertex   5.811643e+00 1.800000e+01 -7.141767e+00
    endloop
  endfacet
  facet normal 6.408199e-01 3.979881e-04 -7.676911e-01
    outer loop
      vertex   5.728642e+00 1.685767e+01 -7.211643e+00
      vertex   5.811643e+00 1.800000e+01 -7.141767e+00
      vertex   5.822093e+00 1.687327e+01 -7.133628e+00
    endloop
  endfacet
  facet normal 5.856836e-01 -4.229028e-04 -8.105397e-01
    outer loop
      vertex   5.822093e+00 1.687327e+01 -7.133628e+00
      vertex   5.811643e+00 1.800000e+01 -7.141767e+00
      vertex   5.915678e+00 1.800000e+01 -7.066593e+00
    endloop
  endfacet
  facet normal 5.806196e-01 2.139908e-04 -8.141750e-01
    outer loop
      vertex   5.822093e+00 1.687327e+01 -7.133628e+00
      vertex   5.915678e+00 1.800000e+01 -7.066593e+00
      vertex   5.921205e+00 1.688741e+01 -7.062944e+00
    endloop
  endfacet
  facet normal 5.188297e-01 -2.264499e-04 -8.548776e-01
    outer loop
      vertex   5.921205e+00 1.688741e+01 -7.062944e+00
      vertex   5.915678e+00 1.800000e+01 -7.066593e+00
      vertex   6.025403e+00 1.800000e+01 -7.000000e+00
    endloop
  endfacet
  facet normal 5.170593e-01 1.425003e-16 -8.559496e-01
    outer loop
      vertex   5.921205e+00 1.688741e+01 -7.062944e+00
      vertex   6.025403e+00 1.800000e+01 -7.000000e+00
      vertex   6.025403e+00 1.690000e+01 -7.000000e+00
    endloop
  endfacet
endsolid
