solid ASCII
  facet normal 9.984584e-01 -5.550466e-02 -2.580778e-04
    outer loop
      vertex   2.601232e+01 2.453169e-01 -4.000000e+00
      vertex   2.601491e+01 2.673792e-01 1.254545e+00
      vertex   2.600000e+01 2.364053e-02 -4.000000e+00
    endloop
  endfacet
  facet normal 9.981348e-01 -6.104854e-02 0.000000e+00
    outer loop
      vertex   2.600000e+01 2.364053e-02 -4.000000e+00
      vertex   2.601491e+01 2.673792e-01 1.254545e+00
      vertex   2.601491e+01 2.673792e-01 6.509091e+00
    endloop
  endfacet
  facet normal 9.981348e-01 -6.104854e-02 0.000000e+00
    outer loop
      vertex   2.600000e+01 2.364053e-02 -4.000000e+00
      vertex   2.601491e+01 2.673792e-01 6.509091e+00
      vertex   2.601491e+01 2.673792e-01 1.176364e+01
    endloop
  endfacet
  facet normal 9.832549e-01 -1.822355e-01 0.000000e+00
    outer loop
      vertex   2.601491e+01 2.673792e-01 1.176364e+01
      vertex   2.601491e+01 2.673792e-01 6.509091e+00
      vertex   2.605941e+01 5.074843e-01 1.176364e+01
    endloop
  endfacet
  facet normal 9.832549e-01 -1.822355e-01 0.000000e+00
    outer loop
      vertex   2.601491e+01 2.673792e-01 1.176364e+01
      vertex   2.605941e+01 5.074843e-01 1.176364e+01
      vertex   2.605941e+01 5.074843e-01 1.701818e+01
    endloop
  endfacet
  facet normal 9.537170e-01 -3.007058e-01 0.000000e+00
    outer loop
      vertex   2.605941e+01 5.074843e-01 1.701818e+01
      vertex   2.605941e+01 5.074843e-01 1.176364e+01
      vertex   2.613284e+01 7.403764e-01 1.701818e+01
    endloop
  endfacet
  facet normal 9.537170e-01 -3.007058e-01 0.000000e+00
    outer loop
      vertex   2.605941e+01 5.074843e-01 1.701818e+01
      vertex   2.613284e+01 7.403764e-01 1.701818e+01
      vertex   2.613284e+01 7.403764e-01 2.227273e+01
    endloop
  endfacet
  facet normal 9.099613e-01 -4.146932e-01 0.000000e+00
    outer loop
      vertex   2.613284e+01 7.403764e-01 2.227273e+01
      vertex   2.613284e+01 7.403764e-01 1.701818e+01
      vertex   2.623410e+01 9.625837e-01 2.227273e+01
    endloop
  endfacet
  facet normal 9.099613e-01 -4.146932e-01 0.000000e+00
    outer loop
      vertex   2.613284e+01 7.403764e-01 2.227273e+01
      vertex   2.623410e+01 9.625837e-01 2.227273e+01
      vertex   2.623410e+01 9.625837e-01 2.752727e+01
    endloop
  endfacet
  facet normal 8.526402e-01 -5.224986e-01 0.000000e+00
    outer loop
      vertex   2.623410e+01 9.625837e-01 2.752727e+01
      vertex   2.623410e+01 9.625837e-01 2.227273e+01
      vertex   2.636170e+01 1.170793e+00 2.752727e+01
    endloop
  endfacet
  facet normal 8.526402e-01 -5.224986e-01 0.000000e+00
    outer loop
      vertex   2.623410e+01 9.625837e-01 2.752727e+01
      vertex   2.636170e+01 1.170793e+00 2.752727e+01
      vertex   2.636170e+01 1.170793e+00 3.278182e+01
    endloop
  endfacet
  facet normal 7.826082e-01 -6.225146e-01 0.000000e+00
    outer loop
      vertex   2.636170e+01 1.170793e+00 3.278182e+01
      vertex   2.636170e+01 1.170793e+00 2.752727e+01
      vertex   2.651371e+01 1.361902e+00 3.278182e+01
    endloop
  endfacet
  facet normal 7.826082e-01 -6.225146e-01 0.000000e+00
    outer loop
      vertex   2.636170e+01 1.170793e+00 3.278182e+01
      vertex   2.651371e+01 1.361902e+00 3.278182e+01
      vertex   2.651371e+01 1.361902e+00 3.803636e+01
    endloop
  endfacet
  facet normal 7.009093e-01 -7.132504e-01 0.000000e+00
    outer loop
      vertex   2.651371e+01 1.361902e+00 3.803636e+01
      vertex   2.651371e+01 1.361902e+00 3.278182e+01
      vertex   2.668788e+01 1.533060e+00 3.803636e+01
    endloop
  endfacet
  facet normal 7.009093e-01 -7.132504e-01 0.000000e+00
    outer loop
      vertex   2.651371e+01 1.361902e+00 3.803636e+01
      vertex   2.668788e+01 1.533060e+00 3.803636e+01
      vertex   2.668788e+01 1.533060e+00 4.329091e+01
    endloop
  endfacet
  facet normal 6.087614e-01 -7.933533e-01 0.000000e+00
    outer loop
      vertex   2.668788e+01 1.533060e+00 4.329091e+01
      vertex   2.668788e+01 1.533060e+00 3.803636e+01
      vertex   2.688161e+01 1.681716e+00 4.329091e+01
    endloop
  endfacet
  facet normal 6.087614e-01 -7.933533e-01 0.000000e+00
    outer loop
      vertex   2.668788e+01 1.533060e+00 4.329091e+01
      vertex   2.688161e+01 1.681716e+00 4.329091e+01
      vertex   2.688161e+01 1.681716e+00 4.854545e+01
    endloop
  endfacet
  facet normal 5.075384e-01 -8.616292e-01 0.000000e+00
    outer loop
      vertex   2.688161e+01 1.681716e+00 4.854545e+01
      vertex   2.688161e+01 1.681716e+00 4.329091e+01
      vertex   2.709202e+01 1.805654e+00 4.854545e+01
    endloop
  endfacet
  facet normal 5.075383e-01 -8.616291e-01 4.223894e-04
    outer loop
      vertex   2.688161e+01 1.681716e+00 4.854545e+01
      vertex   2.709202e+01 1.805654e+00 4.854545e+01
      vertex   2.691872e+01 1.706148e+00 5.380000e+01
    endloop
  endfacet
  facet normal 4.931139e-01 -8.699647e-01 -2.111980e-04
    outer loop
      vertex   2.691872e+01 1.706148e+00 5.380000e+01
      vertex   2.709202e+01 1.805654e+00 4.854545e+01
      vertex   2.711187e+01 1.815628e+00 5.380000e+01
    endloop
  endfacet
  facet normal 3.936502e-01 -9.192603e-01 2.580778e-04
    outer loop
      vertex   2.711187e+01 1.815628e+00 5.380000e+01
      vertex   2.709202e+01 1.805654e+00 4.854545e+01
      vertex   2.731596e+01 1.903026e+00 5.380000e+01
    endloop
  endfacet
  facet normal 3.987491e-01 -9.170601e-01 0.000000e+00
    outer loop
      vertex   2.731596e+01 1.903026e+00 5.380000e+01
      vertex   2.709202e+01 1.805654e+00 4.854545e+01
      vertex   2.709202e+01 1.805654e+00 4.329091e+01
    endloop
  endfacet
  facet normal 3.987491e-01 -9.170601e-01 0.000000e+00
    outer loop
      vertex   2.731596e+01 1.903026e+00 5.380000e+01
      vertex   2.709202e+01 1.805654e+00 4.329091e+01
      vertex   2.709202e+01 1.805654e+00 3.803636e+01
    endloop
  endfacet
  facet normal 5.075384e-01 -8.616292e-01 0.000000e+00
    outer loop
      vertex   2.709202e+01 1.805654e+00 3.803636e+01
      vertex   2.709202e+01 1.805654e+00 4.329091e+01
      vertex   2.688161e+01 1.681716e+00 3.803636e+01
    endloop
  endfacet
  facet normal 5.075384e-01 -8.616292e-01 0.000000e+00
    outer loop
      vertex   2.709202e+01 1.805654e+00 3.803636e+01
      vertex   2.688161e+01 1.681716e+00 3.803636e+01
      vertex   2.688161e+01 1.681716e+00 3.278182e+01
    endloop
  endfacet
  facet normal 6.087614e-01 -7.933533e-01 0.000000e+00
    outer loop
      vertex   2.688161e+01 1.681716e+00 3.278182e+01
      vertex   2.688161e+01 1.681716e+00 3.803636e+01
      vertex   2.668788e+01 1.533060e+00 3.278182e+01
    endloop
  endfacet
  facet normal 6.087614e-01 -7.933533e-01 0.000000e+00
    outer loop
      vertex   2.688161e+01 1.681716e+00 3.278182e+01
      vertex   2.668788e+01 1.533060e+00 3.278182e+01
      vertex   2.668788e+01 1.533060e+00 2.752727e+01
    endloop
  endfacet
  facet normal 7.009093e-01 -7.132504e-01 0.000000e+00
    outer loop
      vertex   2.668788e+01 1.533060e+00 2.752727e+01
      vertex   2.668788e+01 1.533060e+00 3.278182e+01
      vertex   2.651371e+01 1.361902e+00 2.752727e+01
    endloop
  endfacet
  facet normal 7.009093e-01 -7.132504e-01 0.000000e+00
    outer loop
      vertex   2.668788e+01 1.533060e+00 2.752727e+01
      vertex   2.651371e+01 1.361902e+00 2.752727e+01
      vertex   2.651371e+01 1.361902e+00 2.227273e+01
    endloop
  endfacet
  facet normal 7.826082e-01 -6.225146e-01 0.000000e+00
    outer loop
      vertex   2.651371e+01 1.361902e+00 2.227273e+01
      vertex   2.651371e+01 1.361902e+00 2.752727e+01
      vertex   2.636170e+01 1.170793e+00 2.227273e+01
    endloop
  endfacet
  facet normal 7.826082e-01 -6.225146e-01 0.000000e+00
    outer loop
      vertex   2.651371e+01 1.361902e+00 2.227273e+01
      vertex   2.636170e+01 1.170793e+00 2.227273e+01
      vertex   2.636170e+01 1.170793e+00 1.701818e+01
    endloop
  endfacet
  facet normal 8.526402e-01 -5.224986e-01 0.000000e+00
    outer loop
      vertex   2.636170e+01 1.170793e+00 1.701818e+01
      vertex   2.636170e+01 1.170793e+00 2.227273e+01
      vertex   2.623410e+01 9.625837e-01 1.701818e+01
    endloop
  endfacet
  facet normal 8.526402e-01 -5.224986e-01 0.000000e+00
    outer loop
      vertex   2.636170e+01 1.170793e+00 1.701818e+01
      vertex   2.623410e+01 9.625837e-01 1.701818e+01
      vertex   2.623410e+01 9.625837e-01 1.176364e+01
    endloop
  endfacet
  facet normal 9.099613e-01 -4.146932e-01 0.000000e+00
    outer loop
      vertex   2.623410e+01 9.625837e-01 1.176364e+01
      vertex   2.623410e+01 9.625837e-01 1.701818e+01
      vertex   2.613284e+01 7.403764e-01 1.176364e+01
    endloop
  endfacet
  facet normal 9.099613e-01 -4.146932e-01 0.000000e+00
    outer loop
      vertex   2.623410e+01 9.625837e-01 1.176364e+01
      vertex   2.613284e+01 7.403764e-01 1.176364e+01
      vertex   2.613284e+01 7.403764e-01 6.509091e+00
    endloop
  endfacet
  facet normal 9.537170e-01 -3.007058e-01 0.000000e+00
    outer loop
      vertex   2.613284e+01 7.403764e-01 6.509091e+00
      vertex   2.613284e+01 7.403764e-01 1.176364e+01
      vertex   2.605941e+01 5.074843e-01 6.509091e+00
    endloop
  endfacet
  facet normal 9.537170e-01 -3.007058e-01 0.000000e+00
    outer loop
      vertex   2.613284e+01 7.403764e-01 6.509091e+00
      vertex   2.605941e+01 5.074843e-01 6.509091e+00
      vertex   2.605941e+01 5.074843e-01 1.254545e+00
    endloop
  endfacet
  facet normal 9.832549e-01 -1.822355e-01 0.000000e+00
    outer loop
      vertex   2.605941e+01 5.074843e-01 1.254545e+00
      vertex   2.605941e+01 5.074843e-01 6.509091e+00
      vertex   2.601491e+01 2.673792e-01 1.254545e+00
    endloop
  endfacet
  facet normal 9.832548e-01 -1.822355e-01 -4.223894e-04
    outer loop
      vertex   2.605941e+01 5.074843e-01 1.254545e+00
      vertex   2.601491e+01 2.673792e-01 1.254545e+00
      vertex   2.604914e+01 4.642616e-01 -4.000000e+00
    endloop
  endfacet
  facet normal 9.861543e-01 -1.658300e-01 2.111980e-04
    outer loop
      vertex   2.604914e+01 4.642616e-01 -4.000000e+00
      vertex   2.601491e+01 2.673792e-01 1.254545e+00
      vertex   2.601232e+01 2.453169e-01 -4.000000e+00
    endloop
  endfacet
  facet normal 9.616978e-01 -2.741118e-01 3.754901e-04
    outer loop
      vertex   2.604914e+01 4.642616e-01 -4.000000e+00
      vertex   2.611000e+01 6.777765e-01 -4.000000e+00
      vertex   2.605941e+01 5.074843e-01 1.254545e+00
    endloop
  endfacet
  facet normal 9.537168e-01 -3.007058e-01 -5.632206e-04
    outer loop
      vertex   2.605941e+01 5.074843e-01 1.254545e+00
      vertex   2.611000e+01 6.777765e-01 -4.000000e+00
      vertex   2.613284e+01 7.403764e-01 1.254545e+00
    endloop
  endfacet
  facet normal 9.537170e-01 -3.007058e-01 0.000000e+00
    outer loop
      vertex   2.605941e+01 5.074843e-01 1.254545e+00
      vertex   2.613284e+01 7.403764e-01 1.254545e+00
      vertex   2.613284e+01 7.403764e-01 6.509091e+00
    endloop
  endfacet
  facet normal 9.099613e-01 -4.146932e-01 0.000000e+00
    outer loop
      vertex   2.613284e+01 7.403764e-01 6.509091e+00
      vertex   2.613284e+01 7.403764e-01 1.254545e+00
      vertex   2.623410e+01 9.625837e-01 6.509091e+00
    endloop
  endfacet
  facet normal 9.099613e-01 -4.146932e-01 0.000000e+00
    outer loop
      vertex   2.613284e+01 7.403764e-01 6.509091e+00
      vertex   2.623410e+01 9.625837e-01 6.509091e+00
      vertex   2.623410e+01 9.625837e-01 1.176364e+01
    endloop
  endfacet
  facet normal 8.526402e-01 -5.224986e-01 0.000000e+00
    outer loop
      vertex   2.623410e+01 9.625837e-01 1.176364e+01
      vertex   2.623410e+01 9.625837e-01 6.509091e+00
      vertex   2.636170e+01 1.170793e+00 1.176364e+01
    endloop
  endfacet
  facet normal 8.526402e-01 -5.224986e-01 0.000000e+00
    outer loop
      vertex   2.623410e+01 9.625837e-01 1.176364e+01
      vertex   2.636170e+01 1.170793e+00 1.176364e+01
      vertex   2.636170e+01 1.170793e+00 1.701818e+01
    endloop
  endfacet
  facet normal 7.826082e-01 -6.225146e-01 0.000000e+00
    outer loop
      vertex   2.636170e+01 1.170793e+00 1.701818e+01
      vertex   2.636170e+01 1.170793e+00 1.176364e+01
      vertex   2.651371e+01 1.361902e+00 1.701818e+01
    endloop
  endfacet
  facet normal 7.826082e-01 -6.225146e-01 0.000000e+00
    outer loop
      vertex   2.636170e+01 1.170793e+00 1.701818e+01
      vertex   2.651371e+01 1.361902e+00 1.701818e+01
      vertex   2.651371e+01 1.361902e+00 2.227273e+01
    endloop
  endfacet
  facet normal 7.009093e-01 -7.132504e-01 0.000000e+00
    outer loop
      vertex   2.651371e+01 1.361902e+00 2.227273e+01
      vertex   2.651371e+01 1.361902e+00 1.701818e+01
      vertex   2.668788e+01 1.533060e+00 2.227273e+01
    endloop
  endfacet
  facet normal 7.009093e-01 -7.132504e-01 0.000000e+00
    outer loop
      vertex   2.651371e+01 1.361902e+00 2.227273e+01
      vertex   2.668788e+01 1.533060e+00 2.227273e+01
      vertex   2.668788e+01 1.533060e+00 2.752727e+01
    endloop
  endfacet
  facet normal 6.087614e-01 -7.933533e-01 0.000000e+00
    outer loop
      vertex   2.668788e+01 1.533060e+00 2.752727e+01
      vertex   2.668788e+01 1.533060e+00 2.227273e+01
      vertex   2.688161e+01 1.681716e+00 2.752727e+01
    endloop
  endfacet
  facet normal 6.087614e-01 -7.933533e-01 0.000000e+00
    outer loop
      vertex   2.668788e+01 1.533060e+00 2.752727e+01
      vertex   2.688161e+01 1.681716e+00 2.752727e+01
      vertex   2.688161e+01 1.681716e+00 3.278182e+01
    endloop
  endfacet
  facet normal 5.075384e-01 -8.616292e-01 0.000000e+00
    outer loop
      vertex   2.688161e+01 1.681716e+00 3.278182e+01
      vertex   2.688161e+01 1.681716e+00 2.752727e+01
      vertex   2.709202e+01 1.805654e+00 3.278182e+01
    endloop
  endfacet
  facet normal 5.075384e-01 -8.616292e-01 0.000000e+00
    outer loop
      vertex   2.688161e+01 1.681716e+00 3.278182e+01
      vertex   2.709202e+01 1.805654e+00 3.278182e+01
      vertex   2.709202e+01 1.805654e+00 3.803636e+01
    endloop
  endfacet
  facet normal 3.987491e-01 -9.170601e-01 0.000000e+00
    outer loop
      vertex   2.709202e+01 1.805654e+00 3.803636e+01
      vertex   2.709202e+01 1.805654e+00 3.278182e+01
      vertex   2.731596e+01 1.903026e+00 5.380000e+01
    endloop
  endfacet
  facet normal 9.253901e-01 -3.790157e-01 4.928560e-04
    outer loop
      vertex   2.611000e+01 6.777765e-01 -4.000000e+00
      vertex   2.619415e+01 8.832304e-01 -4.000000e+00
      vertex   2.613284e+01 7.403764e-01 1.254545e+00
    endloop
  endfacet
  facet normal 9.099611e-01 -4.146932e-01 -6.571176e-04
    outer loop
      vertex   2.613284e+01 7.403764e-01 1.254545e+00
      vertex   2.619415e+01 8.832304e-01 -4.000000e+00
      vertex   2.623410e+01 9.625837e-01 1.254545e+00
    endloop
  endfacet
  facet normal 9.099613e-01 -4.146932e-01 0.000000e+00
    outer loop
      vertex   2.613284e+01 7.403764e-01 1.254545e+00
      vertex   2.623410e+01 9.625837e-01 1.254545e+00
      vertex   2.623410e+01 9.625837e-01 6.509091e+00
    endloop
  endfacet
  facet normal 8.526402e-01 -5.224986e-01 0.000000e+00
    outer loop
      vertex   2.623410e+01 9.625837e-01 6.509091e+00
      vertex   2.623410e+01 9.625837e-01 1.254545e+00
      vertex   2.636170e+01 1.170793e+00 6.509091e+00
    endloop
  endfacet
  facet normal 8.526402e-01 -5.224986e-01 0.000000e+00
    outer loop
      vertex   2.623410e+01 9.625837e-01 6.509091e+00
      vertex   2.636170e+01 1.170793e+00 6.509091e+00
      vertex   2.636170e+01 1.170793e+00 1.176364e+01
    endloop
  endfacet
  facet normal 7.826082e-01 -6.225146e-01 0.000000e+00
    outer loop
      vertex   2.636170e+01 1.170793e+00 1.176364e+01
      vertex   2.636170e+01 1.170793e+00 6.509091e+00
      vertex   2.651371e+01 1.361902e+00 1.176364e+01
    endloop
  endfacet
  facet normal 7.826082e-01 -6.225146e-01 0.000000e+00
    outer loop
      vertex   2.636170e+01 1.170793e+00 1.176364e+01
      vertex   2.651371e+01 1.361902e+00 1.176364e+01
      vertex   2.651371e+01 1.361902e+00 1.701818e+01
    endloop
  endfacet
  facet normal 7.009093e-01 -7.132504e-01 0.000000e+00
    outer loop
      vertex   2.651371e+01 1.361902e+00 1.701818e+01
      vertex   2.651371e+01 1.361902e+00 1.176364e+01
      vertex   2.668788e+01 1.533060e+00 1.701818e+01
    endloop
  endfacet
  facet normal 7.009093e-01 -7.132504e-01 0.000000e+00
    outer loop
      vertex   2.651371e+01 1.361902e+00 1.701818e+01
      vertex   2.668788e+01 1.533060e+00 1.701818e+01
      vertex   2.668788e+01 1.533060e+00 2.227273e+01
    endloop
  endfacet
  facet normal 6.087614e-01 -7.933533e-01 0.000000e+00
    outer loop
      vertex   2.668788e+01 1.533060e+00 2.227273e+01
      vertex   2.668788e+01 1.533060e+00 1.701818e+01
      vertex   2.688161e+01 1.681716e+00 2.227273e+01
    endloop
  endfacet
  facet normal 6.087614e-01 -7.933533e-01 0.000000e+00
    outer loop
      vertex   2.668788e+01 1.533060e+00 2.227273e+01
      vertex   2.688161e+01 1.681716e+00 2.227273e+01
      vertex   2.688161e+01 1.681716e+00 2.752727e+01
    endloop
  endfacet
  facet normal 5.075384e-01 -8.616292e-01 0.000000e+00
    outer loop
      vertex   2.688161e+01 1.681716e+00 2.752727e+01
      vertex   2.688161e+01 1.681716e+00 2.227273e+01
      vertex   2.709202e+01 1.805654e+00 2.752727e+01
    endloop
  endfacet
  facet normal 5.075384e-01 -8.616292e-01 0.000000e+00
    outer loop
      vertex   2.688161e+01 1.681716e+00 2.752727e+01
      vertex   2.709202e+01 1.805654e+00 2.752727e+01
      vertex   2.709202e+01 1.805654e+00 3.278182e+01
    endloop
  endfacet
  facet normal 3.987491e-01 -9.170601e-01 0.000000e+00
    outer loop
      vertex   2.709202e+01 1.805654e+00 3.278182e+01
      vertex   2.709202e+01 1.805654e+00 2.752727e+01
      vertex   2.731596e+01 1.903026e+00 5.380000e+01
    endloop
  endfacet
  facet normal 8.776789e-01 -4.792489e-01 5.632814e-04
    outer loop
      vertex   2.619415e+01 8.832304e-01 -4.000000e+00
      vertex   2.630055e+01 1.078091e+00 -4.000000e+00
      vertex   2.623410e+01 9.625837e-01 1.254545e+00
    endloop
  endfacet
  facet normal 8.526400e-01 -5.224984e-01 -7.040691e-04
    outer loop
      vertex   2.623410e+01 9.625837e-01 1.254545e+00
      vertex   2.630055e+01 1.078091e+00 -4.000000e+00
      vertex   2.636170e+01 1.170793e+00 1.254545e+00
    endloop
  endfacet
  facet normal 8.526402e-01 -5.224986e-01 0.000000e+00
    outer loop
      vertex   2.623410e+01 9.625837e-01 1.254545e+00
      vertex   2.636170e+01 1.170793e+00 1.254545e+00
      vertex   2.636170e+01 1.170793e+00 6.509091e+00
    endloop
  endfacet
  facet normal 7.826082e-01 -6.225146e-01 0.000000e+00
    outer loop
      vertex   2.636170e+01 1.170793e+00 6.509091e+00
      vertex   2.636170e+01 1.170793e+00 1.254545e+00
      vertex   2.651371e+01 1.361902e+00 6.509091e+00
    endloop
  endfacet
  facet normal 7.826082e-01 -6.225146e-01 0.000000e+00
    outer loop
      vertex   2.636170e+01 1.170793e+00 6.509091e+00
      vertex   2.651371e+01 1.361902e+00 6.509091e+00
      vertex   2.651371e+01 1.361902e+00 1.176364e+01
    endloop
  endfacet
  facet normal 7.009093e-01 -7.132504e-01 0.000000e+00
    outer loop
      vertex   2.651371e+01 1.361902e+00 1.176364e+01
      vertex   2.651371e+01 1.361902e+00 6.509091e+00
      vertex   2.668788e+01 1.533060e+00 1.176364e+01
    endloop
  endfacet
  facet normal 7.009093e-01 -7.132504e-01 0.000000e+00
    outer loop
      vertex   2.651371e+01 1.361902e+00 1.176364e+01
      vertex   2.668788e+01 1.533060e+00 1.176364e+01
      vertex   2.668788e+01 1.533060e+00 1.701818e+01
    endloop
  endfacet
  facet normal 6.087614e-01 -7.933533e-01 0.000000e+00
    outer loop
      vertex   2.668788e+01 1.533060e+00 1.701818e+01
      vertex   2.668788e+01 1.533060e+00 1.176364e+01
      vertex   2.688161e+01 1.681716e+00 1.701818e+01
    endloop
  endfacet
  facet normal 6.087614e-01 -7.933533e-01 0.000000e+00
    outer loop
      vertex   2.668788e+01 1.533060e+00 1.701818e+01
      vertex   2.688161e+01 1.681716e+00 1.701818e+01
      vertex   2.688161e+01 1.681716e+00 2.227273e+01
    endloop
  endfacet
  facet normal 5.075384e-01 -8.616292e-01 0.000000e+00
    outer loop
      vertex   2.688161e+01 1.681716e+00 2.227273e+01
      vertex   2.688161e+01 1.681716e+00 1.701818e+01
      vertex   2.709202e+01 1.805654e+00 2.227273e+01
    endloop
  endfacet
  facet normal 5.075384e-01 -8.616292e-01 0.000000e+00
    outer loop
      vertex   2.688161e+01 1.681716e+00 2.227273e+01
      vertex   2.709202e+01 1.805654e+00 2.227273e+01
      vertex   2.709202e+01 1.805654e+00 2.752727e+01
    endloop
  endfacet
  facet normal 3.987491e-01 -9.170601e-01 0.000000e+00
    outer loop
      vertex   2.709202e+01 1.805654e+00 2.752727e+01
      vertex   2.709202e+01 1.805654e+00 2.227273e+01
      vertex   2.731596e+01 1.903026e+00 5.380000e+01
    endloop
  endfacet
  facet normal 8.191519e-01 -5.735763e-01 5.867574e-04
    outer loop
      vertex   2.630055e+01 1.078091e+00 -4.000000e+00
      vertex   2.642789e+01 1.259959e+00 -4.000000e+00
      vertex   2.636170e+01 1.170793e+00 1.254545e+00
    endloop
  endfacet
  facet normal 7.826080e-01 -6.225145e-01 -7.040691e-04
    outer loop
      vertex   2.636170e+01 1.170793e+00 1.254545e+00
      vertex   2.642789e+01 1.259959e+00 -4.000000e+00
      vertex   2.651371e+01 1.361902e+00 1.254545e+00
    endloop
  endfacet
  facet normal 7.826082e-01 -6.225146e-01 0.000000e+00
    outer loop
      vertex   2.636170e+01 1.170793e+00 1.254545e+00
      vertex   2.651371e+01 1.361902e+00 1.254545e+00
      vertex   2.651371e+01 1.361902e+00 6.509091e+00
    endloop
  endfacet
  facet normal 7.009093e-01 -7.132504e-01 0.000000e+00
    outer loop
      vertex   2.651371e+01 1.361902e+00 6.509091e+00
      vertex   2.651371e+01 1.361902e+00 1.254545e+00
      vertex   2.668788e+01 1.533060e+00 6.509091e+00
    endloop
  endfacet
  facet normal 7.009093e-01 -7.132504e-01 0.000000e+00
    outer loop
      vertex   2.651371e+01 1.361902e+00 6.509091e+00
      vertex   2.668788e+01 1.533060e+00 6.509091e+00
      vertex   2.668788e+01 1.533060e+00 1.176364e+01
    endloop
  endfacet
  facet normal 6.087614e-01 -7.933533e-01 0.000000e+00
    outer loop
      vertex   2.668788e+01 1.533060e+00 1.176364e+01
      vertex   2.668788e+01 1.533060e+00 6.509091e+00
      vertex   2.688161e+01 1.681716e+00 1.176364e+01
    endloop
  endfacet
  facet normal 6.087614e-01 -7.933533e-01 0.000000e+00
    outer loop
      vertex   2.668788e+01 1.533060e+00 1.176364e+01
      vertex   2.688161e+01 1.681716e+00 1.176364e+01
      vertex   2.688161e+01 1.681716e+00 1.701818e+01
    endloop
  endfacet
  facet normal 5.075384e-01 -8.616292e-01 0.000000e+00
    outer loop
      vertex   2.688161e+01 1.681716e+00 1.701818e+01
      vertex   2.688161e+01 1.681716e+00 1.176364e+01
      vertex   2.709202e+01 1.805654e+00 1.701818e+01
    endloop
  endfacet
  facet normal 5.075384e-01 -8.616292e-01 0.000000e+00
    outer loop
      vertex   2.688161e+01 1.681716e+00 1.701818e+01
      vertex   2.709202e+01 1.805654e+00 1.701818e+01
      vertex   2.709202e+01 1.805654e+00 2.227273e+01
    endloop
  endfacet
  facet normal 3.987491e-01 -9.170601e-01 0.000000e+00
    outer loop
      vertex   2.709202e+01 1.805654e+00 2.227273e+01
      vertex   2.709202e+01 1.805654e+00 1.701818e+01
      vertex   2.731596e+01 1.903026e+00 5.380000e+01
    endloop
  endfacet
  facet normal 7.505305e-01 -6.608356e-01 5.632814e-04
    outer loop
      vertex   2.642789e+01 1.259959e+00 -4.000000e+00
      vertex   2.657461e+01 1.426590e+00 -4.000000e+00
      vertex   2.651371e+01 1.361902e+00 1.254545e+00
    endloop
  endfacet
  facet normal 7.009091e-01 -7.132503e-01 -6.571176e-04
    outer loop
      vertex   2.651371e+01 1.361902e+00 1.254545e+00
      vertex   2.657461e+01 1.426590e+00 -4.000000e+00
      vertex   2.668788e+01 1.533060e+00 1.254545e+00
    endloop
  endfacet
  facet normal 7.009093e-01 -7.132504e-01 0.000000e+00
    outer loop
      vertex   2.651371e+01 1.361902e+00 1.254545e+00
      vertex   2.668788e+01 1.533060e+00 1.254545e+00
      vertex   2.668788e+01 1.533060e+00 6.509091e+00
    endloop
  endfacet
  facet normal 6.087614e-01 -7.933533e-01 0.000000e+00
    outer loop
      vertex   2.668788e+01 1.533060e+00 6.509091e+00
      vertex   2.668788e+01 1.533060e+00 1.254545e+00
      vertex   2.688161e+01 1.681716e+00 6.509091e+00
    endloop
  endfacet
  facet normal 6.087614e-01 -7.933533e-01 0.000000e+00
    outer loop
      vertex   2.668788e+01 1.533060e+00 6.509091e+00
      vertex   2.688161e+01 1.681716e+00 6.509091e+00
      vertex   2.688161e+01 1.681716e+00 1.176364e+01
    endloop
  endfacet
  facet normal 5.075384e-01 -8.616292e-01 0.000000e+00
    outer loop
      vertex   2.688161e+01 1.681716e+00 1.176364e+01
      vertex   2.688161e+01 1.681716e+00 6.509091e+00
      vertex   2.709202e+01 1.805654e+00 1.176364e+01
    endloop
  endfacet
  facet normal 5.075384e-01 -8.616292e-01 0.000000e+00
    outer loop
      vertex   2.688161e+01 1.681716e+00 1.176364e+01
      vertex   2.709202e+01 1.805654e+00 1.176364e+01
      vertex   2.709202e+01 1.805654e+00 1.701818e+01
    endloop
  endfacet
  facet normal 3.987491e-01 -9.170601e-01 0.000000e+00
    outer loop
      vertex   2.709202e+01 1.805654e+00 1.701818e+01
      vertex   2.709202e+01 1.805654e+00 1.176364e+01
      vertex   2.731596e+01 1.903026e+00 5.380000e+01
    endloop
  endfacet
  facet normal 6.726603e-01 -7.399513e-01 4.928560e-04
    outer loop
      vertex   2.657461e+01 1.426590e+00 -4.000000e+00
      vertex   2.673889e+01 1.575933e+00 -4.000000e+00
      vertex   2.668788e+01 1.533060e+00 1.254545e+00
    endloop
  endfacet
  facet normal 6.087613e-01 -7.933532e-01 -5.632206e-04
    outer loop
      vertex   2.668788e+01 1.533060e+00 1.254545e+00
      vertex   2.673889e+01 1.575933e+00 -4.000000e+00
      vertex   2.688161e+01 1.681716e+00 1.254545e+00
    endloop
  endfacet
  facet normal 6.087614e-01 -7.933533e-01 0.000000e+00
    outer loop
      vertex   2.668788e+01 1.533060e+00 1.254545e+00
      vertex   2.688161e+01 1.681716e+00 1.254545e+00
      vertex   2.688161e+01 1.681716e+00 6.509091e+00
    endloop
  endfacet
  facet normal 5.075384e-01 -8.616292e-01 0.000000e+00
    outer loop
      vertex   2.688161e+01 1.681716e+00 6.509091e+00
      vertex   2.688161e+01 1.681716e+00 1.254545e+00
      vertex   2.709202e+01 1.805654e+00 6.509091e+00
    endloop
  endfacet
  facet normal 5.075384e-01 -8.616292e-01 0.000000e+00
    outer loop
      vertex   2.688161e+01 1.681716e+00 6.509091e+00
      vertex   2.709202e+01 1.805654e+00 6.509091e+00
      vertex   2.709202e+01 1.805654e+00 1.176364e+01
    endloop
  endfacet
  facet normal 3.987491e-01 -9.170601e-01 0.000000e+00
    outer loop
      vertex   2.709202e+01 1.805654e+00 1.176364e+01
      vertex   2.709202e+01 1.805654e+00 6.509091e+00
      vertex   2.731596e+01 1.903026e+00 5.380000e+01
    endloop
  endfacet
  facet normal 5.865008e-01 -8.099485e-01 3.754901e-04
    outer loop
      vertex   2.673889e+01 1.575933e+00 -4.000000e+00
      vertex   2.691872e+01 1.706148e+00 -4.000000e+00
      vertex   2.688161e+01 1.681716e+00 1.254545e+00
    endloop
  endfacet
  facet normal 5.075383e-01 -8.616291e-01 -4.223894e-04
    outer loop
      vertex   2.688161e+01 1.681716e+00 1.254545e+00
      vertex   2.691872e+01 1.706148e+00 -4.000000e+00
      vertex   2.709202e+01 1.805654e+00 1.254545e+00
    endloop
  endfacet
  facet normal 5.075384e-01 -8.616292e-01 0.000000e+00
    outer loop
      vertex   2.688161e+01 1.681716e+00 1.254545e+00
      vertex   2.709202e+01 1.805654e+00 1.254545e+00
      vertex   2.709202e+01 1.805654e+00 6.509091e+00
    endloop
  endfacet
  facet normal 4.490355e-01 -8.935139e-01 0.000000e+00
    outer loop
      vertex   2.709202e+01 1.805654e+00 6.509091e+00
      vertex   2.709202e+01 1.805654e+00 1.254545e+00
      vertex   2.711187e+01 1.815628e+00 -4.000000e+00
    endloop
  endfacet
  facet normal 4.134861e-01 -9.105104e-01 -8.327143e-05
    outer loop
      vertex   2.709202e+01 1.805654e+00 6.509091e+00
      vertex   2.711187e+01 1.815628e+00 -4.000000e+00
      vertex   2.731596e+01 1.903026e+00 5.380000e+01
    endloop
  endfacet
  facet normal 3.936502e-01 -9.192603e-01 0.000000e+00
    outer loop
      vertex   2.731596e+01 1.903026e+00 5.380000e+01
      vertex   2.711187e+01 1.815628e+00 -4.000000e+00
      vertex   2.731596e+01 1.903026e+00 -4.000000e+00
    endloop
  endfacet
  facet normal 4.931139e-01 -8.699647e-01 2.111980e-04
    outer loop
      vertex   2.691872e+01 1.706148e+00 -4.000000e+00
      vertex   2.711187e+01 1.815628e+00 -4.000000e+00
      vertex   2.709202e+01 1.805654e+00 1.254545e+00
    endloop
  endfacet
  facet normal 5.865008e-01 -8.099485e-01 -3.754901e-04
    outer loop
      vertex   2.691872e+01 1.706148e+00 5.380000e+01
      vertex   2.673889e+01 1.575933e+00 5.380000e+01
      vertex   2.688161e+01 1.681716e+00 4.854545e+01
    endloop
  endfacet
  facet normal 6.087613e-01 -7.933532e-01 5.632206e-04
    outer loop
      vertex   2.688161e+01 1.681716e+00 4.854545e+01
      vertex   2.673889e+01 1.575933e+00 5.380000e+01
      vertex   2.668788e+01 1.533060e+00 4.854545e+01
    endloop
  endfacet
  facet normal 6.087614e-01 -7.933533e-01 0.000000e+00
    outer loop
      vertex   2.688161e+01 1.681716e+00 4.854545e+01
      vertex   2.668788e+01 1.533060e+00 4.854545e+01
      vertex   2.668788e+01 1.533060e+00 4.329091e+01
    endloop
  endfacet
  facet normal 7.009093e-01 -7.132504e-01 0.000000e+00
    outer loop
      vertex   2.668788e+01 1.533060e+00 4.329091e+01
      vertex   2.668788e+01 1.533060e+00 4.854545e+01
      vertex   2.651371e+01 1.361902e+00 4.329091e+01
    endloop
  endfacet
  facet normal 7.009093e-01 -7.132504e-01 0.000000e+00
    outer loop
      vertex   2.668788e+01 1.533060e+00 4.329091e+01
      vertex   2.651371e+01 1.361902e+00 4.329091e+01
      vertex   2.651371e+01 1.361902e+00 3.803636e+01
    endloop
  endfacet
  facet normal 7.826082e-01 -6.225146e-01 0.000000e+00
    outer loop
      vertex   2.651371e+01 1.361902e+00 3.803636e+01
      vertex   2.651371e+01 1.361902e+00 4.329091e+01
      vertex   2.636170e+01 1.170793e+00 3.803636e+01
    endloop
  endfacet
  facet normal 7.826082e-01 -6.225146e-01 0.000000e+00
    outer loop
      vertex   2.651371e+01 1.361902e+00 3.803636e+01
      vertex   2.636170e+01 1.170793e+00 3.803636e+01
      vertex   2.636170e+01 1.170793e+00 3.278182e+01
    endloop
  endfacet
  facet normal 8.526402e-01 -5.224986e-01 0.000000e+00
    outer loop
      vertex   2.636170e+01 1.170793e+00 3.278182e+01
      vertex   2.636170e+01 1.170793e+00 3.803636e+01
      vertex   2.623410e+01 9.625837e-01 3.278182e+01
    endloop
  endfacet
  facet normal 8.526402e-01 -5.224986e-01 0.000000e+00
    outer loop
      vertex   2.636170e+01 1.170793e+00 3.278182e+01
      vertex   2.623410e+01 9.625837e-01 3.278182e+01
      vertex   2.623410e+01 9.625837e-01 2.752727e+01
    endloop
  endfacet
  facet normal 9.099613e-01 -4.146932e-01 0.000000e+00
    outer loop
      vertex   2.623410e+01 9.625837e-01 2.752727e+01
      vertex   2.623410e+01 9.625837e-01 3.278182e+01
      vertex   2.613284e+01 7.403764e-01 2.752727e+01
    endloop
  endfacet
  facet normal 9.099613e-01 -4.146932e-01 0.000000e+00
    outer loop
      vertex   2.623410e+01 9.625837e-01 2.752727e+01
      vertex   2.613284e+01 7.403764e-01 2.752727e+01
      vertex   2.613284e+01 7.403764e-01 2.227273e+01
    endloop
  endfacet
  facet normal 9.537170e-01 -3.007058e-01 0.000000e+00
    outer loop
      vertex   2.613284e+01 7.403764e-01 2.227273e+01
      vertex   2.613284e+01 7.403764e-01 2.752727e+01
      vertex   2.605941e+01 5.074843e-01 2.227273e+01
    endloop
  endfacet
  facet normal 9.537170e-01 -3.007058e-01 0.000000e+00
    outer loop
      vertex   2.613284e+01 7.403764e-01 2.227273e+01
      vertex   2.605941e+01 5.074843e-01 2.227273e+01
      vertex   2.605941e+01 5.074843e-01 1.701818e+01
    endloop
  endfacet
  facet normal 9.832549e-01 -1.822355e-01 0.000000e+00
    outer loop
      vertex   2.605941e+01 5.074843e-01 1.701818e+01
      vertex   2.605941e+01 5.074843e-01 2.227273e+01
      vertex   2.601491e+01 2.673792e-01 1.701818e+01
    endloop
  endfacet
  facet normal 9.832549e-01 -1.822355e-01 0.000000e+00
    outer loop
      vertex   2.605941e+01 5.074843e-01 1.701818e+01
      vertex   2.601491e+01 2.673792e-01 1.701818e+01
      vertex   2.601491e+01 2.673792e-01 1.176364e+01
    endloop
  endfacet
  facet normal 9.981348e-01 -6.104854e-02 0.000000e+00
    outer loop
      vertex   2.601491e+01 2.673792e-01 1.176364e+01
      vertex   2.601491e+01 2.673792e-01 1.701818e+01
      vertex   2.600000e+01 2.364053e-02 -4.000000e+00
    endloop
  endfacet
  facet normal 6.726603e-01 -7.399513e-01 -4.928560e-04
    outer loop
      vertex   2.673889e+01 1.575933e+00 5.380000e+01
      vertex   2.657461e+01 1.426590e+00 5.380000e+01
      vertex   2.668788e+01 1.533060e+00 4.854545e+01
    endloop
  endfacet
  facet normal 7.009091e-01 -7.132503e-01 6.571176e-04
    outer loop
      vertex   2.668788e+01 1.533060e+00 4.854545e+01
      vertex   2.657461e+01 1.426590e+00 5.380000e+01
      vertex   2.651371e+01 1.361902e+00 4.854545e+01
    endloop
  endfacet
  facet normal 7.009093e-01 -7.132504e-01 0.000000e+00
    outer loop
      vertex   2.668788e+01 1.533060e+00 4.854545e+01
      vertex   2.651371e+01 1.361902e+00 4.854545e+01
      vertex   2.651371e+01 1.361902e+00 4.329091e+01
    endloop
  endfacet
  facet normal 7.826082e-01 -6.225146e-01 0.000000e+00
    outer loop
      vertex   2.651371e+01 1.361902e+00 4.329091e+01
      vertex   2.651371e+01 1.361902e+00 4.854545e+01
      vertex   2.636170e+01 1.170793e+00 4.329091e+01
    endloop
  endfacet
  facet normal 7.826082e-01 -6.225146e-01 0.000000e+00
    outer loop
      vertex   2.651371e+01 1.361902e+00 4.329091e+01
      vertex   2.636170e+01 1.170793e+00 4.329091e+01
      vertex   2.636170e+01 1.170793e+00 3.803636e+01
    endloop
  endfacet
  facet normal 8.526402e-01 -5.224986e-01 0.000000e+00
    outer loop
      vertex   2.636170e+01 1.170793e+00 3.803636e+01
      vertex   2.636170e+01 1.170793e+00 4.329091e+01
      vertex   2.623410e+01 9.625837e-01 3.803636e+01
    endloop
  endfacet
  facet normal 8.526402e-01 -5.224986e-01 0.000000e+00
    outer loop
      vertex   2.636170e+01 1.170793e+00 3.803636e+01
      vertex   2.623410e+01 9.625837e-01 3.803636e+01
      vertex   2.623410e+01 9.625837e-01 3.278182e+01
    endloop
  endfacet
  facet normal 9.099613e-01 -4.146932e-01 0.000000e+00
    outer loop
      vertex   2.623410e+01 9.625837e-01 3.278182e+01
      vertex   2.623410e+01 9.625837e-01 3.803636e+01
      vertex   2.613284e+01 7.403764e-01 3.278182e+01
    endloop
  endfacet
  facet normal 9.099613e-01 -4.146932e-01 0.000000e+00
    outer loop
      vertex   2.623410e+01 9.625837e-01 3.278182e+01
      vertex   2.613284e+01 7.403764e-01 3.278182e+01
      vertex   2.613284e+01 7.403764e-01 2.752727e+01
    endloop
  endfacet
  facet normal 9.537170e-01 -3.007058e-01 0.000000e+00
    outer loop
      vertex   2.613284e+01 7.403764e-01 2.752727e+01
      vertex   2.613284e+01 7.403764e-01 3.278182e+01
      vertex   2.605941e+01 5.074843e-01 2.752727e+01
    endloop
  endfacet
  facet normal 9.537170e-01 -3.007058e-01 0.000000e+00
    outer loop
      vertex   2.613284e+01 7.403764e-01 2.752727e+01
      vertex   2.605941e+01 5.074843e-01 2.752727e+01
      vertex   2.605941e+01 5.074843e-01 2.227273e+01
    endloop
  endfacet
  facet normal 9.832549e-01 -1.822355e-01 0.000000e+00
    outer loop
      vertex   2.605941e+01 5.074843e-01 2.227273e+01
      vertex   2.605941e+01 5.074843e-01 2.752727e+01
      vertex   2.601491e+01 2.673792e-01 2.227273e+01
    endloop
  endfacet
  facet normal 9.832549e-01 -1.822355e-01 0.000000e+00
    outer loop
      vertex   2.605941e+01 5.074843e-01 2.227273e+01
      vertex   2.601491e+01 2.673792e-01 2.227273e+01
      vertex   2.601491e+01 2.673792e-01 1.701818e+01
    endloop
  endfacet
  facet normal 9.981348e-01 -6.104854e-02 0.000000e+00
    outer loop
      vertex   2.601491e+01 2.673792e-01 1.701818e+01
      vertex   2.601491e+01 2.673792e-01 2.227273e+01
      vertex   2.600000e+01 2.364053e-02 -4.000000e+00
    endloop
  endfacet
  facet normal 7.505305e-01 -6.608356e-01 -5.632814e-04
    outer loop
      vertex   2.657461e+01 1.426590e+00 5.380000e+01
      vertex   2.642789e+01 1.259959e+00 5.380000e+01
      vertex   2.651371e+01 1.361902e+00 4.854545e+01
    endloop
  endfacet
  facet normal 7.826080e-01 -6.225145e-01 7.040691e-04
    outer loop
      vertex   2.651371e+01 1.361902e+00 4.854545e+01
      vertex   2.642789e+01 1.259959e+00 5.380000e+01
      vertex   2.636170e+01 1.170793e+00 4.854545e+01
    endloop
  endfacet
  facet normal 7.826082e-01 -6.225146e-01 0.000000e+00
    outer loop
      vertex   2.651371e+01 1.361902e+00 4.854545e+01
      vertex   2.636170e+01 1.170793e+00 4.854545e+01
      vertex   2.636170e+01 1.170793e+00 4.329091e+01
    endloop
  endfacet
  facet normal 8.526402e-01 -5.224986e-01 0.000000e+00
    outer loop
      vertex   2.636170e+01 1.170793e+00 4.329091e+01
      vertex   2.636170e+01 1.170793e+00 4.854545e+01
      vertex   2.623410e+01 9.625837e-01 4.329091e+01
    endloop
  endfacet
  facet normal 8.526402e-01 -5.224986e-01 0.000000e+00
    outer loop
      vertex   2.636170e+01 1.170793e+00 4.329091e+01
      vertex   2.623410e+01 9.625837e-01 4.329091e+01
      vertex   2.623410e+01 9.625837e-01 3.803636e+01
    endloop
  endfacet
  facet normal 9.099613e-01 -4.146932e-01 0.000000e+00
    outer loop
      vertex   2.623410e+01 9.625837e-01 3.803636e+01
      vertex   2.623410e+01 9.625837e-01 4.329091e+01
      vertex   2.613284e+01 7.403764e-01 3.803636e+01
    endloop
  endfacet
  facet normal 9.099613e-01 -4.146932e-01 0.000000e+00
    outer loop
      vertex   2.623410e+01 9.625837e-01 3.803636e+01
      vertex   2.613284e+01 7.403764e-01 3.803636e+01
      vertex   2.613284e+01 7.403764e-01 3.278182e+01
    endloop
  endfacet
  facet normal 9.537170e-01 -3.007058e-01 0.000000e+00
    outer loop
      vertex   2.613284e+01 7.403764e-01 3.278182e+01
      vertex   2.613284e+01 7.403764e-01 3.803636e+01
      vertex   2.605941e+01 5.074843e-01 3.278182e+01
    endloop
  endfacet
  facet normal 9.537170e-01 -3.007058e-01 0.000000e+00
    outer loop
      vertex   2.613284e+01 7.403764e-01 3.278182e+01
      vertex   2.605941e+01 5.074843e-01 3.278182e+01
      vertex   2.605941e+01 5.074843e-01 2.752727e+01
    endloop
  endfacet
  facet normal 9.832549e-01 -1.822355e-01 0.000000e+00
    outer loop
      vertex   2.605941e+01 5.074843e-01 2.752727e+01
      vertex   2.605941e+01 5.074843e-01 3.278182e+01
      vertex   2.601491e+01 2.673792e-01 2.752727e+01
    endloop
  endfacet
  facet normal 9.832549e-01 -1.822355e-01 0.000000e+00
    outer loop
      vertex   2.605941e+01 5.074843e-01 2.752727e+01
      vertex   2.601491e+01 2.673792e-01 2.752727e+01
      vertex   2.601491e+01 2.673792e-01 2.227273e+01
    endloop
  endfacet
  facet normal 9.981348e-01 -6.104854e-02 0.000000e+00
    outer loop
      vertex   2.601491e+01 2.673792e-01 2.227273e+01
      vertex   2.601491e+01 2.673792e-01 2.752727e+01
      vertex   2.600000e+01 2.364053e-02 -4.000000e+00
    endloop
  endfacet
  facet normal 8.191519e-01 -5.735763e-01 -5.867574e-04
    outer loop
      vertex   2.642789e+01 1.259959e+00 5.380000e+01
      vertex   2.630055e+01 1.078091e+00 5.380000e+01
      vertex   2.636170e+01 1.170793e+00 4.854545e+01
    endloop
  endfacet
  facet normal 8.526400e-01 -5.224984e-01 7.040691e-04
    outer loop
      vertex   2.636170e+01 1.170793e+00 4.854545e+01
      vertex   2.630055e+01 1.078091e+00 5.380000e+01
      vertex   2.623410e+01 9.625837e-01 4.854545e+01
    endloop
  endfacet
  facet normal 8.526402e-01 -5.224986e-01 0.000000e+00
    outer loop
      vertex   2.636170e+01 1.170793e+00 4.854545e+01
      vertex   2.623410e+01 9.625837e-01 4.854545e+01
      vertex   2.623410e+01 9.625837e-01 4.329091e+01
    endloop
  endfacet
  facet normal 9.099613e-01 -4.146932e-01 0.000000e+00
    outer loop
      vertex   2.623410e+01 9.625837e-01 4.329091e+01
      vertex   2.623410e+01 9.625837e-01 4.854545e+01
      vertex   2.613284e+01 7.403764e-01 4.329091e+01
    endloop
  endfacet
  facet normal 9.099613e-01 -4.146932e-01 0.000000e+00
    outer loop
      vertex   2.623410e+01 9.625837e-01 4.329091e+01
      vertex   2.613284e+01 7.403764e-01 4.329091e+01
      vertex   2.613284e+01 7.403764e-01 3.803636e+01
    endloop
  endfacet
  facet normal 9.537170e-01 -3.007058e-01 0.000000e+00
    outer loop
      vertex   2.613284e+01 7.403764e-01 3.803636e+01
      vertex   2.613284e+01 7.403764e-01 4.329091e+01
      vertex   2.605941e+01 5.074843e-01 3.803636e+01
    endloop
  endfacet
  facet normal 9.537170e-01 -3.007058e-01 0.000000e+00
    outer loop
      vertex   2.613284e+01 7.403764e-01 3.803636e+01
      vertex   2.605941e+01 5.074843e-01 3.803636e+01
      vertex   2.605941e+01 5.074843e-01 3.278182e+01
    endloop
  endfacet
  facet normal 9.832549e-01 -1.822355e-01 0.000000e+00
    outer loop
      vertex   2.605941e+01 5.074843e-01 3.278182e+01
      vertex   2.605941e+01 5.074843e-01 3.803636e+01
      vertex   2.601491e+01 2.673792e-01 3.278182e+01
    endloop
  endfacet
  facet normal 9.832549e-01 -1.822355e-01 0.000000e+00
    outer loop
      vertex   2.605941e+01 5.074843e-01 3.278182e+01
      vertex   2.601491e+01 2.673792e-01 3.278182e+01
      vertex   2.601491e+01 2.673792e-01 2.752727e+01
    endloop
  endfacet
  facet normal 9.981348e-01 -6.104854e-02 0.000000e+00
    outer loop
      vertex   2.601491e+01 2.673792e-01 2.752727e+01
      vertex   2.601491e+01 2.673792e-01 3.278182e+01
      vertex   2.600000e+01 2.364053e-02 -4.000000e+00
    endloop
  endfacet
  facet normal 8.776789e-01 -4.792489e-01 -5.632814e-04
    outer loop
      vertex   2.630055e+01 1.078091e+00 5.380000e+01
      vertex   2.619415e+01 8.832304e-01 5.380000e+01
      vertex   2.623410e+01 9.625837e-01 4.854545e+01
    endloop
  endfacet
  facet normal 9.099611e-01 -4.146932e-01 6.571176e-04
    outer loop
      vertex   2.623410e+01 9.625837e-01 4.854545e+01
      vertex   2.619415e+01 8.832304e-01 5.380000e+01
      vertex   2.613284e+01 7.403764e-01 4.854545e+01
    endloop
  endfacet
  facet normal 9.099613e-01 -4.146932e-01 0.000000e+00
    outer loop
      vertex   2.623410e+01 9.625837e-01 4.854545e+01
      vertex   2.613284e+01 7.403764e-01 4.854545e+01
      vertex   2.613284e+01 7.403764e-01 4.329091e+01
    endloop
  endfacet
  facet normal 9.537170e-01 -3.007058e-01 0.000000e+00
    outer loop
      vertex   2.613284e+01 7.403764e-01 4.329091e+01
      vertex   2.613284e+01 7.403764e-01 4.854545e+01
      vertex   2.605941e+01 5.074843e-01 4.329091e+01
    endloop
  endfacet
  facet normal 9.537170e-01 -3.007058e-01 0.000000e+00
    outer loop
      vertex   2.613284e+01 7.403764e-01 4.329091e+01
      vertex   2.605941e+01 5.074843e-01 4.329091e+01
      vertex   2.605941e+01 5.074843e-01 3.803636e+01
    endloop
  endfacet
  facet normal 9.832549e-01 -1.822355e-01 0.000000e+00
    outer loop
      vertex   2.605941e+01 5.074843e-01 3.803636e+01
      vertex   2.605941e+01 5.074843e-01 4.329091e+01
      vertex   2.601491e+01 2.673792e-01 3.803636e+01
    endloop
  endfacet
  facet normal 9.832549e-01 -1.822355e-01 0.000000e+00
    outer loop
      vertex   2.605941e+01 5.074843e-01 3.803636e+01
      vertex   2.601491e+01 2.673792e-01 3.803636e+01
      vertex   2.601491e+01 2.673792e-01 3.278182e+01
    endloop
  endfacet
  facet normal 9.981348e-01 -6.104854e-02 0.000000e+00
    outer loop
      vertex   2.601491e+01 2.673792e-01 3.278182e+01
      vertex   2.601491e+01 2.673792e-01 3.803636e+01
      vertex   2.600000e+01 2.364053e-02 -4.000000e+00
    endloop
  endfacet
  facet normal 9.253901e-01 -3.790157e-01 -4.928560e-04
    outer loop
      vertex   2.619415e+01 8.832304e-01 5.380000e+01
      vertex   2.611000e+01 6.777765e-01 5.380000e+01
      vertex   2.613284e+01 7.403764e-01 4.854545e+01
    endloop
  endfacet
  facet normal 9.537168e-01 -3.007058e-01 5.632206e-04
    outer loop
      vertex   2.613284e+01 7.403764e-01 4.854545e+01
      vertex   2.611000e+01 6.777765e-01 5.380000e+01
      vertex   2.605941e+01 5.074843e-01 4.854545e+01
    endloop
  endfacet
  facet normal 9.537170e-01 -3.007058e-01 0.000000e+00
    outer loop
      vertex   2.613284e+01 7.403764e-01 4.854545e+01
      vertex   2.605941e+01 5.074843e-01 4.854545e+01
      vertex   2.605941e+01 5.074843e-01 4.329091e+01
    endloop
  endfacet
  facet normal 9.832549e-01 -1.822355e-01 0.000000e+00
    outer loop
      vertex   2.605941e+01 5.074843e-01 4.329091e+01
      vertex   2.605941e+01 5.074843e-01 4.854545e+01
      vertex   2.601491e+01 2.673792e-01 4.329091e+01
    endloop
  endfacet
  facet normal 9.832549e-01 -1.822355e-01 0.000000e+00
    outer loop
      vertex   2.605941e+01 5.074843e-01 4.329091e+01
      vertex   2.601491e+01 2.673792e-01 4.329091e+01
      vertex   2.601491e+01 2.673792e-01 3.803636e+01
    endloop
  endfacet
  facet normal 9.981348e-01 -6.104854e-02 0.000000e+00
    outer loop
      vertex   2.601491e+01 2.673792e-01 3.803636e+01
      vertex   2.601491e+01 2.673792e-01 4.329091e+01
      vertex   2.600000e+01 2.364053e-02 -4.000000e+00
    endloop
  endfacet
  facet normal 9.616978e-01 -2.741118e-01 -3.754901e-04
    outer loop
      vertex   2.611000e+01 6.777765e-01 5.380000e+01
      vertex   2.604914e+01 4.642616e-01 5.380000e+01
      vertex   2.605941e+01 5.074843e-01 4.854545e+01
    endloop
  endfacet
  facet normal 9.832548e-01 -1.822355e-01 4.223894e-04
    outer loop
      vertex   2.605941e+01 5.074843e-01 4.854545e+01
      vertex   2.604914e+01 4.642616e-01 5.380000e+01
      vertex   2.601491e+01 2.673792e-01 4.854545e+01
    endloop
  endfacet
  facet normal 9.832549e-01 -1.822355e-01 0.000000e+00
    outer loop
      vertex   2.605941e+01 5.074843e-01 4.854545e+01
      vertex   2.601491e+01 2.673792e-01 4.854545e+01
      vertex   2.601491e+01 2.673792e-01 4.329091e+01
    endloop
  endfacet
  facet normal 9.932076e-01 -1.163556e-01 0.000000e+00
    outer loop
      vertex   2.601491e+01 2.673792e-01 4.329091e+01
      vertex   2.601491e+01 2.673792e-01 4.854545e+01
      vertex   2.601232e+01 2.453169e-01 5.380000e+01
    endloop
  endfacet
  facet normal 9.970205e-01 -7.713696e-02 8.327143e-05
    outer loop
      vertex   2.601491e+01 2.673792e-01 4.329091e+01
      vertex   2.601232e+01 2.453169e-01 5.380000e+01
      vertex   2.600000e+01 2.364053e-02 -4.000000e+00
    endloop
  endfacet
  facet normal 9.984584e-01 -5.550466e-02 -2.665335e-19
    outer loop
      vertex   2.600000e+01 2.364053e-02 -4.000000e+00
      vertex   2.601232e+01 2.453169e-01 5.380000e+01
      vertex   2.600000e+01 2.364053e-02 5.380000e+01
    endloop
  endfacet
  facet normal 9.861543e-01 -1.658300e-01 -2.111980e-04
    outer loop
      vertex   2.604914e+01 4.642616e-01 5.380000e+01
      vertex   2.601232e+01 2.453169e-01 5.380000e+01
      vertex   2.601491e+01 2.673792e-01 4.854545e+01
    endloop
  endfacet
  facet normal 9.832549e-01 -1.822355e-01 0.000000e+00
    outer loop
      vertex   2.605941e+01 5.074843e-01 1.176364e+01
      vertex   2.601491e+01 2.673792e-01 6.509091e+00
      vertex   2.605941e+01 5.074843e-01 6.509091e+00
    endloop
  endfacet
  facet normal 9.832549e-01 -1.822355e-01 0.000000e+00
    outer loop
      vertex   2.605941e+01 5.074843e-01 6.509091e+00
      vertex   2.601491e+01 2.673792e-01 6.509091e+00
      vertex   2.601491e+01 2.673792e-01 1.254545e+00
    endloop
  endfacet
  facet normal 9.537170e-01 -3.007058e-01 0.000000e+00
    outer loop
      vertex   2.613284e+01 7.403764e-01 1.701818e+01
      vertex   2.605941e+01 5.074843e-01 1.176364e+01
      vertex   2.613284e+01 7.403764e-01 1.176364e+01
    endloop
  endfacet
  facet normal 9.537170e-01 -3.007058e-01 0.000000e+00
    outer loop
      vertex   2.613284e+01 7.403764e-01 1.176364e+01
      vertex   2.605941e+01 5.074843e-01 1.176364e+01
      vertex   2.605941e+01 5.074843e-01 6.509091e+00
    endloop
  endfacet
  facet normal 9.099613e-01 -4.146932e-01 0.000000e+00
    outer loop
      vertex   2.623410e+01 9.625837e-01 2.227273e+01
      vertex   2.613284e+01 7.403764e-01 1.701818e+01
      vertex   2.623410e+01 9.625837e-01 1.701818e+01
    endloop
  endfacet
  facet normal 9.099613e-01 -4.146932e-01 0.000000e+00
    outer loop
      vertex   2.623410e+01 9.625837e-01 1.701818e+01
      vertex   2.613284e+01 7.403764e-01 1.701818e+01
      vertex   2.613284e+01 7.403764e-01 1.176364e+01
    endloop
  endfacet
  facet normal 8.526402e-01 -5.224986e-01 0.000000e+00
    outer loop
      vertex   2.636170e+01 1.170793e+00 2.752727e+01
      vertex   2.623410e+01 9.625837e-01 2.227273e+01
      vertex   2.636170e+01 1.170793e+00 2.227273e+01
    endloop
  endfacet
  facet normal 8.526402e-01 -5.224986e-01 0.000000e+00
    outer loop
      vertex   2.636170e+01 1.170793e+00 2.227273e+01
      vertex   2.623410e+01 9.625837e-01 2.227273e+01
      vertex   2.623410e+01 9.625837e-01 1.701818e+01
    endloop
  endfacet
  facet normal 7.826082e-01 -6.225146e-01 0.000000e+00
    outer loop
      vertex   2.651371e+01 1.361902e+00 3.278182e+01
      vertex   2.636170e+01 1.170793e+00 2.752727e+01
      vertex   2.651371e+01 1.361902e+00 2.752727e+01
    endloop
  endfacet
  facet normal 7.826082e-01 -6.225146e-01 0.000000e+00
    outer loop
      vertex   2.651371e+01 1.361902e+00 2.752727e+01
      vertex   2.636170e+01 1.170793e+00 2.752727e+01
      vertex   2.636170e+01 1.170793e+00 2.227273e+01
    endloop
  endfacet
  facet normal 7.009093e-01 -7.132504e-01 0.000000e+00
    outer loop
      vertex   2.668788e+01 1.533060e+00 3.803636e+01
      vertex   2.651371e+01 1.361902e+00 3.278182e+01
      vertex   2.668788e+01 1.533060e+00 3.278182e+01
    endloop
  endfacet
  facet normal 7.009093e-01 -7.132504e-01 0.000000e+00
    outer loop
      vertex   2.668788e+01 1.533060e+00 3.278182e+01
      vertex   2.651371e+01 1.361902e+00 3.278182e+01
      vertex   2.651371e+01 1.361902e+00 2.752727e+01
    endloop
  endfacet
  facet normal 6.087614e-01 -7.933533e-01 0.000000e+00
    outer loop
      vertex   2.688161e+01 1.681716e+00 4.329091e+01
      vertex   2.668788e+01 1.533060e+00 3.803636e+01
      vertex   2.688161e+01 1.681716e+00 3.803636e+01
    endloop
  endfacet
  facet normal 6.087614e-01 -7.933533e-01 0.000000e+00
    outer loop
      vertex   2.688161e+01 1.681716e+00 3.803636e+01
      vertex   2.668788e+01 1.533060e+00 3.803636e+01
      vertex   2.668788e+01 1.533060e+00 3.278182e+01
    endloop
  endfacet
  facet normal 5.075384e-01 -8.616292e-01 0.000000e+00
    outer loop
      vertex   2.709202e+01 1.805654e+00 4.854545e+01
      vertex   2.688161e+01 1.681716e+00 4.329091e+01
      vertex   2.709202e+01 1.805654e+00 4.329091e+01
    endloop
  endfacet
  facet normal 5.075384e-01 -8.616292e-01 0.000000e+00
    outer loop
      vertex   2.709202e+01 1.805654e+00 4.329091e+01
      vertex   2.688161e+01 1.681716e+00 4.329091e+01
      vertex   2.688161e+01 1.681716e+00 3.803636e+01
    endloop
  endfacet
  facet normal 3.420201e-01 -9.396926e-01 0.000000e+00
    outer loop
      vertex   2.731596e+01 1.903026e+00 -4.000000e+00
      vertex   3.346391e+01 4.140695e+00 -4.000000e+00
      vertex   2.731596e+01 1.903026e+00 5.380000e+01
    endloop
  endfacet
  facet normal 3.420201e-01 -9.396926e-01 0.000000e+00
    outer loop
      vertex   2.731596e+01 1.903026e+00 5.380000e+01
      vertex   3.346391e+01 4.140695e+00 -4.000000e+00
      vertex   3.346391e+01 4.140695e+00 5.380000e+01
    endloop
  endfacet
  facet normal -0.000000e+00 -0.000000e+00 -1.000000e+00
    outer loop
      vertex   1.900000e+01 1.880000e+01 -2.200000e+00
      vertex   1.900000e+01 1.800000e+01 -2.200000e+00
      vertex   1.814519e+01 1.880000e+01 -2.200000e+00
    endloop
  endfacet
  facet normal 0.000000e+00 -0.000000e+00 -1.000000e+00
    outer loop
      vertex   1.814519e+01 1.880000e+01 -2.200000e+00
      vertex   1.900000e+01 1.800000e+01 -2.200000e+00
      vertex   6.200000e+00 1.800000e+01 -2.200000e+00
    endloop
  endfacet
  facet normal 0.000000e+00 0.000000e+00 -1.000000e+00
    outer loop
      vertex   1.814519e+01 1.880000e+01 -2.200000e+00
      vertex   6.200000e+00 1.800000e+01 -2.200000e+00
      vertex   6.200000e+00 1.880000e+01 -2.200000e+00
    endloop
  endfacet
  facet normal -1.000000e+00 -2.236635e-13 -6.090454e-16
    outer loop
      vertex   1.900000e+01 1.800000e+01 3.633250e+00
      vertex   1.900000e+01 1.800000e+01 -2.200000e+00
      vertex   1.900000e+01 1.798571e+01 3.047797e+00
    endloop
  endfacet
  facet normal -1.000000e+00 0.000000e+00 -0.000000e+00
    outer loop
      vertex   1.900000e+01 1.798571e+01 3.047797e+00
      vertex   1.900000e+01 1.800000e+01 -2.200000e+00
      vertex   1.900000e+01 1.794287e+01 2.463738e+00
    endloop
  endfacet
  facet normal -1.000000e+00 0.000000e+00 -0.000000e+00
    outer loop
      vertex   1.900000e+01 1.794287e+01 2.463738e+00
      vertex   1.900000e+01 1.800000e+01 -2.200000e+00
      vertex   1.900000e+01 1.787159e+01 1.882465e+00
    endloop
  endfacet
  facet normal -1.000000e+00 0.000000e+00 -0.000000e+00
    outer loop
      vertex   1.900000e+01 1.787159e+01 1.882465e+00
      vertex   1.900000e+01 1.800000e+01 -2.200000e+00
      vertex   1.900000e+01 1.777204e+01 1.305361e+00
    endloop
  endfacet
  facet normal -1.000000e+00 0.000000e+00 -0.000000e+00
    outer loop
      vertex   1.900000e+01 1.777204e+01 1.305361e+00
      vertex   1.900000e+01 1.800000e+01 -2.200000e+00
      vertex   1.900000e+01 1.764445e+01 7.338017e-01
    endloop
  endfacet
  facet normal -1.000000e+00 0.000000e+00 -0.000000e+00
    outer loop
      vertex   1.900000e+01 1.764445e+01 7.338017e-01
      vertex   1.900000e+01 1.800000e+01 -2.200000e+00
      vertex   1.900000e+01 1.748913e+01 1.691480e-01
    endloop
  endfacet
  facet normal -1.000000e+00 0.000000e+00 -0.000000e+00
    outer loop
      vertex   1.900000e+01 1.748913e+01 1.691480e-01
      vertex   1.900000e+01 1.800000e+01 -2.200000e+00
      vertex   1.900000e+01 1.730644e+01 -3.872555e-01
    endloop
  endfacet
  facet normal -1.000000e+00 0.000000e+00 -0.000000e+00
    outer loop
      vertex   1.900000e+01 1.730644e+01 -3.872555e-01
      vertex   1.900000e+01 1.800000e+01 -2.200000e+00
      vertex   1.900000e+01 1.709682e+01 -9.340834e-01
    endloop
  endfacet
  facet normal -1.000000e+00 0.000000e+00 -0.000000e+00
    outer loop
      vertex   1.900000e+01 1.709682e+01 -9.340834e-01
      vertex   1.900000e+01 1.800000e+01 -2.200000e+00
      vertex   1.900000e+01 1.686078e+01 -1.470034e+00
    endloop
  endfacet
  facet normal -1.000000e+00 0.000000e+00 -0.000000e+00
    outer loop
      vertex   1.900000e+01 1.686078e+01 -1.470034e+00
      vertex   1.900000e+01 1.800000e+01 -2.200000e+00
      vertex   1.900000e+01 1.659887e+01 -1.993829e+00
    endloop
  endfacet
  facet normal -1.000000e+00 2.531725e-16 1.720557e-15
    outer loop
      vertex   1.900000e+01 1.659887e+01 -1.993829e+00
      vertex   1.900000e+01 1.800000e+01 -2.200000e+00
      vertex   1.900000e+01 1.620000e+01 -4.000000e+00
    endloop
  endfacet
  facet normal -1.000000e+00 -4.867868e-15 2.738723e-15
    outer loop
      vertex   1.900000e+01 1.659887e+01 -1.993829e+00
      vertex   1.900000e+01 1.620000e+01 -4.000000e+00
      vertex   1.900000e+01 1.631171e+01 -2.504223e+00
    endloop
  endfacet
  facet normal -1.000000e+00 3.180214e-14 0.000000e+00
    outer loop
      vertex   1.900000e+01 1.631171e+01 -2.504223e+00
      vertex   1.900000e+01 1.620000e+01 -4.000000e+00
      vertex   1.900000e+01 1.620000e+01 -3.000000e+00
    endloop
  endfacet
  facet normal -1.000000e+00 0.000000e+00 7.165957e-15
    outer loop
      vertex   1.900000e+01 1.631171e+01 -2.504223e+00
      vertex   1.900000e+01 1.620000e+01 -3.000000e+00
      vertex   1.900000e+01 1.600000e+01 -3.000000e+00
    endloop
  endfacet
  facet normal -1.000000e+00 -0.000000e+00 -0.000000e+00
    outer loop
      vertex   1.900000e+01 1.880000e+01 -2.200000e+00
      vertex   1.900000e+01 1.880000e+01 -4.000000e+00
      vertex   1.900000e+01 1.800000e+01 -2.200000e+00
    endloop
  endfacet
  facet normal -1.000000e+00 1.366428e-15 6.073015e-16
    outer loop
      vertex   1.900000e+01 1.800000e+01 -2.200000e+00
      vertex   1.900000e+01 1.880000e+01 -4.000000e+00
      vertex   1.900000e+01 1.620000e+01 -4.000000e+00
    endloop
  endfacet
  facet normal -4.156125e-15 -1.000000e+00 -0.000000e+00
    outer loop
      vertex   1.814519e+01 1.880000e+01 -2.200000e+00
      vertex   1.814519e+01 1.880000e+01 -4.000000e+00
      vertex   1.900000e+01 1.880000e+01 -2.200000e+00
    endloop
  endfacet
  facet normal -4.156125e-15 -1.000000e+00 -0.000000e+00
    outer loop
      vertex   1.900000e+01 1.880000e+01 -2.200000e+00
      vertex   1.814519e+01 1.880000e+01 -4.000000e+00
      vertex   1.900000e+01 1.880000e+01 -4.000000e+00
    endloop
  endfacet
  facet normal 0.000000e+00 0.000000e+00 -1.000000e+00
    outer loop
      vertex   2.600000e+01 1.600000e+01 -3.000000e+00
      vertex   1.900000e+01 1.600000e+01 -3.000000e+00
      vertex   2.600000e+01 1.620000e+01 -3.000000e+00
    endloop
  endfacet
  facet normal -0.000000e+00 0.000000e+00 -1.000000e+00
    outer loop
      vertex   2.600000e+01 1.620000e+01 -3.000000e+00
      vertex   1.900000e+01 1.600000e+01 -3.000000e+00
      vertex   1.900000e+01 1.620000e+01 -3.000000e+00
    endloop
  endfacet
  facet normal 0.000000e+00 -1.000000e+00 0.000000e+00
    outer loop
      vertex   1.900000e+01 1.620000e+01 -3.000000e+00
      vertex   1.900000e+01 1.620000e+01 -4.000000e+00
      vertex   2.600000e+01 1.620000e+01 -3.000000e+00
    endloop
  endfacet
  facet normal 0.000000e+00 -1.000000e+00 -0.000000e+00
    outer loop
      vertex   2.600000e+01 1.620000e+01 -3.000000e+00
      vertex   1.900000e+01 1.620000e+01 -4.000000e+00
      vertex   2.600000e+01 1.620000e+01 -4.000000e+00
    endloop
  endfacet
  facet normal 0.000000e+00 0.000000e+00 -1.000000e+00
    outer loop
      vertex   6.200000e+00 1.600000e+01 -3.000000e+00
      vertex   -8.000000e-01 1.600000e+01 -3.000000e+00
      vertex   6.200000e+00 1.620000e+01 -3.000000e+00
    endloop
  endfacet
  facet normal -0.000000e+00 0.000000e+00 -1.000000e+00
    outer loop
      vertex   6.200000e+00 1.620000e+01 -3.000000e+00
      vertex   -8.000000e-01 1.600000e+01 -3.000000e+00
      vertex   -8.000000e-01 1.620000e+01 -3.000000e+00
    endloop
  endfacet
  facet normal -5.075305e-16 -1.000000e+00 3.552714e-15
    outer loop
      vertex   6.200000e+00 1.620000e+01 -4.000000e+00
      vertex   6.200000e+00 1.620000e+01 -3.000000e+00
      vertex   -8.000000e-01 1.620000e+01 -4.000000e+00
    endloop
  endfacet
  facet normal 0.000000e+00 -1.000000e+00 0.000000e+00
    outer loop
      vertex   -8.000000e-01 1.620000e+01 -4.000000e+00
      vertex   6.200000e+00 1.620000e+01 -3.000000e+00
      vertex   -8.000000e-01 1.620000e+01 -3.000000e+00
    endloop
  endfacet
  facet normal 0.000000e+00 0.000000e+00 -1.000000e+00
    outer loop
      vertex   2.600000e+01 1.620000e+01 -4.000000e+00
      vertex   3.346391e+01 4.140695e+00 -4.000000e+00
      vertex   2.600000e+01 2.000000e+00 -4.000000e+00
    endloop
  endfacet
  facet normal 0.000000e+00 0.000000e+00 -1.000000e+00
    outer loop
      vertex   2.600000e+01 2.000000e+00 -4.000000e+00
      vertex   3.346391e+01 4.140695e+00 -4.000000e+00
      vertex   2.731596e+01 1.903026e+00 -4.000000e+00
    endloop
  endfacet
  facet normal 0.000000e+00 0.000000e+00 -1.000000e+00
    outer loop
      vertex   2.600000e+01 2.000000e+00 -4.000000e+00
      vertex   2.731596e+01 1.903026e+00 -4.000000e+00
      vertex   2.711187e+01 1.815628e+00 -4.000000e+00
    endloop
  endfacet
  facet normal 0.000000e+00 0.000000e+00 -1.000000e+00
    outer loop
      vertex   1.900000e+01 1.620000e+01 -4.000000e+00
      vertex   2.077112e+01 1.946735e+01 -4.000000e+00
      vertex   2.600000e+01 1.620000e+01 -4.000000e+00
    endloop
  endfacet
  facet normal 0.000000e+00 0.000000e+00 -1.000000e+00
    outer loop
      vertex   2.600000e+01 1.620000e+01 -4.000000e+00
      vertex   2.077112e+01 1.946735e+01 -4.000000e+00
      vertex   2.110783e+01 1.966613e+01 -4.000000e+00
    endloop
  endfacet
  facet normal 0.000000e+00 0.000000e+00 -1.000000e+00
    outer loop
      vertex   2.600000e+01 1.620000e+01 -4.000000e+00
      vertex   2.110783e+01 1.966613e+01 -4.000000e+00
      vertex   2.142956e+01 1.988832e+01 -4.000000e+00
    endloop
  endfacet
  facet normal 0.000000e+00 -0.000000e+00 -1.000000e+00
    outer loop
      vertex   1.900000e+01 1.880000e+01 -4.000000e+00
      vertex   1.930956e+01 1.892466e+01 -4.000000e+00
      vertex   1.900000e+01 1.620000e+01 -4.000000e+00
    endloop
  endfacet
  facet normal 0.000000e+00 0.000000e+00 -1.000000e+00
    outer loop
      vertex   1.900000e+01 1.620000e+01 -4.000000e+00
      vertex   1.930956e+01 1.892466e+01 -4.000000e+00
      vertex   1.968851e+01 1.902097e+01 -4.000000e+00
    endloop
  endfacet
  facet normal 0.000000e+00 0.000000e+00 -1.000000e+00
    outer loop
      vertex   1.900000e+01 1.620000e+01 -4.000000e+00
      vertex   1.968851e+01 1.902097e+01 -4.000000e+00
      vertex   2.005967e+01 1.914396e+01 -4.000000e+00
    endloop
  endfacet
  facet normal 0.000000e+00 0.000000e+00 -1.000000e+00
    outer loop
      vertex   1.814519e+01 1.880000e+01 -4.000000e+00
      vertex   1.853594e+01 1.881390e+01 -4.000000e+00
      vertex   1.900000e+01 1.880000e+01 -4.000000e+00
    endloop
  endfacet
  facet normal 0.000000e+00 0.000000e+00 -1.000000e+00
    outer loop
      vertex   1.900000e+01 1.880000e+01 -4.000000e+00
      vertex   1.853594e+01 1.881390e+01 -4.000000e+00
      vertex   1.892472e+01 1.885552e+01 -4.000000e+00
    endloop
  endfacet
  facet normal 0.000000e+00 0.000000e+00 -1.000000e+00
    outer loop
      vertex   1.900000e+01 1.880000e+01 -4.000000e+00
      vertex   1.892472e+01 1.885552e+01 -4.000000e+00
      vertex   1.930956e+01 1.892466e+01 -4.000000e+00
    endloop
  endfacet
  facet normal 0.000000e+00 -0.000000e+00 -1.000000e+00
    outer loop
      vertex   2.005967e+01 1.914396e+01 -4.000000e+00
      vertex   2.042114e+01 1.929300e+01 -4.000000e+00
      vertex   1.900000e+01 1.620000e+01 -4.000000e+00
    endloop
  endfacet
  facet normal 0.000000e+00 0.000000e+00 -1.000000e+00
    outer loop
      vertex   1.900000e+01 1.620000e+01 -4.000000e+00
      vertex   2.042114e+01 1.929300e+01 -4.000000e+00
      vertex   2.077112e+01 1.946735e+01 -4.000000e+00
    endloop
  endfacet
  facet normal 0.000000e+00 0.000000e+00 -1.000000e+00
    outer loop
      vertex   2.142956e+01 1.988832e+01 -4.000000e+00
      vertex   2.173469e+01 2.013281e+01 -4.000000e+00
      vertex   2.600000e+01 1.620000e+01 -4.000000e+00
    endloop
  endfacet
  facet normal 0.000000e+00 0.000000e+00 -1.000000e+00
    outer loop
      vertex   2.600000e+01 1.620000e+01 -4.000000e+00
      vertex   2.173469e+01 2.013281e+01 -4.000000e+00
      vertex   2.202168e+01 2.039836e+01 -4.000000e+00
    endloop
  endfacet
  facet normal 0.000000e+00 0.000000e+00 -1.000000e+00
    outer loop
      vertex   2.600000e+01 1.620000e+01 -4.000000e+00
      vertex   2.202168e+01 2.039836e+01 -4.000000e+00
      vertex   2.228908e+01 2.068363e+01 -4.000000e+00
    endloop
  endfacet
  facet normal 0.000000e+00 0.000000e+00 -1.000000e+00
    outer loop
      vertex   2.228908e+01 2.068363e+01 -4.000000e+00
      vertex   2.253554e+01 2.098718e+01 -4.000000e+00
      vertex   2.600000e+01 1.620000e+01 -4.000000e+00
    endloop
  endfacet
  facet normal 0.000000e+00 0.000000e+00 -1.000000e+00
    outer loop
      vertex   2.600000e+01 1.620000e+01 -4.000000e+00
      vertex   2.253554e+01 2.098718e+01 -4.000000e+00
      vertex   2.275981e+01 2.130747e+01 -4.000000e+00
    endloop
  endfacet
  facet normal 0.000000e+00 0.000000e+00 -1.000000e+00
    outer loop
      vertex   2.600000e+01 1.620000e+01 -4.000000e+00
      vertex   2.275981e+01 2.130747e+01 -4.000000e+00
      vertex   2.296076e+01 2.164288e+01 -4.000000e+00
    endloop
  endfacet
  facet normal 0.000000e+00 0.000000e+00 -1.000000e+00
    outer loop
      vertex   2.296076e+01 2.164288e+01 -4.000000e+00
      vertex   2.313737e+01 2.199172e+01 -4.000000e+00
      vertex   2.600000e+01 1.620000e+01 -4.000000e+00
    endloop
  endfacet
  facet normal 0.000000e+00 0.000000e+00 -1.000000e+00
    outer loop
      vertex   2.600000e+01 1.620000e+01 -4.000000e+00
      vertex   2.313737e+01 2.199172e+01 -4.000000e+00
      vertex   2.328874e+01 2.235223e+01 -4.000000e+00
    endloop
  endfacet
  facet normal 0.000000e+00 0.000000e+00 -1.000000e+00
    outer loop
      vertex   2.600000e+01 1.620000e+01 -4.000000e+00
      vertex   2.328874e+01 2.235223e+01 -4.000000e+00
      vertex   2.341413e+01 2.272258e+01 -4.000000e+00
    endloop
  endfacet
  facet normal 0.000000e+00 0.000000e+00 -1.000000e+00
    outer loop
      vertex   2.341413e+01 2.272258e+01 -4.000000e+00
      vertex   2.351288e+01 2.310091e+01 -4.000000e+00
      vertex   2.600000e+01 1.620000e+01 -4.000000e+00
    endloop
  endfacet
  facet normal 0.000000e+00 0.000000e+00 -1.000000e+00
    outer loop
      vertex   2.600000e+01 1.620000e+01 -4.000000e+00
      vertex   2.351288e+01 2.310091e+01 -4.000000e+00
      vertex   2.358451e+01 2.348529e+01 -4.000000e+00
    endloop
  endfacet
  facet normal 0.000000e+00 0.000000e+00 -1.000000e+00
    outer loop
      vertex   2.600000e+01 1.620000e+01 -4.000000e+00
      vertex   2.358451e+01 2.348529e+01 -4.000000e+00
      vertex   2.362865e+01 2.387379e+01 -4.000000e+00
    endloop
  endfacet
  facet normal 0.000000e+00 0.000000e+00 -1.000000e+00
    outer loop
      vertex   2.600000e+01 1.620000e+01 -4.000000e+00
      vertex   2.362865e+01 2.387379e+01 -4.000000e+00
      vertex   2.474438e+01 2.809739e+01 -4.000000e+00
    endloop
  endfacet
  facet normal 0.000000e+00 0.000000e+00 -1.000000e+00
    outer loop
      vertex   2.474438e+01 2.809739e+01 -4.000000e+00
      vertex   2.362865e+01 2.387379e+01 -4.000000e+00
      vertex   2.364507e+01 2.426445e+01 -4.000000e+00
    endloop
  endfacet
  facet normal 0.000000e+00 0.000000e+00 -1.000000e+00
    outer loop
      vertex   2.474438e+01 2.809739e+01 -4.000000e+00
      vertex   2.364507e+01 2.426445e+01 -4.000000e+00
      vertex   2.363370e+01 2.465528e+01 -4.000000e+00
    endloop
  endfacet
  facet normal 0.000000e+00 0.000000e+00 -1.000000e+00
    outer loop
      vertex   2.363370e+01 2.465528e+01 -4.000000e+00
      vertex   2.359459e+01 2.504432e+01 -4.000000e+00
      vertex   2.474438e+01 2.809739e+01 -4.000000e+00
    endloop
  endfacet
  facet normal 0.000000e+00 0.000000e+00 -1.000000e+00
    outer loop
      vertex   2.474438e+01 2.809739e+01 -4.000000e+00
      vertex   2.359459e+01 2.504432e+01 -4.000000e+00
      vertex   2.352794e+01 2.542960e+01 -4.000000e+00
    endloop
  endfacet
  facet normal 0.000000e+00 0.000000e+00 -1.000000e+00
    outer loop
      vertex   2.474438e+01 2.809739e+01 -4.000000e+00
      vertex   2.352794e+01 2.542960e+01 -4.000000e+00
      vertex   2.343408e+01 2.580917e+01 -4.000000e+00
    endloop
  endfacet
  facet normal 0.000000e+00 0.000000e+00 -1.000000e+00
    outer loop
      vertex   2.343408e+01 2.580917e+01 -4.000000e+00
      vertex   2.331350e+01 2.618111e+01 -4.000000e+00
      vertex   2.474438e+01 2.809739e+01 -4.000000e+00
    endloop
  endfacet
  facet normal 0.000000e+00 0.000000e+00 -1.000000e+00
    outer loop
      vertex   2.474438e+01 2.809739e+01 -4.000000e+00
      vertex   2.331350e+01 2.618111e+01 -4.000000e+00
      vertex   2.286500e+01 2.741335e+01 -4.000000e+00
    endloop
  endfacet
  facet normal 0.000000e+00 0.000000e+00 -1.000000e+00
    outer loop
      vertex   2.474438e+01 2.809739e+01 -4.000000e+00
      vertex   3.346391e+01 4.140695e+00 -4.000000e+00
      vertex   2.600000e+01 1.620000e+01 -4.000000e+00
    endloop
  endfacet
  facet normal -0.000000e+00 0.000000e+00 -1.000000e+00
    outer loop
      vertex   2.711187e+01 1.815628e+00 -4.000000e+00
      vertex   2.691872e+01 1.706148e+00 -4.000000e+00
      vertex   2.600000e+01 2.000000e+00 -4.000000e+00
    endloop
  endfacet
  facet normal 0.000000e+00 0.000000e+00 -1.000000e+00
    outer loop
      vertex   2.600000e+01 2.000000e+00 -4.000000e+00
      vertex   2.691872e+01 1.706148e+00 -4.000000e+00
      vertex   2.673889e+01 1.575933e+00 -4.000000e+00
    endloop
  endfacet
  facet normal 0.000000e+00 0.000000e+00 -1.000000e+00
    outer loop
      vertex   2.600000e+01 2.000000e+00 -4.000000e+00
      vertex   2.673889e+01 1.575933e+00 -4.000000e+00
      vertex   2.657461e+01 1.426590e+00 -4.000000e+00
    endloop
  endfacet
  facet normal -0.000000e+00 0.000000e+00 -1.000000e+00
    outer loop
      vertex   2.657461e+01 1.426590e+00 -4.000000e+00
      vertex   2.642789e+01 1.259959e+00 -4.000000e+00
      vertex   2.600000e+01 2.000000e+00 -4.000000e+00
    endloop
  endfacet
  facet normal 0.000000e+00 0.000000e+00 -1.000000e+00
    outer loop
      vertex   2.600000e+01 2.000000e+00 -4.000000e+00
      vertex   2.642789e+01 1.259959e+00 -4.000000e+00
      vertex   2.630055e+01 1.078091e+00 -4.000000e+00
    endloop
  endfacet
  facet normal 0.000000e+00 0.000000e+00 -1.000000e+00
    outer loop
      vertex   2.600000e+01 2.000000e+00 -4.000000e+00
      vertex   2.630055e+01 1.078091e+00 -4.000000e+00
      vertex   2.619415e+01 8.832304e-01 -4.000000e+00
    endloop
  endfacet
  facet normal -0.000000e+00 0.000000e+00 -1.000000e+00
    outer loop
      vertex   2.619415e+01 8.832304e-01 -4.000000e+00
      vertex   2.611000e+01 6.777765e-01 -4.000000e+00
      vertex   2.600000e+01 2.000000e+00 -4.000000e+00
    endloop
  endfacet
  facet normal 0.000000e+00 0.000000e+00 -1.000000e+00
    outer loop
      vertex   2.600000e+01 2.000000e+00 -4.000000e+00
      vertex   2.611000e+01 6.777765e-01 -4.000000e+00
      vertex   2.604914e+01 4.642616e-01 -4.000000e+00
    endloop
  endfacet
  facet normal 0.000000e+00 0.000000e+00 -1.000000e+00
    outer loop
      vertex   2.600000e+01 2.000000e+00 -4.000000e+00
      vertex   2.604914e+01 4.642616e-01 -4.000000e+00
      vertex   2.601232e+01 2.453169e-01 -4.000000e+00
    endloop
  endfacet
  facet normal -0.000000e+00 -0.000000e+00 -1.000000e+00
    outer loop
      vertex   2.600000e+01 2.000000e+00 -4.000000e+00
      vertex   2.601232e+01 2.453169e-01 -4.000000e+00
      vertex   -8.000000e-01 2.000000e+00 -4.000000e+00
    endloop
  endfacet
  facet normal 0.000000e+00 0.000000e+00 -1.000000e+00
    outer loop
      vertex   -8.000000e-01 2.000000e+00 -4.000000e+00
      vertex   2.601232e+01 2.453169e-01 -4.000000e+00
      vertex   2.600000e+01 2.364053e-02 -4.000000e+00
    endloop
  endfacet
  facet normal 0.000000e+00 -0.000000e+00 -1.000000e+00
    outer loop
      vertex   -8.000000e-01 2.000000e+00 -4.000000e+00
      vertex   2.600000e+01 2.364053e-02 -4.000000e+00
      vertex   -8.000000e-01 -8.000000e-01 -4.000000e+00
    endloop
  endfacet
  facet normal 0.000000e+00 0.000000e+00 -1.000000e+00
    outer loop
      vertex   -8.000000e-01 -8.000000e-01 -4.000000e+00
      vertex   2.600000e+01 2.364053e-02 -4.000000e+00
      vertex   2.600000e+01 -8.000000e-01 -4.000000e+00
    endloop
  endfacet
  facet normal 1.000000e+00 -2.733413e-13 -9.135681e-16
    outer loop
      vertex   6.200000e+00 1.800000e+01 3.633250e+00
      vertex   6.200000e+00 1.798571e+01 3.047797e+00
      vertex   6.200000e+00 1.800000e+01 -2.200000e+00
    endloop
  endfacet
  facet normal 1.000000e+00 2.225048e-15 -1.631890e-16
    outer loop
      vertex   6.200000e+00 1.800000e+01 -2.200000e+00
      vertex   6.200000e+00 1.798571e+01 3.047797e+00
      vertex   6.200000e+00 1.794287e+01 2.463738e+00
    endloop
  endfacet
  facet normal 1.000000e+00 1.411990e-15 -1.731481e-16
    outer loop
      vertex   6.200000e+00 1.800000e+01 -2.200000e+00
      vertex   6.200000e+00 1.794287e+01 2.463738e+00
      vertex   6.200000e+00 1.787159e+01 1.882465e+00
    endloop
  endfacet
  facet normal 1.000000e+00 1.066681e-15 -1.840091e-16
    outer loop
      vertex   6.200000e+00 1.787159e+01 1.882465e+00
      vertex   6.200000e+00 1.777204e+01 1.305361e+00
      vertex   6.200000e+00 1.800000e+01 -2.200000e+00
    endloop
  endfacet
  facet normal 1.000000e+00 8.789735e-16 -1.962160e-16
    outer loop
      vertex   6.200000e+00 1.800000e+01 -2.200000e+00
      vertex   6.200000e+00 1.777204e+01 1.305361e+00
      vertex   6.200000e+00 1.764445e+01 7.338017e-01
    endloop
  endfacet
  facet normal 1.000000e+00 7.639742e-16 -2.101529e-16
    outer loop
      vertex   6.200000e+00 1.800000e+01 -2.200000e+00
      vertex   6.200000e+00 1.764445e+01 7.338017e-01
      vertex   6.200000e+00 1.748913e+01 1.691480e-01
    endloop
  endfacet
  facet normal 1.000000e+00 6.891774e-16 -2.262818e-16
    outer loop
      vertex   6.200000e+00 1.748913e+01 1.691480e-01
      vertex   6.200000e+00 1.730644e+01 -3.872555e-01
      vertex   6.200000e+00 1.800000e+01 -2.200000e+00
    endloop
  endfacet
  facet normal 1.000000e+00 6.396947e-16 -2.452141e-16
    outer loop
      vertex   6.200000e+00 1.800000e+01 -2.200000e+00
      vertex   6.200000e+00 1.730644e+01 -3.872555e-01
      vertex   6.200000e+00 1.709682e+01 -9.340834e-01
    endloop
  endfacet
  facet normal 1.000000e+00 6.080435e-16 -2.677959e-16
    outer loop
      vertex   6.200000e+00 1.800000e+01 -2.200000e+00
      vertex   6.200000e+00 1.709682e+01 -9.340834e-01
      vertex   6.200000e+00 1.686078e+01 -1.470034e+00
    endloop
  endfacet
  facet normal 1.000000e+00 5.904564e-16 -2.952431e-16
    outer loop
      vertex   6.200000e+00 1.686078e+01 -1.470034e+00
      vertex   6.200000e+00 1.659887e+01 -1.993829e+00
      vertex   6.200000e+00 1.800000e+01 -2.200000e+00
    endloop
  endfacet
  facet normal 1.000000e+00 9.323479e-16 2.028247e-15
    outer loop
      vertex   6.200000e+00 1.800000e+01 -2.200000e+00
      vertex   6.200000e+00 1.659887e+01 -1.993829e+00
      vertex   6.200000e+00 1.620000e+01 -4.000000e+00
    endloop
  endfacet
  facet normal 1.000000e+00 1.708035e-15 1.252559e-15
    outer loop
      vertex   6.200000e+00 1.800000e+01 -2.200000e+00
      vertex   6.200000e+00 1.620000e+01 -4.000000e+00
      vertex   6.200000e+00 1.880000e+01 -4.000000e+00
    endloop
  endfacet
  facet normal 1.000000e+00 -6.084835e-15 3.423404e-15
    outer loop
      vertex   6.200000e+00 1.659887e+01 -1.993829e+00
      vertex   6.200000e+00 1.631171e+01 -2.504223e+00
      vertex   6.200000e+00 1.620000e+01 -4.000000e+00
    endloop
  endfacet
  facet normal 1.000000e+00 3.975268e-14 -1.412299e-28
    outer loop
      vertex   6.200000e+00 1.620000e+01 -4.000000e+00
      vertex   6.200000e+00 1.631171e+01 -2.504223e+00
      vertex   6.200000e+00 1.620000e+01 -3.000000e+00
    endloop
  endfacet
  facet normal 1.000000e+00 0.000000e+00 8.957446e-15
    outer loop
      vertex   6.200000e+00 1.620000e+01 -3.000000e+00
      vertex   6.200000e+00 1.631171e+01 -2.504223e+00
      vertex   6.200000e+00 1.600000e+01 -3.000000e+00
    endloop
  endfacet
  facet normal 1.000000e+00 0.000000e+00 4.934325e-16
    outer loop
      vertex   6.200000e+00 1.880000e+01 -4.000000e+00
      vertex   6.200000e+00 1.880000e+01 -2.200000e+00
      vertex   6.200000e+00 1.800000e+01 -2.200000e+00
    endloop
  endfacet
  facet normal 0.000000e+00 1.000000e+00 0.000000e+00
    outer loop
      vertex   6.200000e+00 1.880000e+01 -4.000000e+00
      vertex   -8.000000e-01 1.880000e+01 -4.000000e+00
      vertex   6.200000e+00 1.880000e+01 -2.200000e+00
    endloop
  endfacet
  facet normal 1.190615e-16 1.000000e+00 -4.630169e-16
    outer loop
      vertex   6.200000e+00 1.880000e+01 -2.200000e+00
      vertex   -8.000000e-01 1.880000e+01 -4.000000e+00
      vertex   5.825271e+00 1.880000e+01 5.376609e+00
    endloop
  endfacet
  facet normal -1.729705e-15 1.000000e+00 -5.544544e-16
    outer loop
      vertex   6.200000e+00 1.880000e+01 -2.200000e+00
      vertex   5.825271e+00 1.880000e+01 5.376609e+00
      vertex   5.877045e+00 1.880000e+01 5.215092e+00
    endloop
  endfacet
  facet normal -5.350391e-16 1.000000e+00 0.000000e+00
    outer loop
      vertex   -8.000000e-01 1.880000e+01 5.380000e+01
      vertex   5.840101e+00 1.880000e+01 5.880346e+00
      vertex   -8.000000e-01 1.880000e+01 -4.000000e+00
    endloop
  endfacet
  facet normal -7.648470e-16 1.000000e+00 1.544427e-16
    outer loop
      vertex   -8.000000e-01 1.880000e+01 -4.000000e+00
      vertex   5.840101e+00 1.880000e+01 5.880346e+00
      vertex   5.806530e+00 1.880000e+01 5.714090e+00
    endloop
  endfacet
  facet normal -5.620894e-16 1.000000e+00 1.654777e-17
    outer loop
      vertex   -8.000000e-01 1.880000e+01 -4.000000e+00
      vertex   5.806530e+00 1.880000e+01 5.714090e+00
      vertex   5.801538e+00 1.880000e+01 5.544552e+00
    endloop
  endfacet
  facet normal -1.875259e-16 1.000000e+00 4.340852e-17
    outer loop
      vertex   1.814519e+01 1.880000e+01 5.380000e+01
      vertex   7.200000e+00 1.880000e+01 6.516515e+00
      vertex   -8.000000e-01 1.880000e+01 5.380000e+01
    endloop
  endfacet
  facet normal 2.699913e-17 1.000000e+00 7.970450e-17
    outer loop
      vertex   -8.000000e-01 1.880000e+01 5.380000e+01
      vertex   7.200000e+00 1.880000e+01 6.516515e+00
      vertex   7.039355e+00 1.880000e+01 6.570932e+00
    endloop
  endfacet
  facet normal 1.221253e-17 1.000000e+00 7.725014e-17
    outer loop
      vertex   -8.000000e-01 1.880000e+01 5.380000e+01
      vertex   7.039355e+00 1.880000e+01 6.570932e+00
      vertex   6.871823e+00 1.880000e+01 6.597417e+00
    endloop
  endfacet
  facet normal 0.000000e+00 1.000000e+00 -0.000000e+00
    outer loop
      vertex   1.814519e+01 1.880000e+01 -2.200000e+00
      vertex   7.752272e+00 1.880000e+01 5.905249e+00
      vertex   1.814519e+01 1.880000e+01 5.380000e+01
    endloop
  endfacet
  facet normal 0.000000e+00 1.000000e+00 0.000000e+00
    outer loop
      vertex   1.814519e+01 1.880000e+01 5.380000e+01
      vertex   7.752272e+00 1.880000e+01 5.905249e+00
      vertex   7.686987e+00 1.880000e+01 6.061794e+00
    endloop
  endfacet
  facet normal 0.000000e+00 1.000000e+00 0.000000e+00
    outer loop
      vertex   1.814519e+01 1.880000e+01 5.380000e+01
      vertex   7.686987e+00 1.880000e+01 6.061794e+00
      vertex   7.596185e+00 1.880000e+01 6.205053e+00
    endloop
  endfacet
  facet normal -2.974180e-16 1.000000e+00 -4.162876e-16
    outer loop
      vertex   6.200000e+00 1.880000e+01 -2.200000e+00
      vertex   7.732666e+00 1.880000e+01 5.239258e+00
      vertex   1.814519e+01 1.880000e+01 -2.200000e+00
    endloop
  endfacet
  facet normal 0.000000e+00 1.000000e+00 0.000000e+00
    outer loop
      vertex   1.814519e+01 1.880000e+01 -2.200000e+00
      vertex   7.732666e+00 1.880000e+01 5.239258e+00
      vertex   7.780216e+00 1.880000e+01 5.402069e+00
    endloop
  endfacet
  facet normal 0.000000e+00 1.000000e+00 0.000000e+00
    outer loop
      vertex   1.814519e+01 1.880000e+01 -2.200000e+00
      vertex   7.780216e+00 1.880000e+01 5.402069e+00
      vertex   7.799567e+00 1.880000e+01 5.570573e+00
    endloop
  endfacet
  facet normal -9.781417e-19 1.000000e+00 7.510626e-17
    outer loop
      vertex   6.871823e+00 1.880000e+01 6.597417e+00
      vertex   6.702226e+00 1.880000e+01 6.595209e+00
      vertex   -8.000000e-01 1.880000e+01 5.380000e+01
    endloop
  endfacet
  facet normal -1.351889e-17 1.000000e+00 7.311317e-17
    outer loop
      vertex   -8.000000e-01 1.880000e+01 5.380000e+01
      vertex   6.702226e+00 1.880000e+01 6.595209e+00
      vertex   6.535441e+00 1.880000e+01 6.564370e+00
    endloop
  endfacet
  facet normal -2.618463e-17 1.000000e+00 7.114625e-17
    outer loop
      vertex   -8.000000e-01 1.880000e+01 5.380000e+01
      vertex   6.535441e+00 1.880000e+01 6.564370e+00
      vertex   6.376267e+00 1.880000e+01 6.505787e+00
    endloop
  endfacet
  facet normal -3.978128e-17 1.000000e+00 6.908314e-17
    outer loop
      vertex   6.376267e+00 1.880000e+01 6.505787e+00
      vertex   6.229284e+00 1.880000e+01 6.421147e+00
      vertex   -8.000000e-01 1.880000e+01 5.380000e+01
    endloop
  endfacet
  facet normal -5.536561e-17 1.000000e+00 6.677099e-17
    outer loop
      vertex   -8.000000e-01 1.880000e+01 5.380000e+01
      vertex   6.229284e+00 1.880000e+01 6.421147e+00
      vertex   6.098718e+00 1.880000e+01 6.312884e+00
    endloop
  endfacet
  facet normal -7.462495e-17 1.000000e+00 6.397308e-17
    outer loop
      vertex   -8.000000e-01 1.880000e+01 5.380000e+01
      vertex   6.098718e+00 1.880000e+01 6.312884e+00
      vertex   5.988328e+00 1.880000e+01 6.184113e+00
    endloop
  endfacet
  facet normal -1.007628e-16 1.000000e+00 6.024675e-17
    outer loop
      vertex   5.988328e+00 1.880000e+01 6.184113e+00
      vertex   5.901287e+00 1.880000e+01 6.038538e+00
      vertex   -8.000000e-01 1.880000e+01 5.380000e+01
    endloop
  endfacet
  facet normal -1.411222e-16 1.000000e+00 5.458403e-17
    outer loop
      vertex   -8.000000e-01 1.880000e+01 5.380000e+01
      vertex   5.901287e+00 1.880000e+01 6.038538e+00
      vertex   5.840101e+00 1.880000e+01 5.880346e+00
    endloop
  endfacet
  facet normal -4.468643e-16 1.000000e+00 -6.314824e-17
    outer loop
      vertex   5.801538e+00 1.880000e+01 5.544552e+00
      vertex   5.825271e+00 1.880000e+01 5.376609e+00
      vertex   -8.000000e-01 1.880000e+01 -4.000000e+00
    endloop
  endfacet
  facet normal -1.004279e-15 1.000000e+00 -5.228594e-16
    outer loop
      vertex   5.877045e+00 1.880000e+01 5.215092e+00
      vertex   5.955371e+00 1.880000e+01 5.064648e+00
      vertex   6.200000e+00 1.880000e+01 -2.200000e+00
    endloop
  endfacet
  facet normal -6.733645e-16 1.000000e+00 -5.117162e-16
    outer loop
      vertex   6.200000e+00 1.880000e+01 -2.200000e+00
      vertex   5.955371e+00 1.880000e+01 5.064648e+00
      vertex   6.057995e+00 1.880000e+01 4.929606e+00
    endloop
  endfacet
  facet normal -4.741061e-16 1.000000e+00 -5.077475e-16
    outer loop
      vertex   6.200000e+00 1.880000e+01 -2.200000e+00
      vertex   6.057995e+00 1.880000e+01 4.929606e+00
      vertex   6.181965e+00 1.880000e+01 4.813849e+00
    endloop
  endfacet
  facet normal -3.333903e-16 1.000000e+00 -5.073856e-16
    outer loop
      vertex   6.181965e+00 1.880000e+01 4.813849e+00
      vertex   6.323715e+00 1.880000e+01 4.720709e+00
      vertex   6.200000e+00 1.880000e+01 -2.200000e+00
    endloop
  endfacet
  facet normal -2.223079e-16 1.000000e+00 -5.093713e-16
    outer loop
      vertex   6.200000e+00 1.880000e+01 -2.200000e+00
      vertex   6.323715e+00 1.880000e+01 4.720709e+00
      vertex   6.479167e+00 1.880000e+01 4.652864e+00
    endloop
  endfacet
  facet normal -1.265322e-16 1.000000e+00 -5.132730e-16
    outer loop
      vertex   6.200000e+00 1.880000e+01 -2.200000e+00
      vertex   6.479167e+00 1.880000e+01 4.652864e+00
      vertex   6.643849e+00 1.880000e+01 4.612267e+00
    endloop
  endfacet
  facet normal -3.737870e-17 1.000000e+00 -5.190817e-16
    outer loop
      vertex   6.643849e+00 1.880000e+01 4.612267e+00
      vertex   6.813022e+00 1.880000e+01 4.600085e+00
      vertex   6.200000e+00 1.880000e+01 -2.200000e+00
    endloop
  endfacet
  facet normal 5.178683e-17 1.000000e+00 -5.271199e-16
    outer loop
      vertex   6.200000e+00 1.880000e+01 -2.200000e+00
      vertex   6.813022e+00 1.880000e+01 4.600085e+00
      vertex   6.981822e+00 1.880000e+01 4.616668e+00
    endloop
  endfacet
  facet normal 1.476220e-16 1.000000e+00 -5.381115e-16
    outer loop
      vertex   6.200000e+00 1.880000e+01 -2.200000e+00
      vertex   6.981822e+00 1.880000e+01 4.616668e+00
      vertex   7.145390e+00 1.880000e+01 4.661541e+00
    endloop
  endfacet
  facet normal 2.589044e-16 1.000000e+00 -5.534441e-16
    outer loop
      vertex   7.145390e+00 1.880000e+01 4.661541e+00
      vertex   7.299022e+00 1.880000e+01 4.733411e+00
      vertex   6.200000e+00 1.880000e+01 -2.200000e+00
    endloop
  endfacet
  facet normal 4.002258e-16 1.000000e+00 -5.758451e-16
    outer loop
      vertex   6.200000e+00 1.880000e+01 -2.200000e+00
      vertex   7.299022e+00 1.880000e+01 4.733411e+00
      vertex   7.438299e+00 1.880000e+01 4.830211e+00
    endloop
  endfacet
  facet normal 6.013166e-16 1.000000e+00 -6.112652e-16
    outer loop
      vertex   6.200000e+00 1.880000e+01 -2.200000e+00
      vertex   7.438299e+00 1.880000e+01 4.830211e+00
      vertex   7.559212e+00 1.880000e+01 4.949157e+00
    endloop
  endfacet
  facet normal 9.384774e-16 1.000000e+00 -6.753669e-16
    outer loop
      vertex   7.559212e+00 1.880000e+01 4.949157e+00
      vertex   7.658285e+00 1.880000e+01 5.086826e+00
      vertex   6.200000e+00 1.880000e+01 -2.200000e+00
    endloop
  endfacet
  facet normal 1.693859e-15 1.000000e+00 -8.265384e-16
    outer loop
      vertex   6.200000e+00 1.880000e+01 -2.200000e+00
      vertex   7.658285e+00 1.880000e+01 5.086826e+00
      vertex   7.732666e+00 1.880000e+01 5.239258e+00
    endloop
  endfacet
  facet normal -0.000000e+00 1.000000e+00 -0.000000e+00
    outer loop
      vertex   7.799567e+00 1.880000e+01 5.570573e+00
      vertex   7.790162e+00 1.880000e+01 5.739924e+00
      vertex   1.814519e+01 1.880000e+01 -2.200000e+00
    endloop
  endfacet
  facet normal 0.000000e+00 1.000000e+00 0.000000e+00
    outer loop
      vertex   1.814519e+01 1.880000e+01 -2.200000e+00
      vertex   7.790162e+00 1.880000e+01 5.739924e+00
      vertex   7.752272e+00 1.880000e+01 5.905249e+00
    endloop
  endfacet
  facet normal 0.000000e+00 1.000000e+00 -0.000000e+00
    outer loop
      vertex   7.596185e+00 1.880000e+01 6.205053e+00
      vertex   7.482479e+00 1.880000e+01 6.330906e+00
      vertex   1.814519e+01 1.880000e+01 5.380000e+01
    endloop
  endfacet
  facet normal 0.000000e+00 1.000000e+00 0.000000e+00
    outer loop
      vertex   1.814519e+01 1.880000e+01 5.380000e+01
      vertex   7.482479e+00 1.880000e+01 6.330906e+00
      vertex   7.349138e+00 1.880000e+01 6.435732e+00
    endloop
  endfacet
  facet normal 0.000000e+00 1.000000e+00 0.000000e+00
    outer loop
      vertex   1.814519e+01 1.880000e+01 5.380000e+01
      vertex   7.349138e+00 1.880000e+01 6.435732e+00
      vertex   7.200000e+00 1.880000e+01 6.516515e+00
    endloop
  endfacet
  facet normal -3.554551e-02 9.993681e-01 0.000000e+00
    outer loop
      vertex   1.853594e+01 1.881390e+01 5.380000e+01
      vertex   1.853594e+01 1.881390e+01 4.554286e+01
      vertex   1.814519e+01 1.880000e+01 5.380000e+01
    endloop
  endfacet
  facet normal -3.554551e-02 9.993681e-01 0.000000e+00
    outer loop
      vertex   1.814519e+01 1.880000e+01 5.380000e+01
      vertex   1.853594e+01 1.881390e+01 4.554286e+01
      vertex   1.853594e+01 1.881390e+01 3.728571e+01
    endloop
  endfacet
  facet normal -3.554551e-02 9.993681e-01 0.000000e+00
    outer loop
      vertex   1.814519e+01 1.880000e+01 5.380000e+01
      vertex   1.853594e+01 1.881390e+01 3.728571e+01
      vertex   1.853594e+01 1.881390e+01 2.902857e+01
    endloop
  endfacet
  facet normal -1.064569e-01 9.943173e-01 0.000000e+00
    outer loop
      vertex   1.853594e+01 1.881390e+01 2.902857e+01
      vertex   1.853594e+01 1.881390e+01 3.728571e+01
      vertex   1.892472e+01 1.885552e+01 2.902857e+01
    endloop
  endfacet
  facet normal -1.064569e-01 9.943173e-01 0.000000e+00
    outer loop
      vertex   1.853594e+01 1.881390e+01 2.902857e+01
      vertex   1.892472e+01 1.885552e+01 2.902857e+01
      vertex   1.892472e+01 1.885552e+01 2.077143e+01
    endloop
  endfacet
  facet normal -1.768303e-01 9.842414e-01 0.000000e+00
    outer loop
      vertex   1.892472e+01 1.885552e+01 2.077143e+01
      vertex   1.892472e+01 1.885552e+01 2.902857e+01
      vertex   1.930956e+01 1.892466e+01 2.077143e+01
    endloop
  endfacet
  facet normal -1.768303e-01 9.842414e-01 -4.244730e-16
    outer loop
      vertex   1.892472e+01 1.885552e+01 2.077143e+01
      vertex   1.930956e+01 1.892466e+01 2.077143e+01
      vertex   1.930956e+01 1.892466e+01 1.251429e+01
    endloop
  endfacet
  facet normal -2.463099e-01 9.691911e-01 -4.170036e-16
    outer loop
      vertex   1.930956e+01 1.892466e+01 1.251429e+01
      vertex   1.930956e+01 1.892466e+01 2.077143e+01
      vertex   1.968851e+01 1.902097e+01 1.251429e+01
    endloop
  endfacet
  facet normal -2.463099e-01 9.691911e-01 0.000000e+00
    outer loop
      vertex   1.930956e+01 1.892466e+01 1.251429e+01
      vertex   1.968851e+01 1.902097e+01 1.251429e+01
      vertex   1.968851e+01 1.902097e+01 4.257143e+00
    endloop
  endfacet
  facet normal -3.145448e-01 9.492426e-01 0.000000e+00
    outer loop
      vertex   1.968851e+01 1.902097e+01 4.257143e+00
      vertex   1.968851e+01 1.902097e+01 1.251429e+01
      vertex   2.005967e+01 1.914396e+01 4.257143e+00
    endloop
  endfacet
  facet normal -3.145448e-01 9.492426e-01 0.000000e+00
    outer loop
      vertex   1.968851e+01 1.902097e+01 4.257143e+00
      vertex   2.005967e+01 1.914396e+01 4.257143e+00
      vertex   2.005967e+01 1.914396e+01 -4.000000e+00
    endloop
  endfacet
  facet normal -3.811899e-01 9.244968e-01 0.000000e+00
    outer loop
      vertex   2.005967e+01 1.914396e+01 -4.000000e+00
      vertex   2.005967e+01 1.914396e+01 4.257143e+00
      vertex   2.042114e+01 1.929300e+01 -4.000000e+00
    endloop
  endfacet
  facet normal -3.811899e-01 9.244968e-01 0.000000e+00
    outer loop
      vertex   2.042114e+01 1.929300e+01 -4.000000e+00
      vertex   2.005967e+01 1.914396e+01 4.257143e+00
      vertex   2.042114e+01 1.929300e+01 4.257143e+00
    endloop
  endfacet
  facet normal -4.459085e-01 8.950785e-01 0.000000e+00
    outer loop
      vertex   2.042114e+01 1.929300e+01 -4.000000e+00
      vertex   2.042114e+01 1.929300e+01 4.257143e+00
      vertex   2.077112e+01 1.946735e+01 -4.000000e+00
    endloop
  endfacet
  facet normal -4.459085e-01 8.950785e-01 0.000000e+00
    outer loop
      vertex   2.077112e+01 1.946735e+01 -4.000000e+00
      vertex   2.042114e+01 1.929300e+01 4.257143e+00
      vertex   2.077112e+01 1.946735e+01 4.257143e+00
    endloop
  endfacet
  facet normal -5.083736e-01 8.611366e-01 0.000000e+00
    outer loop
      vertex   2.077112e+01 1.946735e+01 -4.000000e+00
      vertex   2.077112e+01 1.946735e+01 4.257143e+00
      vertex   2.110783e+01 1.966613e+01 -4.000000e+00
    endloop
  endfacet
  facet normal -5.083736e-01 8.611366e-01 0.000000e+00
    outer loop
      vertex   2.110783e+01 1.966613e+01 -4.000000e+00
      vertex   2.077112e+01 1.946735e+01 4.257143e+00
      vertex   2.110783e+01 1.966613e+01 4.257143e+00
    endloop
  endfacet
  facet normal -5.682693e-01 8.228426e-01 0.000000e+00
    outer loop
      vertex   2.110783e+01 1.966613e+01 -4.000000e+00
      vertex   2.110783e+01 1.966613e+01 4.257143e+00
      vertex   2.142956e+01 1.988832e+01 -4.000000e+00
    endloop
  endfacet
  facet normal -5.682693e-01 8.228426e-01 -3.540358e-16
    outer loop
      vertex   2.142956e+01 1.988832e+01 -4.000000e+00
      vertex   2.110783e+01 1.966613e+01 4.257143e+00
      vertex   2.142956e+01 1.988832e+01 4.257143e+00
    endloop
  endfacet
  facet normal -6.252931e-01 7.803900e-01 -3.357702e-16
    outer loop
      vertex   2.142956e+01 1.988832e+01 -4.000000e+00
      vertex   2.142956e+01 1.988832e+01 4.257143e+00
      vertex   2.173469e+01 2.013281e+01 -4.000000e+00
    endloop
  endfacet
  facet normal -6.252931e-01 7.803900e-01 0.000000e+00
    outer loop
      vertex   2.173469e+01 2.013281e+01 -4.000000e+00
      vertex   2.142956e+01 1.988832e+01 4.257143e+00
      vertex   2.173469e+01 2.013281e+01 4.257143e+00
    endloop
  endfacet
  facet normal -6.791567e-01 7.339933e-01 0.000000e+00
    outer loop
      vertex   2.173469e+01 2.013281e+01 -4.000000e+00
      vertex   2.173469e+01 2.013281e+01 4.257143e+00
      vertex   2.202168e+01 2.039836e+01 -4.000000e+00
    endloop
  endfacet
  facet normal -6.791567e-01 7.339933e-01 0.000000e+00
    outer loop
      vertex   2.202168e+01 2.039836e+01 -4.000000e+00
      vertex   2.173469e+01 2.013281e+01 4.257143e+00
      vertex   2.202168e+01 2.039836e+01 4.257143e+00
    endloop
  endfacet
  facet normal -7.295878e-01 6.838871e-01 0.000000e+00
    outer loop
      vertex   2.202168e+01 2.039836e+01 -4.000000e+00
      vertex   2.202168e+01 2.039836e+01 4.257143e+00
      vertex   2.228908e+01 2.068363e+01 -4.000000e+00
    endloop
  endfacet
  facet normal -7.295878e-01 6.838871e-01 0.000000e+00
    outer loop
      vertex   2.228908e+01 2.068363e+01 -4.000000e+00
      vertex   2.202168e+01 2.039836e+01 4.257143e+00
      vertex   2.228908e+01 2.068363e+01 4.257143e+00
    endloop
  endfacet
  facet normal -7.763317e-01 6.303246e-01 0.000000e+00
    outer loop
      vertex   2.228908e+01 2.068363e+01 -4.000000e+00
      vertex   2.228908e+01 2.068363e+01 4.257143e+00
      vertex   2.253554e+01 2.098718e+01 -4.000000e+00
    endloop
  endfacet
  facet normal -7.763317e-01 6.303246e-01 0.000000e+00
    outer loop
      vertex   2.253554e+01 2.098718e+01 -4.000000e+00
      vertex   2.228908e+01 2.068363e+01 4.257143e+00
      vertex   2.253554e+01 2.098718e+01 4.257143e+00
    endloop
  endfacet
  facet normal -8.191520e-01 5.735764e-01 0.000000e+00
    outer loop
      vertex   2.253554e+01 2.098718e+01 -4.000000e+00
      vertex   2.253554e+01 2.098718e+01 4.257143e+00
      vertex   2.275981e+01 2.130747e+01 -4.000000e+00
    endloop
  endfacet
  facet normal -8.191520e-01 5.735764e-01 0.000000e+00
    outer loop
      vertex   2.275981e+01 2.130747e+01 -4.000000e+00
      vertex   2.253554e+01 2.098718e+01 4.257143e+00
      vertex   2.275981e+01 2.130747e+01 4.257143e+00
    endloop
  endfacet
  facet normal -8.578324e-01 5.139295e-01 0.000000e+00
    outer loop
      vertex   2.275981e+01 2.130747e+01 -4.000000e+00
      vertex   2.275981e+01 2.130747e+01 4.257143e+00
      vertex   2.296076e+01 2.164288e+01 -4.000000e+00
    endloop
  endfacet
  facet normal -8.578324e-01 5.139295e-01 0.000000e+00
    outer loop
      vertex   2.296076e+01 2.164288e+01 -4.000000e+00
      vertex   2.275981e+01 2.130747e+01 4.257143e+00
      vertex   2.296076e+01 2.164288e+01 4.257143e+00
    endloop
  endfacet
  facet normal -8.921774e-01 4.516851e-01 0.000000e+00
    outer loop
      vertex   2.296076e+01 2.164288e+01 -4.000000e+00
      vertex   2.296076e+01 2.164288e+01 4.257143e+00
      vertex   2.313737e+01 2.199172e+01 -4.000000e+00
    endloop
  endfacet
  facet normal -8.921774e-01 4.516851e-01 -7.677355e-16
    outer loop
      vertex   2.313737e+01 2.199172e+01 -4.000000e+00
      vertex   2.296076e+01 2.164288e+01 4.257143e+00
      vertex   2.313737e+01 2.199172e+01 4.257143e+00
    endloop
  endfacet
  facet normal -9.220134e-01 3.871580e-01 -7.934099e-16
    outer loop
      vertex   2.313737e+01 2.199172e+01 -4.000000e+00
      vertex   2.313737e+01 2.199172e+01 4.257143e+00
      vertex   2.328874e+01 2.235223e+01 -4.000000e+00
    endloop
  endfacet
  facet normal -9.220134e-01 3.871580e-01 0.000000e+00
    outer loop
      vertex   2.328874e+01 2.235223e+01 -4.000000e+00
      vertex   2.313737e+01 2.199172e+01 4.257143e+00
      vertex   2.328874e+01 2.235223e+01 4.257143e+00
    endloop
  endfacet
  facet normal -9.471896e-01 3.206742e-01 0.000000e+00
    outer loop
      vertex   2.328874e+01 2.235223e+01 -4.000000e+00
      vertex   2.328874e+01 2.235223e+01 4.257143e+00
      vertex   2.341413e+01 2.272258e+01 -4.000000e+00
    endloop
  endfacet
  facet normal -9.471896e-01 3.206742e-01 0.000000e+00
    outer loop
      vertex   2.341413e+01 2.272258e+01 -4.000000e+00
      vertex   2.328874e+01 2.235223e+01 4.257143e+00
      vertex   2.341413e+01 2.272258e+01 4.257143e+00
    endloop
  endfacet
  facet normal -9.675787e-01 2.525698e-01 0.000000e+00
    outer loop
      vertex   2.341413e+01 2.272258e+01 -4.000000e+00
      vertex   2.341413e+01 2.272258e+01 4.257143e+00
      vertex   2.351288e+01 2.310091e+01 -4.000000e+00
    endloop
  endfacet
  facet normal -9.675787e-01 2.525698e-01 0.000000e+00
    outer loop
      vertex   2.351288e+01 2.310091e+01 -4.000000e+00
      vertex   2.341413e+01 2.272258e+01 4.257143e+00
      vertex   2.351288e+01 2.310091e+01 4.257143e+00
    endloop
  endfacet
  facet normal -9.830777e-01 1.831888e-01 0.000000e+00
    outer loop
      vertex   2.351288e+01 2.310091e+01 -4.000000e+00
      vertex   2.351288e+01 2.310091e+01 4.257143e+00
      vertex   2.358451e+01 2.348529e+01 -4.000000e+00
    endloop
  endfacet
  facet normal -9.830777e-01 1.831888e-01 -4.229785e-16
    outer loop
      vertex   2.358451e+01 2.348529e+01 -4.000000e+00
      vertex   2.351288e+01 2.310091e+01 4.257143e+00
      vertex   2.358451e+01 2.348529e+01 4.257143e+00
    endloop
  endfacet
  facet normal -9.936084e-01 1.128821e-01 -4.275094e-16
    outer loop
      vertex   2.358451e+01 2.348529e+01 -4.000000e+00
      vertex   2.358451e+01 2.348529e+01 4.257143e+00
      vertex   2.362865e+01 2.387379e+01 -4.000000e+00
    endloop
  endfacet
  facet normal -9.936084e-01 1.128821e-01 0.000000e+00
    outer loop
      vertex   2.362865e+01 2.387379e+01 -4.000000e+00
      vertex   2.358451e+01 2.348529e+01 4.257143e+00
      vertex   2.362865e+01 2.387379e+01 4.257143e+00
    endloop
  endfacet
  facet normal -9.991174e-01 4.200482e-02 0.000000e+00
    outer loop
      vertex   2.362865e+01 2.387379e+01 -4.000000e+00
      vertex   2.362865e+01 2.387379e+01 4.257143e+00
      vertex   2.364507e+01 2.426445e+01 -4.000000e+00
    endloop
  endfacet
  facet normal -9.991174e-01 4.200482e-02 0.000000e+00
    outer loop
      vertex   2.364507e+01 2.426445e+01 -4.000000e+00
      vertex   2.362865e+01 2.387379e+01 4.257143e+00
      vertex   2.364507e+01 2.426445e+01 4.257143e+00
    endloop
  endfacet
  facet normal -9.995770e-01 -2.908472e-02 0.000000e+00
    outer loop
      vertex   2.364507e+01 2.426445e+01 -4.000000e+00
      vertex   2.364507e+01 2.426445e+01 4.257143e+00
      vertex   2.363370e+01 2.465528e+01 -4.000000e+00
    endloop
  endfacet
  facet normal -9.995770e-01 -2.908472e-02 0.000000e+00
    outer loop
      vertex   2.363370e+01 2.465528e+01 -4.000000e+00
      vertex   2.364507e+01 2.426445e+01 4.257143e+00
      vertex   2.363370e+01 2.465528e+01 4.257143e+00
    endloop
  endfacet
  facet normal -9.949847e-01 -1.000273e-01 0.000000e+00
    outer loop
      vertex   2.363370e+01 2.465528e+01 -4.000000e+00
      vertex   2.363370e+01 2.465528e+01 4.257143e+00
      vertex   2.359459e+01 2.504432e+01 -4.000000e+00
    endloop
  endfacet
  facet normal -9.949847e-01 -1.000273e-01 0.000000e+00
    outer loop
      vertex   2.359459e+01 2.504432e+01 -4.000000e+00
      vertex   2.363370e+01 2.465528e+01 4.257143e+00
      vertex   2.359459e+01 2.504432e+01 4.257143e+00
    endloop
  endfacet
  facet normal -9.853639e-01 -1.704643e-01 0.000000e+00
    outer loop
      vertex   2.359459e+01 2.504432e+01 -4.000000e+00
      vertex   2.359459e+01 2.504432e+01 4.257143e+00
      vertex   2.352794e+01 2.542960e+01 -4.000000e+00
    endloop
  endfacet
  facet normal -9.853639e-01 -1.704643e-01 -4.239621e-16
    outer loop
      vertex   2.352794e+01 2.542960e+01 -4.000000e+00
      vertex   2.359459e+01 2.504432e+01 4.257143e+00
      vertex   2.352794e+01 2.542960e+01 4.257143e+00
    endloop
  endfacet
  facet normal -9.707630e-01 -2.400398e-01 -4.176800e-16
    outer loop
      vertex   2.352794e+01 2.542960e+01 -4.000000e+00
      vertex   2.352794e+01 2.542960e+01 4.257143e+00
      vertex   2.343408e+01 2.580917e+01 -4.000000e+00
    endloop
  endfacet
  facet normal -9.707630e-01 -2.400398e-01 -4.176800e-16
    outer loop
      vertex   2.343408e+01 2.580917e+01 -4.000000e+00
      vertex   2.352794e+01 2.542960e+01 4.257143e+00
      vertex   2.343408e+01 2.580917e+01 4.257143e+00
    endloop
  endfacet
  facet normal -9.512561e-01 -3.084021e-01 -4.092869e-16
    outer loop
      vertex   2.343408e+01 2.580917e+01 -4.000000e+00
      vertex   2.343408e+01 2.580917e+01 4.257143e+00
      vertex   2.331350e+01 2.618111e+01 -4.000000e+00
    endloop
  endfacet
  facet normal -9.512561e-01 -3.084021e-01 0.000000e+00
    outer loop
      vertex   2.331350e+01 2.618111e+01 -4.000000e+00
      vertex   2.343408e+01 2.580917e+01 4.257143e+00
      vertex   2.343408e+01 2.580917e+01 1.251429e+01
    endloop
  endfacet
  facet normal -9.512561e-01 -3.084021e-01 0.000000e+00
    outer loop
      vertex   2.331350e+01 2.618111e+01 -4.000000e+00
      vertex   2.343408e+01 2.580917e+01 1.251429e+01
      vertex   2.343408e+01 2.580917e+01 2.077143e+01
    endloop
  endfacet
  facet normal -9.707630e-01 -2.400398e-01 -0.000000e+00
    outer loop
      vertex   2.343408e+01 2.580917e+01 2.077143e+01
      vertex   2.343408e+01 2.580917e+01 1.251429e+01
      vertex   2.352794e+01 2.542960e+01 2.077143e+01
    endloop
  endfacet
  facet normal -9.707630e-01 -2.400398e-01 0.000000e+00
    outer loop
      vertex   2.343408e+01 2.580917e+01 2.077143e+01
      vertex   2.352794e+01 2.542960e+01 2.077143e+01
      vertex   2.352794e+01 2.542960e+01 2.902857e+01
    endloop
  endfacet
  facet normal -9.853639e-01 -1.704643e-01 -0.000000e+00
    outer loop
      vertex   2.352794e+01 2.542960e+01 2.902857e+01
      vertex   2.352794e+01 2.542960e+01 2.077143e+01
      vertex   2.359459e+01 2.504432e+01 2.902857e+01
    endloop
  endfacet
  facet normal -9.853639e-01 -1.704643e-01 0.000000e+00
    outer loop
      vertex   2.352794e+01 2.542960e+01 2.902857e+01
      vertex   2.359459e+01 2.504432e+01 2.902857e+01
      vertex   2.359459e+01 2.504432e+01 3.728571e+01
    endloop
  endfacet
  facet normal -9.949847e-01 -1.000273e-01 -0.000000e+00
    outer loop
      vertex   2.359459e+01 2.504432e+01 3.728571e+01
      vertex   2.359459e+01 2.504432e+01 2.902857e+01
      vertex   2.363370e+01 2.465528e+01 3.728571e+01
    endloop
  endfacet
  facet normal -9.949847e-01 -1.000273e-01 0.000000e+00
    outer loop
      vertex   2.359459e+01 2.504432e+01 3.728571e+01
      vertex   2.363370e+01 2.465528e+01 3.728571e+01
      vertex   2.363370e+01 2.465528e+01 4.554286e+01
    endloop
  endfacet
  facet normal -9.995770e-01 -2.908472e-02 -0.000000e+00
    outer loop
      vertex   2.363370e+01 2.465528e+01 4.554286e+01
      vertex   2.363370e+01 2.465528e+01 3.728571e+01
      vertex   2.364507e+01 2.426445e+01 4.554286e+01
    endloop
  endfacet
  facet normal -9.995770e-01 -2.908472e-02 0.000000e+00
    outer loop
      vertex   2.363370e+01 2.465528e+01 4.554286e+01
      vertex   2.364507e+01 2.426445e+01 4.554286e+01
      vertex   2.364507e+01 2.426445e+01 5.380000e+01
    endloop
  endfacet
  facet normal -9.991174e-01 4.200482e-02 0.000000e+00
    outer loop
      vertex   2.364507e+01 2.426445e+01 5.380000e+01
      vertex   2.364507e+01 2.426445e+01 4.554286e+01
      vertex   2.362865e+01 2.387379e+01 5.380000e+01
    endloop
  endfacet
  facet normal -9.991174e-01 4.200482e-02 0.000000e+00
    outer loop
      vertex   2.362865e+01 2.387379e+01 5.380000e+01
      vertex   2.364507e+01 2.426445e+01 4.554286e+01
      vertex   2.362865e+01 2.387379e+01 4.554286e+01
    endloop
  endfacet
  facet normal -9.936084e-01 1.128821e-01 0.000000e+00
    outer loop
      vertex   2.362865e+01 2.387379e+01 5.380000e+01
      vertex   2.362865e+01 2.387379e+01 4.554286e+01
      vertex   2.358451e+01 2.348529e+01 5.380000e+01
    endloop
  endfacet
  facet normal -9.936084e-01 1.128821e-01 4.275094e-16
    outer loop
      vertex   2.358451e+01 2.348529e+01 5.380000e+01
      vertex   2.362865e+01 2.387379e+01 4.554286e+01
      vertex   2.358451e+01 2.348529e+01 4.554286e+01
    endloop
  endfacet
  facet normal -9.830777e-01 1.831888e-01 4.229785e-16
    outer loop
      vertex   2.358451e+01 2.348529e+01 5.380000e+01
      vertex   2.358451e+01 2.348529e+01 4.554286e+01
      vertex   2.351288e+01 2.310091e+01 5.380000e+01
    endloop
  endfacet
  facet normal -9.830777e-01 1.831888e-01 -4.229785e-16
    outer loop
      vertex   2.351288e+01 2.310091e+01 5.380000e+01
      vertex   2.358451e+01 2.348529e+01 4.554286e+01
      vertex   2.351288e+01 2.310091e+01 4.554286e+01
    endloop
  endfacet
  facet normal -9.675787e-01 2.525698e-01 -4.163099e-16
    outer loop
      vertex   2.351288e+01 2.310091e+01 5.380000e+01
      vertex   2.351288e+01 2.310091e+01 4.554286e+01
      vertex   2.341413e+01 2.272258e+01 5.380000e+01
    endloop
  endfacet
  facet normal -9.675787e-01 2.525698e-01 0.000000e+00
    outer loop
      vertex   2.341413e+01 2.272258e+01 5.380000e+01
      vertex   2.351288e+01 2.310091e+01 4.554286e+01
      vertex   2.341413e+01 2.272258e+01 4.554286e+01
    endloop
  endfacet
  facet normal -9.471896e-01 3.206742e-01 0.000000e+00
    outer loop
      vertex   2.341413e+01 2.272258e+01 5.380000e+01
      vertex   2.341413e+01 2.272258e+01 4.554286e+01
      vertex   2.328874e+01 2.235223e+01 5.380000e+01
    endloop
  endfacet
  facet normal -9.471896e-01 3.206742e-01 0.000000e+00
    outer loop
      vertex   2.328874e+01 2.235223e+01 5.380000e+01
      vertex   2.341413e+01 2.272258e+01 4.554286e+01
      vertex   2.328874e+01 2.235223e+01 4.554286e+01
    endloop
  endfacet
  facet normal -9.220134e-01 3.871580e-01 0.000000e+00
    outer loop
      vertex   2.328874e+01 2.235223e+01 5.380000e+01
      vertex   2.328874e+01 2.235223e+01 4.554286e+01
      vertex   2.313737e+01 2.199172e+01 5.380000e+01
    endloop
  endfacet
  facet normal -9.220134e-01 3.871580e-01 7.934099e-16
    outer loop
      vertex   2.313737e+01 2.199172e+01 5.380000e+01
      vertex   2.328874e+01 2.235223e+01 4.554286e+01
      vertex   2.313737e+01 2.199172e+01 4.554286e+01
    endloop
  endfacet
  facet normal -8.921774e-01 4.516851e-01 7.677355e-16
    outer loop
      vertex   2.313737e+01 2.199172e+01 5.380000e+01
      vertex   2.313737e+01 2.199172e+01 4.554286e+01
      vertex   2.296076e+01 2.164288e+01 5.380000e+01
    endloop
  endfacet
  facet normal -8.921774e-01 4.516851e-01 0.000000e+00
    outer loop
      vertex   2.296076e+01 2.164288e+01 5.380000e+01
      vertex   2.313737e+01 2.199172e+01 4.554286e+01
      vertex   2.296076e+01 2.164288e+01 4.554286e+01
    endloop
  endfacet
  facet normal -8.578324e-01 5.139295e-01 0.000000e+00
    outer loop
      vertex   2.296076e+01 2.164288e+01 5.380000e+01
      vertex   2.296076e+01 2.164288e+01 4.554286e+01
      vertex   2.275981e+01 2.130747e+01 5.380000e+01
    endloop
  endfacet
  facet normal -8.578324e-01 5.139295e-01 0.000000e+00
    outer loop
      vertex   2.275981e+01 2.130747e+01 5.380000e+01
      vertex   2.296076e+01 2.164288e+01 4.554286e+01
      vertex   2.275981e+01 2.130747e+01 4.554286e+01
    endloop
  endfacet
  facet normal -8.191520e-01 5.735764e-01 0.000000e+00
    outer loop
      vertex   2.275981e+01 2.130747e+01 5.380000e+01
      vertex   2.275981e+01 2.130747e+01 4.554286e+01
      vertex   2.253554e+01 2.098718e+01 5.380000e+01
    endloop
  endfacet
  facet normal -8.191520e-01 5.735764e-01 0.000000e+00
    outer loop
      vertex   2.253554e+01 2.098718e+01 5.380000e+01
      vertex   2.275981e+01 2.130747e+01 4.554286e+01
      vertex   2.253554e+01 2.098718e+01 4.554286e+01
    endloop
  endfacet
  facet normal -7.763317e-01 6.303246e-01 0.000000e+00
    outer loop
      vertex   2.253554e+01 2.098718e+01 5.380000e+01
      vertex   2.253554e+01 2.098718e+01 4.554286e+01
      vertex   2.228908e+01 2.068363e+01 5.380000e+01
    endloop
  endfacet
  facet normal -7.763317e-01 6.303246e-01 0.000000e+00
    outer loop
      vertex   2.228908e+01 2.068363e+01 5.380000e+01
      vertex   2.253554e+01 2.098718e+01 4.554286e+01
      vertex   2.228908e+01 2.068363e+01 4.554286e+01
    endloop
  endfacet
  facet normal -7.295878e-01 6.838871e-01 0.000000e+00
    outer loop
      vertex   2.228908e+01 2.068363e+01 5.380000e+01
      vertex   2.228908e+01 2.068363e+01 4.554286e+01
      vertex   2.202168e+01 2.039836e+01 5.380000e+01
    endloop
  endfacet
  facet normal -7.295878e-01 6.838871e-01 0.000000e+00
    outer loop
      vertex   2.202168e+01 2.039836e+01 5.380000e+01
      vertex   2.228908e+01 2.068363e+01 4.554286e+01
      vertex   2.202168e+01 2.039836e+01 4.554286e+01
    endloop
  endfacet
  facet normal -6.791567e-01 7.339933e-01 0.000000e+00
    outer loop
      vertex   2.202168e+01 2.039836e+01 5.380000e+01
      vertex   2.202168e+01 2.039836e+01 4.554286e+01
      vertex   2.173469e+01 2.013281e+01 5.380000e+01
    endloop
  endfacet
  facet normal -6.791567e-01 7.339933e-01 9.238287e-16
    outer loop
      vertex   2.173469e+01 2.013281e+01 5.380000e+01
      vertex   2.202168e+01 2.039836e+01 4.554286e+01
      vertex   2.173469e+01 2.013281e+01 4.554286e+01
    endloop
  endfacet
  facet normal -6.252931e-01 7.803900e-01 9.405786e-16
    outer loop
      vertex   2.173469e+01 2.013281e+01 5.380000e+01
      vertex   2.173469e+01 2.013281e+01 4.554286e+01
      vertex   2.142956e+01 1.988832e+01 5.380000e+01
    endloop
  endfacet
  facet normal -6.252931e-01 7.803900e-01 3.357702e-16
    outer loop
      vertex   2.142956e+01 1.988832e+01 5.380000e+01
      vertex   2.173469e+01 2.013281e+01 4.554286e+01
      vertex   2.142956e+01 1.988832e+01 4.554286e+01
    endloop
  endfacet
  facet normal -5.682693e-01 8.228426e-01 3.540358e-16
    outer loop
      vertex   2.142956e+01 1.988832e+01 5.380000e+01
      vertex   2.142956e+01 1.988832e+01 4.554286e+01
      vertex   2.110783e+01 1.966613e+01 5.380000e+01
    endloop
  endfacet
  facet normal -5.682693e-01 8.228426e-01 0.000000e+00
    outer loop
      vertex   2.110783e+01 1.966613e+01 5.380000e+01
      vertex   2.142956e+01 1.988832e+01 4.554286e+01
      vertex   2.110783e+01 1.966613e+01 4.554286e+01
    endloop
  endfacet
  facet normal -5.083736e-01 8.611366e-01 0.000000e+00
    outer loop
      vertex   2.110783e+01 1.966613e+01 5.380000e+01
      vertex   2.110783e+01 1.966613e+01 4.554286e+01
      vertex   2.077112e+01 1.946735e+01 5.380000e+01
    endloop
  endfacet
  facet normal -5.083736e-01 8.611366e-01 0.000000e+00
    outer loop
      vertex   2.077112e+01 1.946735e+01 5.380000e+01
      vertex   2.110783e+01 1.966613e+01 4.554286e+01
      vertex   2.077112e+01 1.946735e+01 4.554286e+01
    endloop
  endfacet
  facet normal -4.459085e-01 8.950785e-01 0.000000e+00
    outer loop
      vertex   2.077112e+01 1.946735e+01 5.380000e+01
      vertex   2.077112e+01 1.946735e+01 4.554286e+01
      vertex   2.042114e+01 1.929300e+01 5.380000e+01
    endloop
  endfacet
  facet normal -4.459085e-01 8.950785e-01 0.000000e+00
    outer loop
      vertex   2.042114e+01 1.929300e+01 5.380000e+01
      vertex   2.077112e+01 1.946735e+01 4.554286e+01
      vertex   2.042114e+01 1.929300e+01 4.554286e+01
    endloop
  endfacet
  facet normal -3.811899e-01 9.244968e-01 0.000000e+00
    outer loop
      vertex   2.042114e+01 1.929300e+01 5.380000e+01
      vertex   2.042114e+01 1.929300e+01 4.554286e+01
      vertex   2.005967e+01 1.914396e+01 5.380000e+01
    endloop
  endfacet
  facet normal -3.811899e-01 9.244968e-01 0.000000e+00
    outer loop
      vertex   2.005967e+01 1.914396e+01 5.380000e+01
      vertex   2.042114e+01 1.929300e+01 4.554286e+01
      vertex   2.005967e+01 1.914396e+01 4.554286e+01
    endloop
  endfacet
  facet normal -3.145448e-01 9.492426e-01 0.000000e+00
    outer loop
      vertex   2.005967e+01 1.914396e+01 5.380000e+01
      vertex   2.005967e+01 1.914396e+01 4.554286e+01
      vertex   1.968851e+01 1.902097e+01 5.380000e+01
    endloop
  endfacet
  facet normal -3.145448e-01 9.492426e-01 4.084206e-16
    outer loop
      vertex   1.968851e+01 1.902097e+01 5.380000e+01
      vertex   2.005967e+01 1.914396e+01 4.554286e+01
      vertex   1.968851e+01 1.902097e+01 4.554286e+01
    endloop
  endfacet
  facet normal -2.463099e-01 9.691911e-01 4.170036e-16
    outer loop
      vertex   1.968851e+01 1.902097e+01 5.380000e+01
      vertex   1.968851e+01 1.902097e+01 4.554286e+01
      vertex   1.930956e+01 1.892466e+01 5.380000e+01
    endloop
  endfacet
  facet normal -2.463099e-01 9.691911e-01 0.000000e+00
    outer loop
      vertex   1.930956e+01 1.892466e+01 5.380000e+01
      vertex   1.968851e+01 1.902097e+01 4.554286e+01
      vertex   1.930956e+01 1.892466e+01 4.554286e+01
    endloop
  endfacet
  facet normal -1.768303e-01 9.842414e-01 0.000000e+00
    outer loop
      vertex   1.930956e+01 1.892466e+01 5.380000e+01
      vertex   1.930956e+01 1.892466e+01 4.554286e+01
      vertex   1.892472e+01 1.885552e+01 5.380000e+01
    endloop
  endfacet
  facet normal -1.768303e-01 9.842414e-01 4.234791e-16
    outer loop
      vertex   1.892472e+01 1.885552e+01 5.380000e+01
      vertex   1.930956e+01 1.892466e+01 4.554286e+01
      vertex   1.892472e+01 1.885552e+01 4.554286e+01
    endloop
  endfacet
  facet normal -1.064569e-01 9.943173e-01 4.278144e-16
    outer loop
      vertex   1.892472e+01 1.885552e+01 5.380000e+01
      vertex   1.892472e+01 1.885552e+01 4.554286e+01
      vertex   1.853594e+01 1.881390e+01 5.380000e+01
    endloop
  endfacet
  facet normal -1.064569e-01 9.943173e-01 0.000000e+00
    outer loop
      vertex   1.853594e+01 1.881390e+01 5.380000e+01
      vertex   1.892472e+01 1.885552e+01 4.554286e+01
      vertex   1.853594e+01 1.881390e+01 4.554286e+01
    endloop
  endfacet
  facet normal -9.995770e-01 -2.908472e-02 0.000000e+00
    outer loop
      vertex   2.364507e+01 2.426445e+01 5.380000e+01
      vertex   2.363370e+01 2.465528e+01 5.380000e+01
      vertex   2.363370e+01 2.465528e+01 4.554286e+01
    endloop
  endfacet
  facet normal -9.949847e-01 -1.000273e-01 0.000000e+00
    outer loop
      vertex   2.363370e+01 2.465528e+01 4.554286e+01
      vertex   2.363370e+01 2.465528e+01 5.380000e+01
      vertex   2.359459e+01 2.504432e+01 4.554286e+01
    endloop
  endfacet
  facet normal -9.949847e-01 -1.000273e-01 0.000000e+00
    outer loop
      vertex   2.363370e+01 2.465528e+01 4.554286e+01
      vertex   2.359459e+01 2.504432e+01 4.554286e+01
      vertex   2.359459e+01 2.504432e+01 3.728571e+01
    endloop
  endfacet
  facet normal -9.853639e-01 -1.704643e-01 0.000000e+00
    outer loop
      vertex   2.359459e+01 2.504432e+01 3.728571e+01
      vertex   2.359459e+01 2.504432e+01 4.554286e+01
      vertex   2.352794e+01 2.542960e+01 3.728571e+01
    endloop
  endfacet
  facet normal -9.853639e-01 -1.704643e-01 0.000000e+00
    outer loop
      vertex   2.359459e+01 2.504432e+01 3.728571e+01
      vertex   2.352794e+01 2.542960e+01 3.728571e+01
      vertex   2.352794e+01 2.542960e+01 2.902857e+01
    endloop
  endfacet
  facet normal -9.707630e-01 -2.400398e-01 0.000000e+00
    outer loop
      vertex   2.352794e+01 2.542960e+01 2.902857e+01
      vertex   2.352794e+01 2.542960e+01 3.728571e+01
      vertex   2.343408e+01 2.580917e+01 2.902857e+01
    endloop
  endfacet
  facet normal -9.707630e-01 -2.400398e-01 0.000000e+00
    outer loop
      vertex   2.352794e+01 2.542960e+01 2.902857e+01
      vertex   2.343408e+01 2.580917e+01 2.902857e+01
      vertex   2.343408e+01 2.580917e+01 2.077143e+01
    endloop
  endfacet
  facet normal -9.512561e-01 -3.084021e-01 0.000000e+00
    outer loop
      vertex   2.343408e+01 2.580917e+01 2.077143e+01
      vertex   2.343408e+01 2.580917e+01 2.902857e+01
      vertex   2.331350e+01 2.618111e+01 -4.000000e+00
    endloop
  endfacet
  facet normal -9.949847e-01 -1.000273e-01 0.000000e+00
    outer loop
      vertex   2.363370e+01 2.465528e+01 5.380000e+01
      vertex   2.359459e+01 2.504432e+01 5.380000e+01
      vertex   2.359459e+01 2.504432e+01 4.554286e+01
    endloop
  endfacet
  facet normal -9.853639e-01 -1.704643e-01 0.000000e+00
    outer loop
      vertex   2.359459e+01 2.504432e+01 4.554286e+01
      vertex   2.359459e+01 2.504432e+01 5.380000e+01
      vertex   2.352794e+01 2.542960e+01 4.554286e+01
    endloop
  endfacet
  facet normal -9.853639e-01 -1.704643e-01 0.000000e+00
    outer loop
      vertex   2.359459e+01 2.504432e+01 4.554286e+01
      vertex   2.352794e+01 2.542960e+01 4.554286e+01
      vertex   2.352794e+01 2.542960e+01 3.728571e+01
    endloop
  endfacet
  facet normal -9.707630e-01 -2.400398e-01 0.000000e+00
    outer loop
      vertex   2.352794e+01 2.542960e+01 3.728571e+01
      vertex   2.352794e+01 2.542960e+01 4.554286e+01
      vertex   2.343408e+01 2.580917e+01 3.728571e+01
    endloop
  endfacet
  facet normal -9.707630e-01 -2.400398e-01 0.000000e+00
    outer loop
      vertex   2.352794e+01 2.542960e+01 3.728571e+01
      vertex   2.343408e+01 2.580917e+01 3.728571e+01
      vertex   2.343408e+01 2.580917e+01 2.902857e+01
    endloop
  endfacet
  facet normal -9.512561e-01 -3.084021e-01 0.000000e+00
    outer loop
      vertex   2.343408e+01 2.580917e+01 2.902857e+01
      vertex   2.343408e+01 2.580917e+01 3.728571e+01
      vertex   2.331350e+01 2.618111e+01 5.380000e+01
    endloop
  endfacet
  facet normal -9.512561e-01 -3.084021e-01 0.000000e+00
    outer loop
      vertex   2.343408e+01 2.580917e+01 2.902857e+01
      vertex   2.331350e+01 2.618111e+01 5.380000e+01
      vertex   2.331350e+01 2.618111e+01 -4.000000e+00
    endloop
  endfacet
  facet normal -9.853639e-01 -1.704643e-01 4.244730e-16
    outer loop
      vertex   2.359459e+01 2.504432e+01 5.380000e+01
      vertex   2.352794e+01 2.542960e+01 5.380000e+01
      vertex   2.352794e+01 2.542960e+01 4.554286e+01
    endloop
  endfacet
  facet normal -9.707630e-01 -2.400398e-01 4.176800e-16
    outer loop
      vertex   2.352794e+01 2.542960e+01 4.554286e+01
      vertex   2.352794e+01 2.542960e+01 5.380000e+01
      vertex   2.343408e+01 2.580917e+01 4.554286e+01
    endloop
  endfacet
  facet normal -9.707630e-01 -2.400398e-01 0.000000e+00
    outer loop
      vertex   2.352794e+01 2.542960e+01 4.554286e+01
      vertex   2.343408e+01 2.580917e+01 4.554286e+01
      vertex   2.343408e+01 2.580917e+01 3.728571e+01
    endloop
  endfacet
  facet normal -9.512561e-01 -3.084021e-01 0.000000e+00
    outer loop
      vertex   2.343408e+01 2.580917e+01 3.728571e+01
      vertex   2.343408e+01 2.580917e+01 4.554286e+01
      vertex   2.331350e+01 2.618111e+01 5.380000e+01
    endloop
  endfacet
  facet normal -9.707630e-01 -2.400398e-01 4.169507e-16
    outer loop
      vertex   2.352794e+01 2.542960e+01 5.380000e+01
      vertex   2.343408e+01 2.580917e+01 5.380000e+01
      vertex   2.343408e+01 2.580917e+01 4.554286e+01
    endloop
  endfacet
  facet normal -9.512561e-01 -3.084021e-01 4.092869e-16
    outer loop
      vertex   2.343408e+01 2.580917e+01 4.554286e+01
      vertex   2.343408e+01 2.580917e+01 5.380000e+01
      vertex   2.331350e+01 2.618111e+01 5.380000e+01
    endloop
  endfacet
  facet normal -3.145448e-01 9.492426e-01 -4.083538e-16
    outer loop
      vertex   2.005967e+01 1.914396e+01 -4.000000e+00
      vertex   1.968851e+01 1.902097e+01 -4.000000e+00
      vertex   1.968851e+01 1.902097e+01 4.257143e+00
    endloop
  endfacet
  facet normal -2.463099e-01 9.691911e-01 -4.170036e-16
    outer loop
      vertex   1.968851e+01 1.902097e+01 4.257143e+00
      vertex   1.968851e+01 1.902097e+01 -4.000000e+00
      vertex   1.930956e+01 1.892466e+01 4.257143e+00
    endloop
  endfacet
  facet normal -2.463099e-01 9.691911e-01 4.169507e-16
    outer loop
      vertex   1.968851e+01 1.902097e+01 4.257143e+00
      vertex   1.930956e+01 1.892466e+01 4.257143e+00
      vertex   1.930956e+01 1.892466e+01 1.251429e+01
    endloop
  endfacet
  facet normal -1.768303e-01 9.842414e-01 4.234791e-16
    outer loop
      vertex   1.930956e+01 1.892466e+01 1.251429e+01
      vertex   1.930956e+01 1.892466e+01 4.257143e+00
      vertex   1.892472e+01 1.885552e+01 1.251429e+01
    endloop
  endfacet
  facet normal -1.768303e-01 9.842414e-01 0.000000e+00
    outer loop
      vertex   1.930956e+01 1.892466e+01 1.251429e+01
      vertex   1.892472e+01 1.885552e+01 1.251429e+01
      vertex   1.892472e+01 1.885552e+01 2.077143e+01
    endloop
  endfacet
  facet normal -1.064569e-01 9.943173e-01 0.000000e+00
    outer loop
      vertex   1.892472e+01 1.885552e+01 2.077143e+01
      vertex   1.892472e+01 1.885552e+01 1.251429e+01
      vertex   1.853594e+01 1.881390e+01 2.077143e+01
    endloop
  endfacet
  facet normal -1.064569e-01 9.943173e-01 0.000000e+00
    outer loop
      vertex   1.892472e+01 1.885552e+01 2.077143e+01
      vertex   1.853594e+01 1.881390e+01 2.077143e+01
      vertex   1.853594e+01 1.881390e+01 2.902857e+01
    endloop
  endfacet
  facet normal -3.554551e-02 9.993681e-01 0.000000e+00
    outer loop
      vertex   1.853594e+01 1.881390e+01 2.902857e+01
      vertex   1.853594e+01 1.881390e+01 2.077143e+01
      vertex   1.814519e+01 1.880000e+01 -2.200000e+00
    endloop
  endfacet
  facet normal -3.554551e-02 9.993681e-01 0.000000e+00
    outer loop
      vertex   1.853594e+01 1.881390e+01 2.902857e+01
      vertex   1.814519e+01 1.880000e+01 -2.200000e+00
      vertex   1.814519e+01 1.880000e+01 5.380000e+01
    endloop
  endfacet
  facet normal -2.463099e-01 9.691911e-01 0.000000e+00
    outer loop
      vertex   1.968851e+01 1.902097e+01 -4.000000e+00
      vertex   1.930956e+01 1.892466e+01 -4.000000e+00
      vertex   1.930956e+01 1.892466e+01 4.257143e+00
    endloop
  endfacet
  facet normal -1.768303e-01 9.842414e-01 0.000000e+00
    outer loop
      vertex   1.930956e+01 1.892466e+01 4.257143e+00
      vertex   1.930956e+01 1.892466e+01 -4.000000e+00
      vertex   1.892472e+01 1.885552e+01 4.257143e+00
    endloop
  endfacet
  facet normal -1.768303e-01 9.842414e-01 0.000000e+00
    outer loop
      vertex   1.930956e+01 1.892466e+01 4.257143e+00
      vertex   1.892472e+01 1.885552e+01 4.257143e+00
      vertex   1.892472e+01 1.885552e+01 1.251429e+01
    endloop
  endfacet
  facet normal -1.064569e-01 9.943173e-01 0.000000e+00
    outer loop
      vertex   1.892472e+01 1.885552e+01 1.251429e+01
      vertex   1.892472e+01 1.885552e+01 4.257143e+00
      vertex   1.853594e+01 1.881390e+01 1.251429e+01
    endloop
  endfacet
  facet normal -1.064569e-01 9.943173e-01 0.000000e+00
    outer loop
      vertex   1.892472e+01 1.885552e+01 1.251429e+01
      vertex   1.853594e+01 1.881390e+01 1.251429e+01
      vertex   1.853594e+01 1.881390e+01 2.077143e+01
    endloop
  endfacet
  facet normal -3.554551e-02 9.993681e-01 0.000000e+00
    outer loop
      vertex   1.853594e+01 1.881390e+01 2.077143e+01
      vertex   1.853594e+01 1.881390e+01 1.251429e+01
      vertex   1.814519e+01 1.880000e+01 -2.200000e+00
    endloop
  endfacet
  facet normal -1.768303e-01 9.842414e-01 -4.233984e-16
    outer loop
      vertex   1.930956e+01 1.892466e+01 -4.000000e+00
      vertex   1.892472e+01 1.885552e+01 -4.000000e+00
      vertex   1.892472e+01 1.885552e+01 4.257143e+00
    endloop
  endfacet
  facet normal -1.064569e-01 9.943173e-01 -4.278144e-16
    outer loop
      vertex   1.892472e+01 1.885552e+01 4.257143e+00
      vertex   1.892472e+01 1.885552e+01 -4.000000e+00
      vertex   1.853594e+01 1.881390e+01 4.257143e+00
    endloop
  endfacet
  facet normal -1.064569e-01 9.943173e-01 0.000000e+00
    outer loop
      vertex   1.892472e+01 1.885552e+01 4.257143e+00
      vertex   1.853594e+01 1.881390e+01 4.257143e+00
      vertex   1.853594e+01 1.881390e+01 1.251429e+01
    endloop
  endfacet
  facet normal -3.554551e-02 9.993681e-01 0.000000e+00
    outer loop
      vertex   1.853594e+01 1.881390e+01 1.251429e+01
      vertex   1.853594e+01 1.881390e+01 4.257143e+00
      vertex   1.814519e+01 1.880000e+01 -2.200000e+00
    endloop
  endfacet
  facet normal -1.064569e-01 9.943173e-01 4.276968e-16
    outer loop
      vertex   1.892472e+01 1.885552e+01 -4.000000e+00
      vertex   1.853594e+01 1.881390e+01 -4.000000e+00
      vertex   1.853594e+01 1.881390e+01 4.257143e+00
    endloop
  endfacet
  facet normal -3.554551e-02 9.993681e-01 4.299875e-16
    outer loop
      vertex   1.853594e+01 1.881390e+01 4.257143e+00
      vertex   1.853594e+01 1.881390e+01 -4.000000e+00
      vertex   1.814519e+01 1.880000e+01 -2.200000e+00
    endloop
  endfacet
  facet normal -3.554551e-02 9.993681e-01 0.000000e+00
    outer loop
      vertex   1.853594e+01 1.881390e+01 -4.000000e+00
      vertex   1.814519e+01 1.880000e+01 -4.000000e+00
      vertex   1.814519e+01 1.880000e+01 -2.200000e+00
    endloop
  endfacet
  facet normal -1.064569e-01 9.943173e-01 0.000000e+00
    outer loop
      vertex   1.853594e+01 1.881390e+01 3.728571e+01
      vertex   1.853594e+01 1.881390e+01 4.554286e+01
      vertex   1.892472e+01 1.885552e+01 3.728571e+01
    endloop
  endfacet
  facet normal -1.064569e-01 9.943173e-01 0.000000e+00
    outer loop
      vertex   1.892472e+01 1.885552e+01 3.728571e+01
      vertex   1.853594e+01 1.881390e+01 4.554286e+01
      vertex   1.892472e+01 1.885552e+01 4.554286e+01
    endloop
  endfacet
  facet normal -1.768303e-01 9.842414e-01 0.000000e+00
    outer loop
      vertex   1.892472e+01 1.885552e+01 3.728571e+01
      vertex   1.892472e+01 1.885552e+01 4.554286e+01
      vertex   1.930956e+01 1.892466e+01 3.728571e+01
    endloop
  endfacet
  facet normal -1.768303e-01 9.842414e-01 7.608289e-17
    outer loop
      vertex   1.930956e+01 1.892466e+01 3.728571e+01
      vertex   1.892472e+01 1.885552e+01 4.554286e+01
      vertex   1.930956e+01 1.892466e+01 4.554286e+01
    endloop
  endfacet
  facet normal -2.463099e-01 9.691911e-01 1.059772e-16
    outer loop
      vertex   1.930956e+01 1.892466e+01 3.728571e+01
      vertex   1.930956e+01 1.892466e+01 4.554286e+01
      vertex   1.968851e+01 1.902097e+01 3.728571e+01
    endloop
  endfacet
  facet normal -2.463099e-01 9.691911e-01 0.000000e+00
    outer loop
      vertex   1.968851e+01 1.902097e+01 3.728571e+01
      vertex   1.930956e+01 1.892466e+01 4.554286e+01
      vertex   1.968851e+01 1.902097e+01 4.554286e+01
    endloop
  endfacet
  facet normal -3.145448e-01 9.492426e-01 0.000000e+00
    outer loop
      vertex   1.968851e+01 1.902097e+01 3.728571e+01
      vertex   1.968851e+01 1.902097e+01 4.554286e+01
      vertex   2.005967e+01 1.914396e+01 3.728571e+01
    endloop
  endfacet
  facet normal -3.145448e-01 9.492426e-01 0.000000e+00
    outer loop
      vertex   2.005967e+01 1.914396e+01 3.728571e+01
      vertex   1.968851e+01 1.902097e+01 4.554286e+01
      vertex   2.005967e+01 1.914396e+01 4.554286e+01
    endloop
  endfacet
  facet normal -3.811899e-01 9.244968e-01 0.000000e+00
    outer loop
      vertex   2.005967e+01 1.914396e+01 3.728571e+01
      vertex   2.005967e+01 1.914396e+01 4.554286e+01
      vertex   2.042114e+01 1.929300e+01 3.728571e+01
    endloop
  endfacet
  facet normal -3.811899e-01 9.244968e-01 0.000000e+00
    outer loop
      vertex   2.042114e+01 1.929300e+01 3.728571e+01
      vertex   2.005967e+01 1.914396e+01 4.554286e+01
      vertex   2.042114e+01 1.929300e+01 4.554286e+01
    endloop
  endfacet
  facet normal -4.459085e-01 8.950785e-01 0.000000e+00
    outer loop
      vertex   2.042114e+01 1.929300e+01 3.728571e+01
      vertex   2.042114e+01 1.929300e+01 4.554286e+01
      vertex   2.077112e+01 1.946735e+01 3.728571e+01
    endloop
  endfacet
  facet normal -4.459085e-01 8.950785e-01 0.000000e+00
    outer loop
      vertex   2.077112e+01 1.946735e+01 3.728571e+01
      vertex   2.042114e+01 1.929300e+01 4.554286e+01
      vertex   2.077112e+01 1.946735e+01 4.554286e+01
    endloop
  endfacet
  facet normal -5.083736e-01 8.611366e-01 0.000000e+00
    outer loop
      vertex   2.077112e+01 1.946735e+01 3.728571e+01
      vertex   2.077112e+01 1.946735e+01 4.554286e+01
      vertex   2.110783e+01 1.966613e+01 3.728571e+01
    endloop
  endfacet
  facet normal -5.083736e-01 8.611366e-01 0.000000e+00
    outer loop
      vertex   2.110783e+01 1.966613e+01 3.728571e+01
      vertex   2.077112e+01 1.946735e+01 4.554286e+01
      vertex   2.110783e+01 1.966613e+01 4.554286e+01
    endloop
  endfacet
  facet normal -5.682693e-01 8.228426e-01 0.000000e+00
    outer loop
      vertex   2.110783e+01 1.966613e+01 3.728571e+01
      vertex   2.110783e+01 1.966613e+01 4.554286e+01
      vertex   2.142956e+01 1.988832e+01 3.728571e+01
    endloop
  endfacet
  facet normal -5.682693e-01 8.228426e-01 0.000000e+00
    outer loop
      vertex   2.142956e+01 1.988832e+01 3.728571e+01
      vertex   2.110783e+01 1.966613e+01 4.554286e+01
      vertex   2.142956e+01 1.988832e+01 4.554286e+01
    endloop
  endfacet
  facet normal -6.252931e-01 7.803900e-01 0.000000e+00
    outer loop
      vertex   2.142956e+01 1.988832e+01 3.728571e+01
      vertex   2.142956e+01 1.988832e+01 4.554286e+01
      vertex   2.173469e+01 2.013281e+01 3.728571e+01
    endloop
  endfacet
  facet normal -6.252931e-01 7.803900e-01 0.000000e+00
    outer loop
      vertex   2.173469e+01 2.013281e+01 3.728571e+01
      vertex   2.142956e+01 1.988832e+01 4.554286e+01
      vertex   2.173469e+01 2.013281e+01 4.554286e+01
    endloop
  endfacet
  facet normal -6.791567e-01 7.339933e-01 0.000000e+00
    outer loop
      vertex   2.173469e+01 2.013281e+01 3.728571e+01
      vertex   2.173469e+01 2.013281e+01 4.554286e+01
      vertex   2.202168e+01 2.039836e+01 3.728571e+01
    endloop
  endfacet
  facet normal -6.791567e-01 7.339933e-01 0.000000e+00
    outer loop
      vertex   2.202168e+01 2.039836e+01 3.728571e+01
      vertex   2.173469e+01 2.013281e+01 4.554286e+01
      vertex   2.202168e+01 2.039836e+01 4.554286e+01
    endloop
  endfacet
  facet normal -7.295878e-01 6.838871e-01 0.000000e+00
    outer loop
      vertex   2.202168e+01 2.039836e+01 3.728571e+01
      vertex   2.202168e+01 2.039836e+01 4.554286e+01
      vertex   2.228908e+01 2.068363e+01 3.728571e+01
    endloop
  endfacet
  facet normal -7.295878e-01 6.838871e-01 0.000000e+00
    outer loop
      vertex   2.228908e+01 2.068363e+01 3.728571e+01
      vertex   2.202168e+01 2.039836e+01 4.554286e+01
      vertex   2.228908e+01 2.068363e+01 4.554286e+01
    endloop
  endfacet
  facet normal -7.763317e-01 6.303246e-01 0.000000e+00
    outer loop
      vertex   2.228908e+01 2.068363e+01 3.728571e+01
      vertex   2.228908e+01 2.068363e+01 4.554286e+01
      vertex   2.253554e+01 2.098718e+01 3.728571e+01
    endloop
  endfacet
  facet normal -7.763317e-01 6.303246e-01 0.000000e+00
    outer loop
      vertex   2.253554e+01 2.098718e+01 3.728571e+01
      vertex   2.228908e+01 2.068363e+01 4.554286e+01
      vertex   2.253554e+01 2.098718e+01 4.554286e+01
    endloop
  endfacet
  facet normal -8.191520e-01 5.735764e-01 0.000000e+00
    outer loop
      vertex   2.253554e+01 2.098718e+01 3.728571e+01
      vertex   2.253554e+01 2.098718e+01 4.554286e+01
      vertex   2.275981e+01 2.130747e+01 3.728571e+01
    endloop
  endfacet
  facet normal -8.191520e-01 5.735764e-01 0.000000e+00
    outer loop
      vertex   2.275981e+01 2.130747e+01 3.728571e+01
      vertex   2.253554e+01 2.098718e+01 4.554286e+01
      vertex   2.275981e+01 2.130747e+01 4.554286e+01
    endloop
  endfacet
  facet normal -8.578324e-01 5.139295e-01 0.000000e+00
    outer loop
      vertex   2.275981e+01 2.130747e+01 3.728571e+01
      vertex   2.275981e+01 2.130747e+01 4.554286e+01
      vertex   2.296076e+01 2.164288e+01 3.728571e+01
    endloop
  endfacet
  facet normal -8.578324e-01 5.139295e-01 0.000000e+00
    outer loop
      vertex   2.296076e+01 2.164288e+01 3.728571e+01
      vertex   2.275981e+01 2.130747e+01 4.554286e+01
      vertex   2.296076e+01 2.164288e+01 4.554286e+01
    endloop
  endfacet
  facet normal -8.921774e-01 4.516851e-01 0.000000e+00
    outer loop
      vertex   2.296076e+01 2.164288e+01 3.728571e+01
      vertex   2.296076e+01 2.164288e+01 4.554286e+01
      vertex   2.313737e+01 2.199172e+01 3.728571e+01
    endloop
  endfacet
  facet normal -8.921774e-01 4.516851e-01 0.000000e+00
    outer loop
      vertex   2.313737e+01 2.199172e+01 3.728571e+01
      vertex   2.296076e+01 2.164288e+01 4.554286e+01
      vertex   2.313737e+01 2.199172e+01 4.554286e+01
    endloop
  endfacet
  facet normal -9.220134e-01 3.871580e-01 0.000000e+00
    outer loop
      vertex   2.313737e+01 2.199172e+01 3.728571e+01
      vertex   2.313737e+01 2.199172e+01 4.554286e+01
      vertex   2.328874e+01 2.235223e+01 3.728571e+01
    endloop
  endfacet
  facet normal -9.220134e-01 3.871580e-01 0.000000e+00
    outer loop
      vertex   2.328874e+01 2.235223e+01 3.728571e+01
      vertex   2.313737e+01 2.199172e+01 4.554286e+01
      vertex   2.328874e+01 2.235223e+01 4.554286e+01
    endloop
  endfacet
  facet normal -9.471896e-01 3.206742e-01 0.000000e+00
    outer loop
      vertex   2.328874e+01 2.235223e+01 3.728571e+01
      vertex   2.328874e+01 2.235223e+01 4.554286e+01
      vertex   2.341413e+01 2.272258e+01 3.728571e+01
    endloop
  endfacet
  facet normal -9.471896e-01 3.206742e-01 0.000000e+00
    outer loop
      vertex   2.341413e+01 2.272258e+01 3.728571e+01
      vertex   2.328874e+01 2.235223e+01 4.554286e+01
      vertex   2.341413e+01 2.272258e+01 4.554286e+01
    endloop
  endfacet
  facet normal -9.675787e-01 2.525698e-01 0.000000e+00
    outer loop
      vertex   2.341413e+01 2.272258e+01 3.728571e+01
      vertex   2.341413e+01 2.272258e+01 4.554286e+01
      vertex   2.351288e+01 2.310091e+01 3.728571e+01
    endloop
  endfacet
  facet normal -9.675787e-01 2.525698e-01 0.000000e+00
    outer loop
      vertex   2.351288e+01 2.310091e+01 3.728571e+01
      vertex   2.341413e+01 2.272258e+01 4.554286e+01
      vertex   2.351288e+01 2.310091e+01 4.554286e+01
    endloop
  endfacet
  facet normal -9.830777e-01 1.831888e-01 0.000000e+00
    outer loop
      vertex   2.351288e+01 2.310091e+01 3.728571e+01
      vertex   2.351288e+01 2.310091e+01 4.554286e+01
      vertex   2.358451e+01 2.348529e+01 3.728571e+01
    endloop
  endfacet
  facet normal -9.830777e-01 1.831888e-01 0.000000e+00
    outer loop
      vertex   2.358451e+01 2.348529e+01 3.728571e+01
      vertex   2.351288e+01 2.310091e+01 4.554286e+01
      vertex   2.358451e+01 2.348529e+01 4.554286e+01
    endloop
  endfacet
  facet normal -9.936084e-01 1.128821e-01 0.000000e+00
    outer loop
      vertex   2.358451e+01 2.348529e+01 3.728571e+01
      vertex   2.358451e+01 2.348529e+01 4.554286e+01
      vertex   2.362865e+01 2.387379e+01 3.728571e+01
    endloop
  endfacet
  facet normal -9.936084e-01 1.128821e-01 0.000000e+00
    outer loop
      vertex   2.362865e+01 2.387379e+01 3.728571e+01
      vertex   2.358451e+01 2.348529e+01 4.554286e+01
      vertex   2.362865e+01 2.387379e+01 4.554286e+01
    endloop
  endfacet
  facet normal -9.991174e-01 4.200482e-02 0.000000e+00
    outer loop
      vertex   2.362865e+01 2.387379e+01 3.728571e+01
      vertex   2.362865e+01 2.387379e+01 4.554286e+01
      vertex   2.364507e+01 2.426445e+01 3.728571e+01
    endloop
  endfacet
  facet normal -9.991174e-01 4.200482e-02 0.000000e+00
    outer loop
      vertex   2.364507e+01 2.426445e+01 3.728571e+01
      vertex   2.362865e+01 2.387379e+01 4.554286e+01
      vertex   2.364507e+01 2.426445e+01 4.554286e+01
    endloop
  endfacet
  facet normal -9.995770e-01 -2.908472e-02 0.000000e+00
    outer loop
      vertex   2.364507e+01 2.426445e+01 3.728571e+01
      vertex   2.364507e+01 2.426445e+01 4.554286e+01
      vertex   2.363370e+01 2.465528e+01 3.728571e+01
    endloop
  endfacet
  facet normal -1.064569e-01 9.943173e-01 0.000000e+00
    outer loop
      vertex   1.853594e+01 1.881390e+01 3.728571e+01
      vertex   1.892472e+01 1.885552e+01 3.728571e+01
      vertex   1.892472e+01 1.885552e+01 2.902857e+01
    endloop
  endfacet
  facet normal -1.768303e-01 9.842414e-01 0.000000e+00
    outer loop
      vertex   1.892472e+01 1.885552e+01 2.902857e+01
      vertex   1.892472e+01 1.885552e+01 3.728571e+01
      vertex   1.930956e+01 1.892466e+01 2.902857e+01
    endloop
  endfacet
  facet normal -1.768303e-01 9.842414e-01 0.000000e+00
    outer loop
      vertex   1.892472e+01 1.885552e+01 2.902857e+01
      vertex   1.930956e+01 1.892466e+01 2.902857e+01
      vertex   1.930956e+01 1.892466e+01 2.077143e+01
    endloop
  endfacet
  facet normal -2.463099e-01 9.691911e-01 0.000000e+00
    outer loop
      vertex   1.930956e+01 1.892466e+01 2.077143e+01
      vertex   1.930956e+01 1.892466e+01 2.902857e+01
      vertex   1.968851e+01 1.902097e+01 2.077143e+01
    endloop
  endfacet
  facet normal -2.463099e-01 9.691911e-01 0.000000e+00
    outer loop
      vertex   1.930956e+01 1.892466e+01 2.077143e+01
      vertex   1.968851e+01 1.902097e+01 2.077143e+01
      vertex   1.968851e+01 1.902097e+01 1.251429e+01
    endloop
  endfacet
  facet normal -3.145448e-01 9.492426e-01 0.000000e+00
    outer loop
      vertex   1.968851e+01 1.902097e+01 1.251429e+01
      vertex   1.968851e+01 1.902097e+01 2.077143e+01
      vertex   2.005967e+01 1.914396e+01 1.251429e+01
    endloop
  endfacet
  facet normal -3.145448e-01 9.492426e-01 0.000000e+00
    outer loop
      vertex   1.968851e+01 1.902097e+01 1.251429e+01
      vertex   2.005967e+01 1.914396e+01 1.251429e+01
      vertex   2.005967e+01 1.914396e+01 4.257143e+00
    endloop
  endfacet
  facet normal -3.811899e-01 9.244968e-01 0.000000e+00
    outer loop
      vertex   2.005967e+01 1.914396e+01 4.257143e+00
      vertex   2.005967e+01 1.914396e+01 1.251429e+01
      vertex   2.042114e+01 1.929300e+01 4.257143e+00
    endloop
  endfacet
  facet normal -1.768303e-01 9.842414e-01 0.000000e+00
    outer loop
      vertex   1.930956e+01 1.892466e+01 2.902857e+01
      vertex   1.892472e+01 1.885552e+01 3.728571e+01
      vertex   1.930956e+01 1.892466e+01 3.728571e+01
    endloop
  endfacet
  facet normal -2.463099e-01 9.691911e-01 0.000000e+00
    outer loop
      vertex   1.930956e+01 1.892466e+01 2.902857e+01
      vertex   1.930956e+01 1.892466e+01 3.728571e+01
      vertex   1.968851e+01 1.902097e+01 2.902857e+01
    endloop
  endfacet
  facet normal -2.463099e-01 9.691911e-01 0.000000e+00
    outer loop
      vertex   1.968851e+01 1.902097e+01 2.902857e+01
      vertex   1.930956e+01 1.892466e+01 3.728571e+01
      vertex   1.968851e+01 1.902097e+01 3.728571e+01
    endloop
  endfacet
  facet normal -3.145448e-01 9.492426e-01 0.000000e+00
    outer loop
      vertex   1.968851e+01 1.902097e+01 2.902857e+01
      vertex   1.968851e+01 1.902097e+01 3.728571e+01
      vertex   2.005967e+01 1.914396e+01 2.902857e+01
    endloop
  endfacet
  facet normal -3.145448e-01 9.492426e-01 0.000000e+00
    outer loop
      vertex   2.005967e+01 1.914396e+01 2.902857e+01
      vertex   1.968851e+01 1.902097e+01 3.728571e+01
      vertex   2.005967e+01 1.914396e+01 3.728571e+01
    endloop
  endfacet
  facet normal -3.811899e-01 9.244968e-01 0.000000e+00
    outer loop
      vertex   2.005967e+01 1.914396e+01 2.902857e+01
      vertex   2.005967e+01 1.914396e+01 3.728571e+01
      vertex   2.042114e+01 1.929300e+01 2.902857e+01
    endloop
  endfacet
  facet normal -3.811899e-01 9.244968e-01 0.000000e+00
    outer loop
      vertex   2.042114e+01 1.929300e+01 2.902857e+01
      vertex   2.005967e+01 1.914396e+01 3.728571e+01
      vertex   2.042114e+01 1.929300e+01 3.728571e+01
    endloop
  endfacet
  facet normal -4.459085e-01 8.950785e-01 0.000000e+00
    outer loop
      vertex   2.042114e+01 1.929300e+01 2.902857e+01
      vertex   2.042114e+01 1.929300e+01 3.728571e+01
      vertex   2.077112e+01 1.946735e+01 2.902857e+01
    endloop
  endfacet
  facet normal -4.459085e-01 8.950785e-01 0.000000e+00
    outer loop
      vertex   2.077112e+01 1.946735e+01 2.902857e+01
      vertex   2.042114e+01 1.929300e+01 3.728571e+01
      vertex   2.077112e+01 1.946735e+01 3.728571e+01
    endloop
  endfacet
  facet normal -5.083736e-01 8.611366e-01 0.000000e+00
    outer loop
      vertex   2.077112e+01 1.946735e+01 2.902857e+01
      vertex   2.077112e+01 1.946735e+01 3.728571e+01
      vertex   2.110783e+01 1.966613e+01 2.902857e+01
    endloop
  endfacet
  facet normal -5.083736e-01 8.611366e-01 0.000000e+00
    outer loop
      vertex   2.110783e+01 1.966613e+01 2.902857e+01
      vertex   2.077112e+01 1.946735e+01 3.728571e+01
      vertex   2.110783e+01 1.966613e+01 3.728571e+01
    endloop
  endfacet
  facet normal -5.682693e-01 8.228426e-01 0.000000e+00
    outer loop
      vertex   2.110783e+01 1.966613e+01 2.902857e+01
      vertex   2.110783e+01 1.966613e+01 3.728571e+01
      vertex   2.142956e+01 1.988832e+01 2.902857e+01
    endloop
  endfacet
  facet normal -5.682693e-01 8.228426e-01 0.000000e+00
    outer loop
      vertex   2.142956e+01 1.988832e+01 2.902857e+01
      vertex   2.110783e+01 1.966613e+01 3.728571e+01
      vertex   2.142956e+01 1.988832e+01 3.728571e+01
    endloop
  endfacet
  facet normal -6.252931e-01 7.803900e-01 0.000000e+00
    outer loop
      vertex   2.142956e+01 1.988832e+01 2.902857e+01
      vertex   2.142956e+01 1.988832e+01 3.728571e+01
      vertex   2.173469e+01 2.013281e+01 2.902857e+01
    endloop
  endfacet
  facet normal -6.252931e-01 7.803900e-01 0.000000e+00
    outer loop
      vertex   2.173469e+01 2.013281e+01 2.902857e+01
      vertex   2.142956e+01 1.988832e+01 3.728571e+01
      vertex   2.173469e+01 2.013281e+01 3.728571e+01
    endloop
  endfacet
  facet normal -6.791567e-01 7.339933e-01 0.000000e+00
    outer loop
      vertex   2.173469e+01 2.013281e+01 2.902857e+01
      vertex   2.173469e+01 2.013281e+01 3.728571e+01
      vertex   2.202168e+01 2.039836e+01 2.902857e+01
    endloop
  endfacet
  facet normal -6.791567e-01 7.339933e-01 0.000000e+00
    outer loop
      vertex   2.202168e+01 2.039836e+01 2.902857e+01
      vertex   2.173469e+01 2.013281e+01 3.728571e+01
      vertex   2.202168e+01 2.039836e+01 3.728571e+01
    endloop
  endfacet
  facet normal -7.295878e-01 6.838871e-01 0.000000e+00
    outer loop
      vertex   2.202168e+01 2.039836e+01 2.902857e+01
      vertex   2.202168e+01 2.039836e+01 3.728571e+01
      vertex   2.228908e+01 2.068363e+01 2.902857e+01
    endloop
  endfacet
  facet normal -7.295878e-01 6.838871e-01 0.000000e+00
    outer loop
      vertex   2.228908e+01 2.068363e+01 2.902857e+01
      vertex   2.202168e+01 2.039836e+01 3.728571e+01
      vertex   2.228908e+01 2.068363e+01 3.728571e+01
    endloop
  endfacet
  facet normal -7.763317e-01 6.303246e-01 0.000000e+00
    outer loop
      vertex   2.228908e+01 2.068363e+01 2.902857e+01
      vertex   2.228908e+01 2.068363e+01 3.728571e+01
      vertex   2.253554e+01 2.098718e+01 2.902857e+01
    endloop
  endfacet
  facet normal -7.763317e-01 6.303246e-01 0.000000e+00
    outer loop
      vertex   2.253554e+01 2.098718e+01 2.902857e+01
      vertex   2.228908e+01 2.068363e+01 3.728571e+01
      vertex   2.253554e+01 2.098718e+01 3.728571e+01
    endloop
  endfacet
  facet normal -8.191520e-01 5.735764e-01 0.000000e+00
    outer loop
      vertex   2.253554e+01 2.098718e+01 2.902857e+01
      vertex   2.253554e+01 2.098718e+01 3.728571e+01
      vertex   2.275981e+01 2.130747e+01 2.902857e+01
    endloop
  endfacet
  facet normal -8.191520e-01 5.735764e-01 0.000000e+00
    outer loop
      vertex   2.275981e+01 2.130747e+01 2.902857e+01
      vertex   2.253554e+01 2.098718e+01 3.728571e+01
      vertex   2.275981e+01 2.130747e+01 3.728571e+01
    endloop
  endfacet
  facet normal -8.578324e-01 5.139295e-01 0.000000e+00
    outer loop
      vertex   2.275981e+01 2.130747e+01 2.902857e+01
      vertex   2.275981e+01 2.130747e+01 3.728571e+01
      vertex   2.296076e+01 2.164288e+01 2.902857e+01
    endloop
  endfacet
  facet normal -8.578324e-01 5.139295e-01 0.000000e+00
    outer loop
      vertex   2.296076e+01 2.164288e+01 2.902857e+01
      vertex   2.275981e+01 2.130747e+01 3.728571e+01
      vertex   2.296076e+01 2.164288e+01 3.728571e+01
    endloop
  endfacet
  facet normal -8.921774e-01 4.516851e-01 0.000000e+00
    outer loop
      vertex   2.296076e+01 2.164288e+01 2.902857e+01
      vertex   2.296076e+01 2.164288e+01 3.728571e+01
      vertex   2.313737e+01 2.199172e+01 2.902857e+01
    endloop
  endfacet
  facet normal -8.921774e-01 4.516851e-01 0.000000e+00
    outer loop
      vertex   2.313737e+01 2.199172e+01 2.902857e+01
      vertex   2.296076e+01 2.164288e+01 3.728571e+01
      vertex   2.313737e+01 2.199172e+01 3.728571e+01
    endloop
  endfacet
  facet normal -9.220134e-01 3.871580e-01 0.000000e+00
    outer loop
      vertex   2.313737e+01 2.199172e+01 2.902857e+01
      vertex   2.313737e+01 2.199172e+01 3.728571e+01
      vertex   2.328874e+01 2.235223e+01 2.902857e+01
    endloop
  endfacet
  facet normal -9.220134e-01 3.871580e-01 0.000000e+00
    outer loop
      vertex   2.328874e+01 2.235223e+01 2.902857e+01
      vertex   2.313737e+01 2.199172e+01 3.728571e+01
      vertex   2.328874e+01 2.235223e+01 3.728571e+01
    endloop
  endfacet
  facet normal -9.471896e-01 3.206742e-01 0.000000e+00
    outer loop
      vertex   2.328874e+01 2.235223e+01 2.902857e+01
      vertex   2.328874e+01 2.235223e+01 3.728571e+01
      vertex   2.341413e+01 2.272258e+01 2.902857e+01
    endloop
  endfacet
  facet normal -9.471896e-01 3.206742e-01 0.000000e+00
    outer loop
      vertex   2.341413e+01 2.272258e+01 2.902857e+01
      vertex   2.328874e+01 2.235223e+01 3.728571e+01
      vertex   2.341413e+01 2.272258e+01 3.728571e+01
    endloop
  endfacet
  facet normal -9.675787e-01 2.525698e-01 0.000000e+00
    outer loop
      vertex   2.341413e+01 2.272258e+01 2.902857e+01
      vertex   2.341413e+01 2.272258e+01 3.728571e+01
      vertex   2.351288e+01 2.310091e+01 2.902857e+01
    endloop
  endfacet
  facet normal -9.675787e-01 2.525698e-01 0.000000e+00
    outer loop
      vertex   2.351288e+01 2.310091e+01 2.902857e+01
      vertex   2.341413e+01 2.272258e+01 3.728571e+01
      vertex   2.351288e+01 2.310091e+01 3.728571e+01
    endloop
  endfacet
  facet normal -9.830777e-01 1.831888e-01 0.000000e+00
    outer loop
      vertex   2.351288e+01 2.310091e+01 2.902857e+01
      vertex   2.351288e+01 2.310091e+01 3.728571e+01
      vertex   2.358451e+01 2.348529e+01 2.902857e+01
    endloop
  endfacet
  facet normal -9.830777e-01 1.831888e-01 0.000000e+00
    outer loop
      vertex   2.358451e+01 2.348529e+01 2.902857e+01
      vertex   2.351288e+01 2.310091e+01 3.728571e+01
      vertex   2.358451e+01 2.348529e+01 3.728571e+01
    endloop
  endfacet
  facet normal -9.936084e-01 1.128821e-01 0.000000e+00
    outer loop
      vertex   2.358451e+01 2.348529e+01 2.902857e+01
      vertex   2.358451e+01 2.348529e+01 3.728571e+01
      vertex   2.362865e+01 2.387379e+01 2.902857e+01
    endloop
  endfacet
  facet normal -9.936084e-01 1.128821e-01 0.000000e+00
    outer loop
      vertex   2.362865e+01 2.387379e+01 2.902857e+01
      vertex   2.358451e+01 2.348529e+01 3.728571e+01
      vertex   2.362865e+01 2.387379e+01 3.728571e+01
    endloop
  endfacet
  facet normal -9.991174e-01 4.200482e-02 0.000000e+00
    outer loop
      vertex   2.362865e+01 2.387379e+01 2.902857e+01
      vertex   2.362865e+01 2.387379e+01 3.728571e+01
      vertex   2.364507e+01 2.426445e+01 2.902857e+01
    endloop
  endfacet
  facet normal -9.991174e-01 4.200482e-02 0.000000e+00
    outer loop
      vertex   2.364507e+01 2.426445e+01 2.902857e+01
      vertex   2.362865e+01 2.387379e+01 3.728571e+01
      vertex   2.364507e+01 2.426445e+01 3.728571e+01
    endloop
  endfacet
  facet normal -9.995770e-01 -2.908472e-02 0.000000e+00
    outer loop
      vertex   2.364507e+01 2.426445e+01 2.902857e+01
      vertex   2.364507e+01 2.426445e+01 3.728571e+01
      vertex   2.363370e+01 2.465528e+01 2.902857e+01
    endloop
  endfacet
  facet normal -9.995770e-01 -2.908472e-02 0.000000e+00
    outer loop
      vertex   2.363370e+01 2.465528e+01 2.902857e+01
      vertex   2.364507e+01 2.426445e+01 3.728571e+01
      vertex   2.363370e+01 2.465528e+01 3.728571e+01
    endloop
  endfacet
  facet normal -9.949847e-01 -1.000273e-01 0.000000e+00
    outer loop
      vertex   2.363370e+01 2.465528e+01 2.902857e+01
      vertex   2.363370e+01 2.465528e+01 3.728571e+01
      vertex   2.359459e+01 2.504432e+01 2.902857e+01
    endloop
  endfacet
  facet normal -2.463099e-01 9.691911e-01 0.000000e+00
    outer loop
      vertex   1.930956e+01 1.892466e+01 2.902857e+01
      vertex   1.968851e+01 1.902097e+01 2.902857e+01
      vertex   1.968851e+01 1.902097e+01 2.077143e+01
    endloop
  endfacet
  facet normal -3.145448e-01 9.492426e-01 0.000000e+00
    outer loop
      vertex   1.968851e+01 1.902097e+01 2.077143e+01
      vertex   1.968851e+01 1.902097e+01 2.902857e+01
      vertex   2.005967e+01 1.914396e+01 2.077143e+01
    endloop
  endfacet
  facet normal -3.145448e-01 9.492426e-01 0.000000e+00
    outer loop
      vertex   1.968851e+01 1.902097e+01 2.077143e+01
      vertex   2.005967e+01 1.914396e+01 2.077143e+01
      vertex   2.005967e+01 1.914396e+01 1.251429e+01
    endloop
  endfacet
  facet normal -3.811899e-01 9.244968e-01 0.000000e+00
    outer loop
      vertex   2.005967e+01 1.914396e+01 1.251429e+01
      vertex   2.005967e+01 1.914396e+01 2.077143e+01
      vertex   2.042114e+01 1.929300e+01 1.251429e+01
    endloop
  endfacet
  facet normal -3.811899e-01 9.244968e-01 0.000000e+00
    outer loop
      vertex   2.005967e+01 1.914396e+01 1.251429e+01
      vertex   2.042114e+01 1.929300e+01 1.251429e+01
      vertex   2.042114e+01 1.929300e+01 4.257143e+00
    endloop
  endfacet
  facet normal -4.459085e-01 8.950785e-01 0.000000e+00
    outer loop
      vertex   2.042114e+01 1.929300e+01 4.257143e+00
      vertex   2.042114e+01 1.929300e+01 1.251429e+01
      vertex   2.077112e+01 1.946735e+01 4.257143e+00
    endloop
  endfacet
  facet normal -3.145448e-01 9.492426e-01 0.000000e+00
    outer loop
      vertex   2.005967e+01 1.914396e+01 2.077143e+01
      vertex   1.968851e+01 1.902097e+01 2.902857e+01
      vertex   2.005967e+01 1.914396e+01 2.902857e+01
    endloop
  endfacet
  facet normal -3.811899e-01 9.244968e-01 0.000000e+00
    outer loop
      vertex   2.005967e+01 1.914396e+01 2.077143e+01
      vertex   2.005967e+01 1.914396e+01 2.902857e+01
      vertex   2.042114e+01 1.929300e+01 2.077143e+01
    endloop
  endfacet
  facet normal -3.811899e-01 9.244968e-01 0.000000e+00
    outer loop
      vertex   2.042114e+01 1.929300e+01 2.077143e+01
      vertex   2.005967e+01 1.914396e+01 2.902857e+01
      vertex   2.042114e+01 1.929300e+01 2.902857e+01
    endloop
  endfacet
  facet normal -4.459085e-01 8.950785e-01 0.000000e+00
    outer loop
      vertex   2.042114e+01 1.929300e+01 2.077143e+01
      vertex   2.042114e+01 1.929300e+01 2.902857e+01
      vertex   2.077112e+01 1.946735e+01 2.077143e+01
    endloop
  endfacet
  facet normal -4.459085e-01 8.950785e-01 0.000000e+00
    outer loop
      vertex   2.077112e+01 1.946735e+01 2.077143e+01
      vertex   2.042114e+01 1.929300e+01 2.902857e+01
      vertex   2.077112e+01 1.946735e+01 2.902857e+01
    endloop
  endfacet
  facet normal -5.083736e-01 8.611366e-01 0.000000e+00
    outer loop
      vertex   2.077112e+01 1.946735e+01 2.077143e+01
      vertex   2.077112e+01 1.946735e+01 2.902857e+01
      vertex   2.110783e+01 1.966613e+01 2.077143e+01
    endloop
  endfacet
  facet normal -5.083736e-01 8.611366e-01 0.000000e+00
    outer loop
      vertex   2.110783e+01 1.966613e+01 2.077143e+01
      vertex   2.077112e+01 1.946735e+01 2.902857e+01
      vertex   2.110783e+01 1.966613e+01 2.902857e+01
    endloop
  endfacet
  facet normal -5.682693e-01 8.228426e-01 0.000000e+00
    outer loop
      vertex   2.110783e+01 1.966613e+01 2.077143e+01
      vertex   2.110783e+01 1.966613e+01 2.902857e+01
      vertex   2.142956e+01 1.988832e+01 2.077143e+01
    endloop
  endfacet
  facet normal -5.682693e-01 8.228426e-01 0.000000e+00
    outer loop
      vertex   2.142956e+01 1.988832e+01 2.077143e+01
      vertex   2.110783e+01 1.966613e+01 2.902857e+01
      vertex   2.142956e+01 1.988832e+01 2.902857e+01
    endloop
  endfacet
  facet normal -6.252931e-01 7.803900e-01 0.000000e+00
    outer loop
      vertex   2.142956e+01 1.988832e+01 2.077143e+01
      vertex   2.142956e+01 1.988832e+01 2.902857e+01
      vertex   2.173469e+01 2.013281e+01 2.077143e+01
    endloop
  endfacet
  facet normal -6.252931e-01 7.803900e-01 0.000000e+00
    outer loop
      vertex   2.173469e+01 2.013281e+01 2.077143e+01
      vertex   2.142956e+01 1.988832e+01 2.902857e+01
      vertex   2.173469e+01 2.013281e+01 2.902857e+01
    endloop
  endfacet
  facet normal -6.791567e-01 7.339933e-01 0.000000e+00
    outer loop
      vertex   2.173469e+01 2.013281e+01 2.077143e+01
      vertex   2.173469e+01 2.013281e+01 2.902857e+01
      vertex   2.202168e+01 2.039836e+01 2.077143e+01
    endloop
  endfacet
  facet normal -6.791567e-01 7.339933e-01 0.000000e+00
    outer loop
      vertex   2.202168e+01 2.039836e+01 2.077143e+01
      vertex   2.173469e+01 2.013281e+01 2.902857e+01
      vertex   2.202168e+01 2.039836e+01 2.902857e+01
    endloop
  endfacet
  facet normal -7.295878e-01 6.838871e-01 0.000000e+00
    outer loop
      vertex   2.202168e+01 2.039836e+01 2.077143e+01
      vertex   2.202168e+01 2.039836e+01 2.902857e+01
      vertex   2.228908e+01 2.068363e+01 2.077143e+01
    endloop
  endfacet
  facet normal -7.295878e-01 6.838871e-01 0.000000e+00
    outer loop
      vertex   2.228908e+01 2.068363e+01 2.077143e+01
      vertex   2.202168e+01 2.039836e+01 2.902857e+01
      vertex   2.228908e+01 2.068363e+01 2.902857e+01
    endloop
  endfacet
  facet normal -7.763317e-01 6.303246e-01 0.000000e+00
    outer loop
      vertex   2.228908e+01 2.068363e+01 2.077143e+01
      vertex   2.228908e+01 2.068363e+01 2.902857e+01
      vertex   2.253554e+01 2.098718e+01 2.077143e+01
    endloop
  endfacet
  facet normal -7.763317e-01 6.303246e-01 0.000000e+00
    outer loop
      vertex   2.253554e+01 2.098718e+01 2.077143e+01
      vertex   2.228908e+01 2.068363e+01 2.902857e+01
      vertex   2.253554e+01 2.098718e+01 2.902857e+01
    endloop
  endfacet
  facet normal -8.191520e-01 5.735764e-01 0.000000e+00
    outer loop
      vertex   2.253554e+01 2.098718e+01 2.077143e+01
      vertex   2.253554e+01 2.098718e+01 2.902857e+01
      vertex   2.275981e+01 2.130747e+01 2.077143e+01
    endloop
  endfacet
  facet normal -8.191520e-01 5.735764e-01 0.000000e+00
    outer loop
      vertex   2.275981e+01 2.130747e+01 2.077143e+01
      vertex   2.253554e+01 2.098718e+01 2.902857e+01
      vertex   2.275981e+01 2.130747e+01 2.902857e+01
    endloop
  endfacet
  facet normal -8.578324e-01 5.139295e-01 0.000000e+00
    outer loop
      vertex   2.275981e+01 2.130747e+01 2.077143e+01
      vertex   2.275981e+01 2.130747e+01 2.902857e+01
      vertex   2.296076e+01 2.164288e+01 2.077143e+01
    endloop
  endfacet
  facet normal -8.578324e-01 5.139295e-01 0.000000e+00
    outer loop
      vertex   2.296076e+01 2.164288e+01 2.077143e+01
      vertex   2.275981e+01 2.130747e+01 2.902857e+01
      vertex   2.296076e+01 2.164288e+01 2.902857e+01
    endloop
  endfacet
  facet normal -8.921774e-01 4.516851e-01 0.000000e+00
    outer loop
      vertex   2.296076e+01 2.164288e+01 2.077143e+01
      vertex   2.296076e+01 2.164288e+01 2.902857e+01
      vertex   2.313737e+01 2.199172e+01 2.077143e+01
    endloop
  endfacet
  facet normal -8.921774e-01 4.516851e-01 0.000000e+00
    outer loop
      vertex   2.313737e+01 2.199172e+01 2.077143e+01
      vertex   2.296076e+01 2.164288e+01 2.902857e+01
      vertex   2.313737e+01 2.199172e+01 2.902857e+01
    endloop
  endfacet
  facet normal -9.220134e-01 3.871580e-01 0.000000e+00
    outer loop
      vertex   2.313737e+01 2.199172e+01 2.077143e+01
      vertex   2.313737e+01 2.199172e+01 2.902857e+01
      vertex   2.328874e+01 2.235223e+01 2.077143e+01
    endloop
  endfacet
  facet normal -9.220134e-01 3.871580e-01 0.000000e+00
    outer loop
      vertex   2.328874e+01 2.235223e+01 2.077143e+01
      vertex   2.313737e+01 2.199172e+01 2.902857e+01
      vertex   2.328874e+01 2.235223e+01 2.902857e+01
    endloop
  endfacet
  facet normal -9.471896e-01 3.206742e-01 0.000000e+00
    outer loop
      vertex   2.328874e+01 2.235223e+01 2.077143e+01
      vertex   2.328874e+01 2.235223e+01 2.902857e+01
      vertex   2.341413e+01 2.272258e+01 2.077143e+01
    endloop
  endfacet
  facet normal -9.471896e-01 3.206742e-01 0.000000e+00
    outer loop
      vertex   2.341413e+01 2.272258e+01 2.077143e+01
      vertex   2.328874e+01 2.235223e+01 2.902857e+01
      vertex   2.341413e+01 2.272258e+01 2.902857e+01
    endloop
  endfacet
  facet normal -9.675787e-01 2.525698e-01 0.000000e+00
    outer loop
      vertex   2.341413e+01 2.272258e+01 2.077143e+01
      vertex   2.341413e+01 2.272258e+01 2.902857e+01
      vertex   2.351288e+01 2.310091e+01 2.077143e+01
    endloop
  endfacet
  facet normal -9.675787e-01 2.525698e-01 0.000000e+00
    outer loop
      vertex   2.351288e+01 2.310091e+01 2.077143e+01
      vertex   2.341413e+01 2.272258e+01 2.902857e+01
      vertex   2.351288e+01 2.310091e+01 2.902857e+01
    endloop
  endfacet
  facet normal -9.830777e-01 1.831888e-01 0.000000e+00
    outer loop
      vertex   2.351288e+01 2.310091e+01 2.077143e+01
      vertex   2.351288e+01 2.310091e+01 2.902857e+01
      vertex   2.358451e+01 2.348529e+01 2.077143e+01
    endloop
  endfacet
  facet normal -9.830777e-01 1.831888e-01 0.000000e+00
    outer loop
      vertex   2.358451e+01 2.348529e+01 2.077143e+01
      vertex   2.351288e+01 2.310091e+01 2.902857e+01
      vertex   2.358451e+01 2.348529e+01 2.902857e+01
    endloop
  endfacet
  facet normal -9.936084e-01 1.128821e-01 0.000000e+00
    outer loop
      vertex   2.358451e+01 2.348529e+01 2.077143e+01
      vertex   2.358451e+01 2.348529e+01 2.902857e+01
      vertex   2.362865e+01 2.387379e+01 2.077143e+01
    endloop
  endfacet
  facet normal -9.936084e-01 1.128821e-01 0.000000e+00
    outer loop
      vertex   2.362865e+01 2.387379e+01 2.077143e+01
      vertex   2.358451e+01 2.348529e+01 2.902857e+01
      vertex   2.362865e+01 2.387379e+01 2.902857e+01
    endloop
  endfacet
  facet normal -9.991174e-01 4.200482e-02 0.000000e+00
    outer loop
      vertex   2.362865e+01 2.387379e+01 2.077143e+01
      vertex   2.362865e+01 2.387379e+01 2.902857e+01
      vertex   2.364507e+01 2.426445e+01 2.077143e+01
    endloop
  endfacet
  facet normal -9.991174e-01 4.200482e-02 0.000000e+00
    outer loop
      vertex   2.364507e+01 2.426445e+01 2.077143e+01
      vertex   2.362865e+01 2.387379e+01 2.902857e+01
      vertex   2.364507e+01 2.426445e+01 2.902857e+01
    endloop
  endfacet
  facet normal -9.995770e-01 -2.908472e-02 0.000000e+00
    outer loop
      vertex   2.364507e+01 2.426445e+01 2.077143e+01
      vertex   2.364507e+01 2.426445e+01 2.902857e+01
      vertex   2.363370e+01 2.465528e+01 2.077143e+01
    endloop
  endfacet
  facet normal -9.995770e-01 -2.908472e-02 0.000000e+00
    outer loop
      vertex   2.363370e+01 2.465528e+01 2.077143e+01
      vertex   2.364507e+01 2.426445e+01 2.902857e+01
      vertex   2.363370e+01 2.465528e+01 2.902857e+01
    endloop
  endfacet
  facet normal -9.949847e-01 -1.000273e-01 0.000000e+00
    outer loop
      vertex   2.363370e+01 2.465528e+01 2.077143e+01
      vertex   2.363370e+01 2.465528e+01 2.902857e+01
      vertex   2.359459e+01 2.504432e+01 2.077143e+01
    endloop
  endfacet
  facet normal -9.949847e-01 -1.000273e-01 0.000000e+00
    outer loop
      vertex   2.359459e+01 2.504432e+01 2.077143e+01
      vertex   2.363370e+01 2.465528e+01 2.902857e+01
      vertex   2.359459e+01 2.504432e+01 2.902857e+01
    endloop
  endfacet
  facet normal -9.853639e-01 -1.704643e-01 0.000000e+00
    outer loop
      vertex   2.359459e+01 2.504432e+01 2.077143e+01
      vertex   2.359459e+01 2.504432e+01 2.902857e+01
      vertex   2.352794e+01 2.542960e+01 2.077143e+01
    endloop
  endfacet
  facet normal -3.811899e-01 9.244968e-01 0.000000e+00
    outer loop
      vertex   2.005967e+01 1.914396e+01 2.077143e+01
      vertex   2.042114e+01 1.929300e+01 2.077143e+01
      vertex   2.042114e+01 1.929300e+01 1.251429e+01
    endloop
  endfacet
  facet normal -4.459085e-01 8.950785e-01 0.000000e+00
    outer loop
      vertex   2.042114e+01 1.929300e+01 1.251429e+01
      vertex   2.042114e+01 1.929300e+01 2.077143e+01
      vertex   2.077112e+01 1.946735e+01 1.251429e+01
    endloop
  endfacet
  facet normal -4.459085e-01 8.950785e-01 0.000000e+00
    outer loop
      vertex   2.042114e+01 1.929300e+01 1.251429e+01
      vertex   2.077112e+01 1.946735e+01 1.251429e+01
      vertex   2.077112e+01 1.946735e+01 4.257143e+00
    endloop
  endfacet
  facet normal -5.083736e-01 8.611366e-01 0.000000e+00
    outer loop
      vertex   2.077112e+01 1.946735e+01 4.257143e+00
      vertex   2.077112e+01 1.946735e+01 1.251429e+01
      vertex   2.110783e+01 1.966613e+01 4.257143e+00
    endloop
  endfacet
  facet normal -4.459085e-01 8.950785e-01 0.000000e+00
    outer loop
      vertex   2.077112e+01 1.946735e+01 1.251429e+01
      vertex   2.042114e+01 1.929300e+01 2.077143e+01
      vertex   2.077112e+01 1.946735e+01 2.077143e+01
    endloop
  endfacet
  facet normal -5.083736e-01 8.611366e-01 0.000000e+00
    outer loop
      vertex   2.077112e+01 1.946735e+01 1.251429e+01
      vertex   2.077112e+01 1.946735e+01 2.077143e+01
      vertex   2.110783e+01 1.966613e+01 1.251429e+01
    endloop
  endfacet
  facet normal -5.083736e-01 8.611366e-01 0.000000e+00
    outer loop
      vertex   2.110783e+01 1.966613e+01 1.251429e+01
      vertex   2.077112e+01 1.946735e+01 2.077143e+01
      vertex   2.110783e+01 1.966613e+01 2.077143e+01
    endloop
  endfacet
  facet normal -5.682693e-01 8.228426e-01 0.000000e+00
    outer loop
      vertex   2.110783e+01 1.966613e+01 1.251429e+01
      vertex   2.110783e+01 1.966613e+01 2.077143e+01
      vertex   2.142956e+01 1.988832e+01 1.251429e+01
    endloop
  endfacet
  facet normal -5.682693e-01 8.228426e-01 0.000000e+00
    outer loop
      vertex   2.142956e+01 1.988832e+01 1.251429e+01
      vertex   2.110783e+01 1.966613e+01 2.077143e+01
      vertex   2.142956e+01 1.988832e+01 2.077143e+01
    endloop
  endfacet
  facet normal -6.252931e-01 7.803900e-01 0.000000e+00
    outer loop
      vertex   2.142956e+01 1.988832e+01 1.251429e+01
      vertex   2.142956e+01 1.988832e+01 2.077143e+01
      vertex   2.173469e+01 2.013281e+01 1.251429e+01
    endloop
  endfacet
  facet normal -6.252931e-01 7.803900e-01 0.000000e+00
    outer loop
      vertex   2.173469e+01 2.013281e+01 1.251429e+01
      vertex   2.142956e+01 1.988832e+01 2.077143e+01
      vertex   2.173469e+01 2.013281e+01 2.077143e+01
    endloop
  endfacet
  facet normal -6.791567e-01 7.339933e-01 0.000000e+00
    outer loop
      vertex   2.173469e+01 2.013281e+01 1.251429e+01
      vertex   2.173469e+01 2.013281e+01 2.077143e+01
      vertex   2.202168e+01 2.039836e+01 1.251429e+01
    endloop
  endfacet
  facet normal -6.791567e-01 7.339933e-01 0.000000e+00
    outer loop
      vertex   2.202168e+01 2.039836e+01 1.251429e+01
      vertex   2.173469e+01 2.013281e+01 2.077143e+01
      vertex   2.202168e+01 2.039836e+01 2.077143e+01
    endloop
  endfacet
  facet normal -7.295878e-01 6.838871e-01 0.000000e+00
    outer loop
      vertex   2.202168e+01 2.039836e+01 1.251429e+01
      vertex   2.202168e+01 2.039836e+01 2.077143e+01
      vertex   2.228908e+01 2.068363e+01 1.251429e+01
    endloop
  endfacet
  facet normal -7.295878e-01 6.838871e-01 0.000000e+00
    outer loop
      vertex   2.228908e+01 2.068363e+01 1.251429e+01
      vertex   2.202168e+01 2.039836e+01 2.077143e+01
      vertex   2.228908e+01 2.068363e+01 2.077143e+01
    endloop
  endfacet
  facet normal -7.763317e-01 6.303246e-01 0.000000e+00
    outer loop
      vertex   2.228908e+01 2.068363e+01 1.251429e+01
      vertex   2.228908e+01 2.068363e+01 2.077143e+01
      vertex   2.253554e+01 2.098718e+01 1.251429e+01
    endloop
  endfacet
  facet normal -7.763317e-01 6.303246e-01 0.000000e+00
    outer loop
      vertex   2.253554e+01 2.098718e+01 1.251429e+01
      vertex   2.228908e+01 2.068363e+01 2.077143e+01
      vertex   2.253554e+01 2.098718e+01 2.077143e+01
    endloop
  endfacet
  facet normal -8.191520e-01 5.735764e-01 0.000000e+00
    outer loop
      vertex   2.253554e+01 2.098718e+01 1.251429e+01
      vertex   2.253554e+01 2.098718e+01 2.077143e+01
      vertex   2.275981e+01 2.130747e+01 1.251429e+01
    endloop
  endfacet
  facet normal -8.191520e-01 5.735764e-01 0.000000e+00
    outer loop
      vertex   2.275981e+01 2.130747e+01 1.251429e+01
      vertex   2.253554e+01 2.098718e+01 2.077143e+01
      vertex   2.275981e+01 2.130747e+01 2.077143e+01
    endloop
  endfacet
  facet normal -8.578324e-01 5.139295e-01 0.000000e+00
    outer loop
      vertex   2.275981e+01 2.130747e+01 1.251429e+01
      vertex   2.275981e+01 2.130747e+01 2.077143e+01
      vertex   2.296076e+01 2.164288e+01 1.251429e+01
    endloop
  endfacet
  facet normal -8.578324e-01 5.139295e-01 0.000000e+00
    outer loop
      vertex   2.296076e+01 2.164288e+01 1.251429e+01
      vertex   2.275981e+01 2.130747e+01 2.077143e+01
      vertex   2.296076e+01 2.164288e+01 2.077143e+01
    endloop
  endfacet
  facet normal -8.921774e-01 4.516851e-01 0.000000e+00
    outer loop
      vertex   2.296076e+01 2.164288e+01 1.251429e+01
      vertex   2.296076e+01 2.164288e+01 2.077143e+01
      vertex   2.313737e+01 2.199172e+01 1.251429e+01
    endloop
  endfacet
  facet normal -8.921774e-01 4.516851e-01 0.000000e+00
    outer loop
      vertex   2.313737e+01 2.199172e+01 1.251429e+01
      vertex   2.296076e+01 2.164288e+01 2.077143e+01
      vertex   2.313737e+01 2.199172e+01 2.077143e+01
    endloop
  endfacet
  facet normal -9.220134e-01 3.871580e-01 0.000000e+00
    outer loop
      vertex   2.313737e+01 2.199172e+01 1.251429e+01
      vertex   2.313737e+01 2.199172e+01 2.077143e+01
      vertex   2.328874e+01 2.235223e+01 1.251429e+01
    endloop
  endfacet
  facet normal -9.220134e-01 3.871580e-01 0.000000e+00
    outer loop
      vertex   2.328874e+01 2.235223e+01 1.251429e+01
      vertex   2.313737e+01 2.199172e+01 2.077143e+01
      vertex   2.328874e+01 2.235223e+01 2.077143e+01
    endloop
  endfacet
  facet normal -9.471896e-01 3.206742e-01 0.000000e+00
    outer loop
      vertex   2.328874e+01 2.235223e+01 1.251429e+01
      vertex   2.328874e+01 2.235223e+01 2.077143e+01
      vertex   2.341413e+01 2.272258e+01 1.251429e+01
    endloop
  endfacet
  facet normal -9.471896e-01 3.206742e-01 0.000000e+00
    outer loop
      vertex   2.341413e+01 2.272258e+01 1.251429e+01
      vertex   2.328874e+01 2.235223e+01 2.077143e+01
      vertex   2.341413e+01 2.272258e+01 2.077143e+01
    endloop
  endfacet
  facet normal -9.675787e-01 2.525698e-01 0.000000e+00
    outer loop
      vertex   2.341413e+01 2.272258e+01 1.251429e+01
      vertex   2.341413e+01 2.272258e+01 2.077143e+01
      vertex   2.351288e+01 2.310091e+01 1.251429e+01
    endloop
  endfacet
  facet normal -9.675787e-01 2.525698e-01 0.000000e+00
    outer loop
      vertex   2.351288e+01 2.310091e+01 1.251429e+01
      vertex   2.341413e+01 2.272258e+01 2.077143e+01
      vertex   2.351288e+01 2.310091e+01 2.077143e+01
    endloop
  endfacet
  facet normal -9.830777e-01 1.831888e-01 0.000000e+00
    outer loop
      vertex   2.351288e+01 2.310091e+01 1.251429e+01
      vertex   2.351288e+01 2.310091e+01 2.077143e+01
      vertex   2.358451e+01 2.348529e+01 1.251429e+01
    endloop
  endfacet
  facet normal -9.830777e-01 1.831888e-01 0.000000e+00
    outer loop
      vertex   2.358451e+01 2.348529e+01 1.251429e+01
      vertex   2.351288e+01 2.310091e+01 2.077143e+01
      vertex   2.358451e+01 2.348529e+01 2.077143e+01
    endloop
  endfacet
  facet normal -9.936084e-01 1.128821e-01 0.000000e+00
    outer loop
      vertex   2.358451e+01 2.348529e+01 1.251429e+01
      vertex   2.358451e+01 2.348529e+01 2.077143e+01
      vertex   2.362865e+01 2.387379e+01 1.251429e+01
    endloop
  endfacet
  facet normal -9.936084e-01 1.128821e-01 0.000000e+00
    outer loop
      vertex   2.362865e+01 2.387379e+01 1.251429e+01
      vertex   2.358451e+01 2.348529e+01 2.077143e+01
      vertex   2.362865e+01 2.387379e+01 2.077143e+01
    endloop
  endfacet
  facet normal -9.991174e-01 4.200482e-02 0.000000e+00
    outer loop
      vertex   2.362865e+01 2.387379e+01 1.251429e+01
      vertex   2.362865e+01 2.387379e+01 2.077143e+01
      vertex   2.364507e+01 2.426445e+01 1.251429e+01
    endloop
  endfacet
  facet normal -9.991174e-01 4.200482e-02 0.000000e+00
    outer loop
      vertex   2.364507e+01 2.426445e+01 1.251429e+01
      vertex   2.362865e+01 2.387379e+01 2.077143e+01
      vertex   2.364507e+01 2.426445e+01 2.077143e+01
    endloop
  endfacet
  facet normal -9.995770e-01 -2.908472e-02 0.000000e+00
    outer loop
      vertex   2.364507e+01 2.426445e+01 1.251429e+01
      vertex   2.364507e+01 2.426445e+01 2.077143e+01
      vertex   2.363370e+01 2.465528e+01 1.251429e+01
    endloop
  endfacet
  facet normal -9.995770e-01 -2.908472e-02 0.000000e+00
    outer loop
      vertex   2.363370e+01 2.465528e+01 1.251429e+01
      vertex   2.364507e+01 2.426445e+01 2.077143e+01
      vertex   2.363370e+01 2.465528e+01 2.077143e+01
    endloop
  endfacet
  facet normal -9.949847e-01 -1.000273e-01 0.000000e+00
    outer loop
      vertex   2.363370e+01 2.465528e+01 1.251429e+01
      vertex   2.363370e+01 2.465528e+01 2.077143e+01
      vertex   2.359459e+01 2.504432e+01 1.251429e+01
    endloop
  endfacet
  facet normal -9.949847e-01 -1.000273e-01 0.000000e+00
    outer loop
      vertex   2.359459e+01 2.504432e+01 1.251429e+01
      vertex   2.363370e+01 2.465528e+01 2.077143e+01
      vertex   2.359459e+01 2.504432e+01 2.077143e+01
    endloop
  endfacet
  facet normal -9.853639e-01 -1.704643e-01 0.000000e+00
    outer loop
      vertex   2.359459e+01 2.504432e+01 1.251429e+01
      vertex   2.359459e+01 2.504432e+01 2.077143e+01
      vertex   2.352794e+01 2.542960e+01 1.251429e+01
    endloop
  endfacet
  facet normal -9.853639e-01 -1.704643e-01 0.000000e+00
    outer loop
      vertex   2.352794e+01 2.542960e+01 1.251429e+01
      vertex   2.359459e+01 2.504432e+01 2.077143e+01
      vertex   2.352794e+01 2.542960e+01 2.077143e+01
    endloop
  endfacet
  facet normal -9.707630e-01 -2.400398e-01 0.000000e+00
    outer loop
      vertex   2.352794e+01 2.542960e+01 1.251429e+01
      vertex   2.352794e+01 2.542960e+01 2.077143e+01
      vertex   2.343408e+01 2.580917e+01 1.251429e+01
    endloop
  endfacet
  facet normal -5.682693e-01 8.228426e-01 0.000000e+00
    outer loop
      vertex   2.142956e+01 1.988832e+01 4.257143e+00
      vertex   2.110783e+01 1.966613e+01 4.257143e+00
      vertex   2.110783e+01 1.966613e+01 1.251429e+01
    endloop
  endfacet
  facet normal -5.083736e-01 8.611366e-01 0.000000e+00
    outer loop
      vertex   2.110783e+01 1.966613e+01 1.251429e+01
      vertex   2.110783e+01 1.966613e+01 4.257143e+00
      vertex   2.077112e+01 1.946735e+01 1.251429e+01
    endloop
  endfacet
  facet normal -5.682693e-01 8.228426e-01 0.000000e+00
    outer loop
      vertex   2.142956e+01 1.988832e+01 4.257143e+00
      vertex   2.110783e+01 1.966613e+01 1.251429e+01
      vertex   2.142956e+01 1.988832e+01 1.251429e+01
    endloop
  endfacet
  facet normal -6.252931e-01 7.803900e-01 0.000000e+00
    outer loop
      vertex   2.173469e+01 2.013281e+01 4.257143e+00
      vertex   2.142956e+01 1.988832e+01 4.257143e+00
      vertex   2.142956e+01 1.988832e+01 1.251429e+01
    endloop
  endfacet
  facet normal -6.252931e-01 7.803900e-01 0.000000e+00
    outer loop
      vertex   2.173469e+01 2.013281e+01 4.257143e+00
      vertex   2.142956e+01 1.988832e+01 1.251429e+01
      vertex   2.173469e+01 2.013281e+01 1.251429e+01
    endloop
  endfacet
  facet normal -6.791567e-01 7.339933e-01 0.000000e+00
    outer loop
      vertex   2.202168e+01 2.039836e+01 4.257143e+00
      vertex   2.173469e+01 2.013281e+01 4.257143e+00
      vertex   2.173469e+01 2.013281e+01 1.251429e+01
    endloop
  endfacet
  facet normal -6.791567e-01 7.339933e-01 0.000000e+00
    outer loop
      vertex   2.202168e+01 2.039836e+01 4.257143e+00
      vertex   2.173469e+01 2.013281e+01 1.251429e+01
      vertex   2.202168e+01 2.039836e+01 1.251429e+01
    endloop
  endfacet
  facet normal -7.295878e-01 6.838871e-01 0.000000e+00
    outer loop
      vertex   2.228908e+01 2.068363e+01 4.257143e+00
      vertex   2.202168e+01 2.039836e+01 4.257143e+00
      vertex   2.202168e+01 2.039836e+01 1.251429e+01
    endloop
  endfacet
  facet normal -7.295878e-01 6.838871e-01 0.000000e+00
    outer loop
      vertex   2.228908e+01 2.068363e+01 4.257143e+00
      vertex   2.202168e+01 2.039836e+01 1.251429e+01
      vertex   2.228908e+01 2.068363e+01 1.251429e+01
    endloop
  endfacet
  facet normal -7.763317e-01 6.303246e-01 0.000000e+00
    outer loop
      vertex   2.253554e+01 2.098718e+01 4.257143e+00
      vertex   2.228908e+01 2.068363e+01 4.257143e+00
      vertex   2.228908e+01 2.068363e+01 1.251429e+01
    endloop
  endfacet
  facet normal -7.763317e-01 6.303246e-01 0.000000e+00
    outer loop
      vertex   2.253554e+01 2.098718e+01 4.257143e+00
      vertex   2.228908e+01 2.068363e+01 1.251429e+01
      vertex   2.253554e+01 2.098718e+01 1.251429e+01
    endloop
  endfacet
  facet normal -8.191520e-01 5.735764e-01 0.000000e+00
    outer loop
      vertex   2.275981e+01 2.130747e+01 4.257143e+00
      vertex   2.253554e+01 2.098718e+01 4.257143e+00
      vertex   2.253554e+01 2.098718e+01 1.251429e+01
    endloop
  endfacet
  facet normal -8.191520e-01 5.735764e-01 0.000000e+00
    outer loop
      vertex   2.275981e+01 2.130747e+01 4.257143e+00
      vertex   2.253554e+01 2.098718e+01 1.251429e+01
      vertex   2.275981e+01 2.130747e+01 1.251429e+01
    endloop
  endfacet
  facet normal -8.578324e-01 5.139295e-01 0.000000e+00
    outer loop
      vertex   2.296076e+01 2.164288e+01 4.257143e+00
      vertex   2.275981e+01 2.130747e+01 4.257143e+00
      vertex   2.275981e+01 2.130747e+01 1.251429e+01
    endloop
  endfacet
  facet normal -8.578324e-01 5.139295e-01 0.000000e+00
    outer loop
      vertex   2.296076e+01 2.164288e+01 4.257143e+00
      vertex   2.275981e+01 2.130747e+01 1.251429e+01
      vertex   2.296076e+01 2.164288e+01 1.251429e+01
    endloop
  endfacet
  facet normal -8.921774e-01 4.516851e-01 0.000000e+00
    outer loop
      vertex   2.313737e+01 2.199172e+01 4.257143e+00
      vertex   2.296076e+01 2.164288e+01 4.257143e+00
      vertex   2.296076e+01 2.164288e+01 1.251429e+01
    endloop
  endfacet
  facet normal -8.921774e-01 4.516851e-01 0.000000e+00
    outer loop
      vertex   2.313737e+01 2.199172e+01 4.257143e+00
      vertex   2.296076e+01 2.164288e+01 1.251429e+01
      vertex   2.313737e+01 2.199172e+01 1.251429e+01
    endloop
  endfacet
  facet normal -9.220134e-01 3.871580e-01 0.000000e+00
    outer loop
      vertex   2.328874e+01 2.235223e+01 4.257143e+00
      vertex   2.313737e+01 2.199172e+01 4.257143e+00
      vertex   2.313737e+01 2.199172e+01 1.251429e+01
    endloop
  endfacet
  facet normal -9.220134e-01 3.871580e-01 0.000000e+00
    outer loop
      vertex   2.328874e+01 2.235223e+01 4.257143e+00
      vertex   2.313737e+01 2.199172e+01 1.251429e+01
      vertex   2.328874e+01 2.235223e+01 1.251429e+01
    endloop
  endfacet
  facet normal -9.471896e-01 3.206742e-01 0.000000e+00
    outer loop
      vertex   2.341413e+01 2.272258e+01 4.257143e+00
      vertex   2.328874e+01 2.235223e+01 4.257143e+00
      vertex   2.328874e+01 2.235223e+01 1.251429e+01
    endloop
  endfacet
  facet normal -9.471896e-01 3.206742e-01 0.000000e+00
    outer loop
      vertex   2.341413e+01 2.272258e+01 4.257143e+00
      vertex   2.328874e+01 2.235223e+01 1.251429e+01
      vertex   2.341413e+01 2.272258e+01 1.251429e+01
    endloop
  endfacet
  facet normal -9.675787e-01 2.525698e-01 0.000000e+00
    outer loop
      vertex   2.351288e+01 2.310091e+01 4.257143e+00
      vertex   2.341413e+01 2.272258e+01 4.257143e+00
      vertex   2.341413e+01 2.272258e+01 1.251429e+01
    endloop
  endfacet
  facet normal -9.675787e-01 2.525698e-01 0.000000e+00
    outer loop
      vertex   2.351288e+01 2.310091e+01 4.257143e+00
      vertex   2.341413e+01 2.272258e+01 1.251429e+01
      vertex   2.351288e+01 2.310091e+01 1.251429e+01
    endloop
  endfacet
  facet normal -9.830777e-01 1.831888e-01 0.000000e+00
    outer loop
      vertex   2.358451e+01 2.348529e+01 4.257143e+00
      vertex   2.351288e+01 2.310091e+01 4.257143e+00
      vertex   2.351288e+01 2.310091e+01 1.251429e+01
    endloop
  endfacet
  facet normal -9.830777e-01 1.831888e-01 0.000000e+00
    outer loop
      vertex   2.358451e+01 2.348529e+01 4.257143e+00
      vertex   2.351288e+01 2.310091e+01 1.251429e+01
      vertex   2.358451e+01 2.348529e+01 1.251429e+01
    endloop
  endfacet
  facet normal -9.936084e-01 1.128821e-01 0.000000e+00
    outer loop
      vertex   2.362865e+01 2.387379e+01 4.257143e+00
      vertex   2.358451e+01 2.348529e+01 4.257143e+00
      vertex   2.358451e+01 2.348529e+01 1.251429e+01
    endloop
  endfacet
  facet normal -9.936084e-01 1.128821e-01 0.000000e+00
    outer loop
      vertex   2.362865e+01 2.387379e+01 4.257143e+00
      vertex   2.358451e+01 2.348529e+01 1.251429e+01
      vertex   2.362865e+01 2.387379e+01 1.251429e+01
    endloop
  endfacet
  facet normal -9.991174e-01 4.200482e-02 0.000000e+00
    outer loop
      vertex   2.364507e+01 2.426445e+01 4.257143e+00
      vertex   2.362865e+01 2.387379e+01 4.257143e+00
      vertex   2.362865e+01 2.387379e+01 1.251429e+01
    endloop
  endfacet
  facet normal -9.991174e-01 4.200482e-02 0.000000e+00
    outer loop
      vertex   2.364507e+01 2.426445e+01 4.257143e+00
      vertex   2.362865e+01 2.387379e+01 1.251429e+01
      vertex   2.364507e+01 2.426445e+01 1.251429e+01
    endloop
  endfacet
  facet normal -9.995770e-01 -2.908472e-02 0.000000e+00
    outer loop
      vertex   2.363370e+01 2.465528e+01 4.257143e+00
      vertex   2.364507e+01 2.426445e+01 4.257143e+00
      vertex   2.364507e+01 2.426445e+01 1.251429e+01
    endloop
  endfacet
  facet normal -9.995770e-01 -2.908472e-02 0.000000e+00
    outer loop
      vertex   2.363370e+01 2.465528e+01 4.257143e+00
      vertex   2.364507e+01 2.426445e+01 1.251429e+01
      vertex   2.363370e+01 2.465528e+01 1.251429e+01
    endloop
  endfacet
  facet normal -9.949847e-01 -1.000273e-01 0.000000e+00
    outer loop
      vertex   2.359459e+01 2.504432e+01 4.257143e+00
      vertex   2.363370e+01 2.465528e+01 4.257143e+00
      vertex   2.363370e+01 2.465528e+01 1.251429e+01
    endloop
  endfacet
  facet normal -9.949847e-01 -1.000273e-01 0.000000e+00
    outer loop
      vertex   2.359459e+01 2.504432e+01 4.257143e+00
      vertex   2.363370e+01 2.465528e+01 1.251429e+01
      vertex   2.359459e+01 2.504432e+01 1.251429e+01
    endloop
  endfacet
  facet normal -9.853639e-01 -1.704643e-01 0.000000e+00
    outer loop
      vertex   2.352794e+01 2.542960e+01 4.257143e+00
      vertex   2.359459e+01 2.504432e+01 4.257143e+00
      vertex   2.359459e+01 2.504432e+01 1.251429e+01
    endloop
  endfacet
  facet normal -9.853639e-01 -1.704643e-01 0.000000e+00
    outer loop
      vertex   2.352794e+01 2.542960e+01 4.257143e+00
      vertex   2.359459e+01 2.504432e+01 1.251429e+01
      vertex   2.352794e+01 2.542960e+01 1.251429e+01
    endloop
  endfacet
  facet normal -9.707630e-01 -2.400398e-01 0.000000e+00
    outer loop
      vertex   2.343408e+01 2.580917e+01 4.257143e+00
      vertex   2.352794e+01 2.542960e+01 4.257143e+00
      vertex   2.352794e+01 2.542960e+01 1.251429e+01
    endloop
  endfacet
  facet normal -9.707630e-01 -2.400398e-01 0.000000e+00
    outer loop
      vertex   2.343408e+01 2.580917e+01 4.257143e+00
      vertex   2.352794e+01 2.542960e+01 1.251429e+01
      vertex   2.343408e+01 2.580917e+01 1.251429e+01
    endloop
  endfacet
  facet normal -9.396926e-01 -3.420201e-01 -0.000000e+00
    outer loop
      vertex   2.331350e+01 2.618111e+01 5.380000e+01
      vertex   2.286500e+01 2.741335e+01 5.380000e+01
      vertex   2.331350e+01 2.618111e+01 -4.000000e+00
    endloop
  endfacet
  facet normal -9.396926e-01 -3.420201e-01 0.000000e+00
    outer loop
      vertex   2.331350e+01 2.618111e+01 -4.000000e+00
      vertex   2.286500e+01 2.741335e+01 5.380000e+01
      vertex   2.286500e+01 2.741335e+01 -4.000000e+00
    endloop
  endfacet
  facet normal -1.000000e+00 -0.000000e+00 -0.000000e+00
    outer loop
      vertex   2.370000e+01 1.800000e+01 6.000000e+00
      vertex   2.370000e+01 1.800000e+01 3.633250e+00
      vertex   2.370000e+01 1.600000e+01 6.000000e+00
    endloop
  endfacet
  facet normal -1.000000e+00 0.000000e+00 0.000000e+00
    outer loop
      vertex   2.370000e+01 1.600000e+01 6.000000e+00
      vertex   2.370000e+01 1.800000e+01 3.633250e+00
      vertex   2.370000e+01 1.798836e+01 3.104881e+00
    endloop
  endfacet
  facet normal -1.000000e+00 0.000000e+00 0.000000e+00
    outer loop
      vertex   2.370000e+01 1.600000e+01 6.000000e+00
      vertex   2.370000e+01 1.798836e+01 3.104881e+00
      vertex   2.370000e+01 1.795347e+01 2.577538e+00
    endloop
  endfacet
  facet normal -1.000000e+00 -0.000000e+00 0.000000e+00
    outer loop
      vertex   2.370000e+01 1.795347e+01 2.577538e+00
      vertex   2.370000e+01 1.789539e+01 2.052242e+00
      vertex   2.370000e+01 1.600000e+01 6.000000e+00
    endloop
  endfacet
  facet normal -1.000000e+00 0.000000e+00 0.000000e+00
    outer loop
      vertex   2.370000e+01 1.600000e+01 6.000000e+00
      vertex   2.370000e+01 1.789539e+01 2.052242e+00
      vertex   2.370000e+01 1.781425e+01 1.530012e+00
    endloop
  endfacet
  facet normal -1.000000e+00 0.000000e+00 0.000000e+00
    outer loop
      vertex   2.370000e+01 1.600000e+01 6.000000e+00
      vertex   2.370000e+01 1.781425e+01 1.530012e+00
      vertex   2.370000e+01 1.771018e+01 1.011863e+00
    endloop
  endfacet
  facet normal -1.000000e+00 -0.000000e+00 0.000000e+00
    outer loop
      vertex   2.370000e+01 1.771018e+01 1.011863e+00
      vertex   2.370000e+01 1.758340e+01 4.987975e-01
      vertex   2.370000e+01 1.600000e+01 6.000000e+00
    endloop
  endfacet
  facet normal -1.000000e+00 0.000000e+00 0.000000e+00
    outer loop
      vertex   2.370000e+01 1.600000e+01 6.000000e+00
      vertex   2.370000e+01 1.758340e+01 4.987975e-01
      vertex   2.370000e+01 1.743416e+01 -8.187977e-03
    endloop
  endfacet
  facet normal -1.000000e+00 0.000000e+00 0.000000e+00
    outer loop
      vertex   2.370000e+01 1.600000e+01 6.000000e+00
      vertex   2.370000e+01 1.743416e+01 -8.187977e-03
      vertex   2.370000e+01 1.726273e+01 -5.081104e-01
    endloop
  endfacet
  facet normal -1.000000e+00 0.000000e+00 0.000000e+00
    outer loop
      vertex   2.370000e+01 1.706946e+01 -1.000000e+00
      vertex   2.370000e+01 1.600000e+01 -1.000000e+00
      vertex   2.370000e+01 1.726273e+01 -5.081104e-01
    endloop
  endfacet
  facet normal -1.000000e+00 -0.000000e+00 0.000000e+00
    outer loop
      vertex   2.370000e+01 1.726273e+01 -5.081104e-01
      vertex   2.370000e+01 1.600000e+01 -1.000000e+00
      vertex   2.370000e+01 1.600000e+01 6.000000e+00
    endloop
  endfacet
  facet normal -7.071068e-01 0.000000e+00 7.071068e-01
    outer loop
      vertex   2.370000e+01 1.600000e+01 6.000000e+00
      vertex   2.500000e+01 1.600000e+01 7.300000e+00
      vertex   2.370000e+01 1.800000e+01 6.000000e+00
    endloop
  endfacet
  facet normal -7.071068e-01 0.000000e+00 7.071068e-01
    outer loop
      vertex   2.370000e+01 1.800000e+01 6.000000e+00
      vertex   2.500000e+01 1.600000e+01 7.300000e+00
      vertex   2.500000e+01 1.800000e+01 7.300000e+00
    endloop
  endfacet
  facet normal 0.000000e+00 -1.000000e+00 -0.000000e+00
    outer loop
      vertex   2.500000e+01 1.600000e+01 7.300000e+00
      vertex   2.370000e+01 1.600000e+01 6.000000e+00
      vertex   2.500000e+01 1.600000e+01 -1.000000e+00
    endloop
  endfacet
  facet normal 0.000000e+00 -1.000000e+00 0.000000e+00
    outer loop
      vertex   2.500000e+01 1.600000e+01 -1.000000e+00
      vertex   2.370000e+01 1.600000e+01 6.000000e+00
      vertex   2.370000e+01 1.600000e+01 -1.000000e+00
    endloop
  endfacet
  facet normal 0.000000e+00 0.000000e+00 -1.000000e+00
    outer loop
      vertex   6.200000e+00 1.620000e+01 -4.000000e+00
      vertex   -8.000000e-01 1.620000e+01 -4.000000e+00
      vertex   6.200000e+00 1.880000e+01 -4.000000e+00
    endloop
  endfacet
  facet normal -0.000000e+00 0.000000e+00 -1.000000e+00
    outer loop
      vertex   6.200000e+00 1.880000e+01 -4.000000e+00
      vertex   -8.000000e-01 1.620000e+01 -4.000000e+00
      vertex   -8.000000e-01 1.880000e+01 -4.000000e+00
    endloop
  endfacet
  facet normal 7.071068e-01 -1.962616e-17 7.071068e-01
    outer loop
      vertex   2.000000e-01 1.600000e+01 7.300000e+00
      vertex   1.500000e+00 1.600000e+01 6.000000e+00
      vertex   2.000000e-01 1.800000e+01 7.300000e+00
    endloop
  endfacet
  facet normal 7.071068e-01 0.000000e+00 7.071068e-01
    outer loop
      vertex   2.000000e-01 1.800000e+01 7.300000e+00
      vertex   1.500000e+00 1.600000e+01 6.000000e+00
      vertex   1.500000e+00 1.800000e+01 6.000000e+00
    endloop
  endfacet
  facet normal 1.000000e+00 0.000000e+00 -0.000000e+00
    outer loop
      vertex   1.500000e+00 1.706946e+01 -1.000000e+00
      vertex   1.500000e+00 1.726273e+01 -5.081104e-01
      vertex   1.500000e+00 1.600000e+01 -1.000000e+00
    endloop
  endfacet
  facet normal 1.000000e+00 0.000000e+00 0.000000e+00
    outer loop
      vertex   1.500000e+00 1.600000e+01 -1.000000e+00
      vertex   1.500000e+00 1.726273e+01 -5.081104e-01
      vertex   1.500000e+00 1.600000e+01 6.000000e+00
    endloop
  endfacet
  facet normal 1.000000e+00 0.000000e+00 0.000000e+00
    outer loop
      vertex   1.500000e+00 1.600000e+01 6.000000e+00
      vertex   1.500000e+00 1.726273e+01 -5.081104e-01
      vertex   1.500000e+00 1.743416e+01 -8.187977e-03
    endloop
  endfacet
  facet normal 1.000000e+00 0.000000e+00 0.000000e+00
    outer loop
      vertex   1.500000e+00 1.600000e+01 6.000000e+00
      vertex   1.500000e+00 1.743416e+01 -8.187977e-03
      vertex   1.500000e+00 1.758340e+01 4.987975e-01
    endloop
  endfacet
  facet normal 1.000000e+00 0.000000e+00 -0.000000e+00
    outer loop
      vertex   1.500000e+00 1.758340e+01 4.987975e-01
      vertex   1.500000e+00 1.771018e+01 1.011863e+00
      vertex   1.500000e+00 1.600000e+01 6.000000e+00
    endloop
  endfacet
  facet normal 1.000000e+00 0.000000e+00 0.000000e+00
    outer loop
      vertex   1.500000e+00 1.600000e+01 6.000000e+00
      vertex   1.500000e+00 1.771018e+01 1.011863e+00
      vertex   1.500000e+00 1.781425e+01 1.530012e+00
    endloop
  endfacet
  facet normal 1.000000e+00 0.000000e+00 0.000000e+00
    outer loop
      vertex   1.500000e+00 1.600000e+01 6.000000e+00
      vertex   1.500000e+00 1.781425e+01 1.530012e+00
      vertex   1.500000e+00 1.789539e+01 2.052242e+00
    endloop
  endfacet
  facet normal 1.000000e+00 0.000000e+00 -0.000000e+00
    outer loop
      vertex   1.500000e+00 1.789539e+01 2.052242e+00
      vertex   1.500000e+00 1.795347e+01 2.577538e+00
      vertex   1.500000e+00 1.600000e+01 6.000000e+00
    endloop
  endfacet
  facet normal 1.000000e+00 0.000000e+00 0.000000e+00
    outer loop
      vertex   1.500000e+00 1.600000e+01 6.000000e+00
      vertex   1.500000e+00 1.795347e+01 2.577538e+00
      vertex   1.500000e+00 1.798836e+01 3.104881e+00
    endloop
  endfacet
  facet normal 1.000000e+00 0.000000e+00 0.000000e+00
    outer loop
      vertex   1.500000e+00 1.600000e+01 6.000000e+00
      vertex   1.500000e+00 1.798836e+01 3.104881e+00
      vertex   1.500000e+00 1.800000e+01 3.633250e+00
    endloop
  endfacet
  facet normal 1.000000e+00 0.000000e+00 -0.000000e+00
    outer loop
      vertex   1.500000e+00 1.800000e+01 3.633250e+00
      vertex   1.500000e+00 1.800000e+01 6.000000e+00
      vertex   1.500000e+00 1.600000e+01 6.000000e+00
    endloop
  endfacet
  facet normal -0.000000e+00 -1.000000e+00 0.000000e+00
    outer loop
      vertex   1.500000e+00 1.600000e+01 -1.000000e+00
      vertex   1.500000e+00 1.600000e+01 6.000000e+00
      vertex   2.000000e-01 1.600000e+01 -1.000000e+00
    endloop
  endfacet
  facet normal -1.152409e-15 -1.000000e+00 2.140189e-16
    outer loop
      vertex   2.000000e-01 1.600000e+01 -1.000000e+00
      vertex   1.500000e+00 1.600000e+01 6.000000e+00
      vertex   2.000000e-01 1.600000e+01 7.300000e+00
    endloop
  endfacet
  facet normal 0.000000e+00 -1.000000e+00 0.000000e+00
    outer loop
      vertex   7.039355e+00 1.800000e+01 6.570932e+00
      vertex   7.200000e+00 1.800000e+01 6.516515e+00
      vertex   2.000000e-01 1.800000e+01 4.080000e+01
    endloop
  endfacet
  facet normal 0.000000e+00 -1.000000e+00 0.000000e+00
    outer loop
      vertex   2.000000e-01 1.800000e+01 4.080000e+01
      vertex   7.200000e+00 1.800000e+01 6.516515e+00
      vertex   7.349138e+00 1.800000e+01 6.435732e+00
    endloop
  endfacet
  facet normal 0.000000e+00 -1.000000e+00 0.000000e+00
    outer loop
      vertex   2.000000e-01 1.800000e+01 4.080000e+01
      vertex   7.349138e+00 1.800000e+01 6.435732e+00
      vertex   2.500000e+01 1.800000e+01 4.080000e+01
    endloop
  endfacet
  facet normal 0.000000e+00 -1.000000e+00 0.000000e+00
    outer loop
      vertex   2.500000e+01 1.800000e+01 4.080000e+01
      vertex   7.349138e+00 1.800000e+01 6.435732e+00
      vertex   7.482479e+00 1.800000e+01 6.330906e+00
    endloop
  endfacet
  facet normal 0.000000e+00 -1.000000e+00 0.000000e+00
    outer loop
      vertex   2.500000e+01 1.800000e+01 4.080000e+01
      vertex   7.482479e+00 1.800000e+01 6.330906e+00
      vertex   7.596185e+00 1.800000e+01 6.205053e+00
    endloop
  endfacet
  facet normal 0.000000e+00 -1.000000e+00 0.000000e+00
    outer loop
      vertex   2.500000e+01 1.800000e+01 4.080000e+01
      vertex   7.596185e+00 1.800000e+01 6.205053e+00
      vertex   1.900000e+01 1.800000e+01 3.633250e+00
    endloop
  endfacet
  facet normal 0.000000e+00 -1.000000e+00 0.000000e+00
    outer loop
      vertex   1.900000e+01 1.800000e+01 3.633250e+00
      vertex   7.596185e+00 1.800000e+01 6.205053e+00
      vertex   7.686987e+00 1.800000e+01 6.061794e+00
    endloop
  endfacet
  facet normal 0.000000e+00 -1.000000e+00 0.000000e+00
    outer loop
      vertex   1.900000e+01 1.800000e+01 3.633250e+00
      vertex   7.686987e+00 1.800000e+01 6.061794e+00
      vertex   7.752272e+00 1.800000e+01 5.905249e+00
    endloop
  endfacet
  facet normal 0.000000e+00 -1.000000e+00 0.000000e+00
    outer loop
      vertex   7.752272e+00 1.800000e+01 5.905249e+00
      vertex   7.790162e+00 1.800000e+01 5.739924e+00
      vertex   1.900000e+01 1.800000e+01 3.633250e+00
    endloop
  endfacet
  facet normal 0.000000e+00 -1.000000e+00 0.000000e+00
    outer loop
      vertex   1.900000e+01 1.800000e+01 3.633250e+00
      vertex   7.790162e+00 1.800000e+01 5.739924e+00
      vertex   7.799567e+00 1.800000e+01 5.570573e+00
    endloop
  endfacet
  facet normal 0.000000e+00 -1.000000e+00 0.000000e+00
    outer loop
      vertex   1.900000e+01 1.800000e+01 3.633250e+00
      vertex   7.799567e+00 1.800000e+01 5.570573e+00
      vertex   7.780216e+00 1.800000e+01 5.402069e+00
    endloop
  endfacet
  facet normal -0.000000e+00 -1.000000e+00 -0.000000e+00
    outer loop
      vertex   1.900000e+01 1.800000e+01 3.633250e+00
      vertex   7.780216e+00 1.800000e+01 5.402069e+00
      vertex   1.900000e+01 1.800000e+01 -2.200000e+00
    endloop
  endfacet
  facet normal 0.000000e+00 -1.000000e+00 0.000000e+00
    outer loop
      vertex   1.900000e+01 1.800000e+01 -2.200000e+00
      vertex   7.780216e+00 1.800000e+01 5.402069e+00
      vertex   7.732666e+00 1.800000e+01 5.239258e+00
    endloop
  endfacet
  facet normal 0.000000e+00 -1.000000e+00 0.000000e+00
    outer loop
      vertex   1.900000e+01 1.800000e+01 -2.200000e+00
      vertex   7.732666e+00 1.800000e+01 5.239258e+00
      vertex   6.200000e+00 1.800000e+01 -2.200000e+00
    endloop
  endfacet
  facet normal 0.000000e+00 -1.000000e+00 0.000000e+00
    outer loop
      vertex   6.200000e+00 1.800000e+01 -2.200000e+00
      vertex   7.732666e+00 1.800000e+01 5.239258e+00
      vertex   7.658285e+00 1.800000e+01 5.086826e+00
    endloop
  endfacet
  facet normal 0.000000e+00 -1.000000e+00 0.000000e+00
    outer loop
      vertex   6.200000e+00 1.800000e+01 -2.200000e+00
      vertex   7.658285e+00 1.800000e+01 5.086826e+00
      vertex   7.559212e+00 1.800000e+01 4.949157e+00
    endloop
  endfacet
  facet normal 0.000000e+00 -1.000000e+00 0.000000e+00
    outer loop
      vertex   7.559212e+00 1.800000e+01 4.949157e+00
      vertex   7.438299e+00 1.800000e+01 4.830211e+00
      vertex   6.200000e+00 1.800000e+01 -2.200000e+00
    endloop
  endfacet
  facet normal 0.000000e+00 -1.000000e+00 0.000000e+00
    outer loop
      vertex   6.200000e+00 1.800000e+01 -2.200000e+00
      vertex   7.438299e+00 1.800000e+01 4.830211e+00
      vertex   7.299022e+00 1.800000e+01 4.733411e+00
    endloop
  endfacet
  facet normal 0.000000e+00 -1.000000e+00 0.000000e+00
    outer loop
      vertex   6.200000e+00 1.800000e+01 -2.200000e+00
      vertex   7.299022e+00 1.800000e+01 4.733411e+00
      vertex   6.200000e+00 1.800000e+01 3.633250e+00
    endloop
  endfacet
  facet normal 0.000000e+00 -1.000000e+00 0.000000e+00
    outer loop
      vertex   6.200000e+00 1.800000e+01 3.633250e+00
      vertex   7.299022e+00 1.800000e+01 4.733411e+00
      vertex   7.145390e+00 1.800000e+01 4.661541e+00
    endloop
  endfacet
  facet normal 0.000000e+00 -1.000000e+00 0.000000e+00
    outer loop
      vertex   6.200000e+00 1.800000e+01 3.633250e+00
      vertex   7.145390e+00 1.800000e+01 4.661541e+00
      vertex   6.981822e+00 1.800000e+01 4.616668e+00
    endloop
  endfacet
  facet normal 0.000000e+00 -1.000000e+00 0.000000e+00
    outer loop
      vertex   6.981822e+00 1.800000e+01 4.616668e+00
      vertex   6.813022e+00 1.800000e+01 4.600085e+00
      vertex   6.200000e+00 1.800000e+01 3.633250e+00
    endloop
  endfacet
  facet normal 0.000000e+00 -1.000000e+00 0.000000e+00
    outer loop
      vertex   6.200000e+00 1.800000e+01 3.633250e+00
      vertex   6.813022e+00 1.800000e+01 4.600085e+00
      vertex   6.643849e+00 1.800000e+01 4.612267e+00
    endloop
  endfacet
  facet normal 0.000000e+00 -1.000000e+00 0.000000e+00
    outer loop
      vertex   6.200000e+00 1.800000e+01 3.633250e+00
      vertex   6.643849e+00 1.800000e+01 4.612267e+00
      vertex   6.479167e+00 1.800000e+01 4.652864e+00
    endloop
  endfacet
  facet normal -0.000000e+00 -1.000000e+00 0.000000e+00
    outer loop
      vertex   6.479167e+00 1.800000e+01 4.652864e+00
      vertex   6.323715e+00 1.800000e+01 4.720709e+00
      vertex   6.200000e+00 1.800000e+01 3.633250e+00
    endloop
  endfacet
  facet normal 0.000000e+00 -1.000000e+00 0.000000e+00
    outer loop
      vertex   6.200000e+00 1.800000e+01 3.633250e+00
      vertex   6.323715e+00 1.800000e+01 4.720709e+00
      vertex   6.181965e+00 1.800000e+01 4.813849e+00
    endloop
  endfacet
  facet normal 0.000000e+00 -1.000000e+00 0.000000e+00
    outer loop
      vertex   6.200000e+00 1.800000e+01 3.633250e+00
      vertex   6.181965e+00 1.800000e+01 4.813849e+00
      vertex   6.057995e+00 1.800000e+01 4.929606e+00
    endloop
  endfacet
  facet normal -0.000000e+00 -1.000000e+00 -0.000000e+00
    outer loop
      vertex   6.057995e+00 1.800000e+01 4.929606e+00
      vertex   5.955371e+00 1.800000e+01 5.064648e+00
      vertex   6.200000e+00 1.800000e+01 3.633250e+00
    endloop
  endfacet
  facet normal 0.000000e+00 -1.000000e+00 0.000000e+00
    outer loop
      vertex   6.200000e+00 1.800000e+01 3.633250e+00
      vertex   5.955371e+00 1.800000e+01 5.064648e+00
      vertex   5.877045e+00 1.800000e+01 5.215092e+00
    endloop
  endfacet
  facet normal 0.000000e+00 -1.000000e+00 0.000000e+00
    outer loop
      vertex   6.200000e+00 1.800000e+01 3.633250e+00
      vertex   5.877045e+00 1.800000e+01 5.215092e+00
      vertex   1.500000e+00 1.800000e+01 3.633250e+00
    endloop
  endfacet
  facet normal 0.000000e+00 -1.000000e+00 0.000000e+00
    outer loop
      vertex   1.500000e+00 1.800000e+01 3.633250e+00
      vertex   5.877045e+00 1.800000e+01 5.215092e+00
      vertex   5.825271e+00 1.800000e+01 5.376609e+00
    endloop
  endfacet
  facet normal 0.000000e+00 -1.000000e+00 0.000000e+00
    outer loop
      vertex   1.500000e+00 1.800000e+01 3.633250e+00
      vertex   5.825271e+00 1.800000e+01 5.376609e+00
      vertex   5.801538e+00 1.800000e+01 5.544552e+00
    endloop
  endfacet
  facet normal 0.000000e+00 -1.000000e+00 0.000000e+00
    outer loop
      vertex   1.500000e+00 1.800000e+01 3.633250e+00
      vertex   5.801538e+00 1.800000e+01 5.544552e+00
      vertex   1.500000e+00 1.800000e+01 6.000000e+00
    endloop
  endfacet
  facet normal 0.000000e+00 -1.000000e+00 0.000000e+00
    outer loop
      vertex   1.500000e+00 1.800000e+01 6.000000e+00
      vertex   5.801538e+00 1.800000e+01 5.544552e+00
      vertex   5.806530e+00 1.800000e+01 5.714090e+00
    endloop
  endfacet
  facet normal 0.000000e+00 -1.000000e+00 0.000000e+00
    outer loop
      vertex   1.500000e+00 1.800000e+01 6.000000e+00
      vertex   5.806530e+00 1.800000e+01 5.714090e+00
      vertex   5.840101e+00 1.800000e+01 5.880346e+00
    endloop
  endfacet
  facet normal 0.000000e+00 -1.000000e+00 0.000000e+00
    outer loop
      vertex   5.840101e+00 1.800000e+01 5.880346e+00
      vertex   5.901287e+00 1.800000e+01 6.038538e+00
      vertex   1.500000e+00 1.800000e+01 6.000000e+00
    endloop
  endfacet
  facet normal 0.000000e+00 -1.000000e+00 0.000000e+00
    outer loop
      vertex   1.500000e+00 1.800000e+01 6.000000e+00
      vertex   5.901287e+00 1.800000e+01 6.038538e+00
      vertex   5.988328e+00 1.800000e+01 6.184113e+00
    endloop
  endfacet
  facet normal 0.000000e+00 -1.000000e+00 0.000000e+00
    outer loop
      vertex   1.500000e+00 1.800000e+01 6.000000e+00
      vertex   5.988328e+00 1.800000e+01 6.184113e+00
      vertex   6.098718e+00 1.800000e+01 6.312884e+00
    endloop
  endfacet
  facet normal 0.000000e+00 -1.000000e+00 0.000000e+00
    outer loop
      vertex   1.500000e+00 1.800000e+01 6.000000e+00
      vertex   6.098718e+00 1.800000e+01 6.312884e+00
      vertex   2.000000e-01 1.800000e+01 7.300000e+00
    endloop
  endfacet
  facet normal 0.000000e+00 -1.000000e+00 0.000000e+00
    outer loop
      vertex   2.000000e-01 1.800000e+01 7.300000e+00
      vertex   6.098718e+00 1.800000e+01 6.312884e+00
      vertex   6.229284e+00 1.800000e+01 6.421147e+00
    endloop
  endfacet
  facet normal 0.000000e+00 -1.000000e+00 0.000000e+00
    outer loop
      vertex   2.000000e-01 1.800000e+01 7.300000e+00
      vertex   6.229284e+00 1.800000e+01 6.421147e+00
      vertex   6.376267e+00 1.800000e+01 6.505787e+00
    endloop
  endfacet
  facet normal 0.000000e+00 -1.000000e+00 0.000000e+00
    outer loop
      vertex   2.000000e-01 1.800000e+01 7.300000e+00
      vertex   6.376267e+00 1.800000e+01 6.505787e+00
      vertex   2.000000e-01 1.800000e+01 4.080000e+01
    endloop
  endfacet
  facet normal 0.000000e+00 -1.000000e+00 0.000000e+00
    outer loop
      vertex   2.000000e-01 1.800000e+01 4.080000e+01
      vertex   6.376267e+00 1.800000e+01 6.505787e+00
      vertex   6.535441e+00 1.800000e+01 6.564370e+00
    endloop
  endfacet
  facet normal 0.000000e+00 -1.000000e+00 0.000000e+00
    outer loop
      vertex   2.000000e-01 1.800000e+01 4.080000e+01
      vertex   6.535441e+00 1.800000e+01 6.564370e+00
      vertex   6.702226e+00 1.800000e+01 6.595209e+00
    endloop
  endfacet
  facet normal 0.000000e+00 -1.000000e+00 0.000000e+00
    outer loop
      vertex   6.702226e+00 1.800000e+01 6.595209e+00
      vertex   6.871823e+00 1.800000e+01 6.597417e+00
      vertex   2.000000e-01 1.800000e+01 4.080000e+01
    endloop
  endfacet
  facet normal 0.000000e+00 -1.000000e+00 0.000000e+00
    outer loop
      vertex   2.000000e-01 1.800000e+01 4.080000e+01
      vertex   6.871823e+00 1.800000e+01 6.597417e+00
      vertex   7.039355e+00 1.800000e+01 6.570932e+00
    endloop
  endfacet
  facet normal -0.000000e+00 -1.000000e+00 0.000000e+00
    outer loop
      vertex   2.500000e+01 1.800000e+01 7.300000e+00
      vertex   2.500000e+01 1.800000e+01 4.080000e+01
      vertex   2.370000e+01 1.800000e+01 6.000000e+00
    endloop
  endfacet
  facet normal -0.000000e+00 -1.000000e+00 0.000000e+00
    outer loop
      vertex   2.370000e+01 1.800000e+01 6.000000e+00
      vertex   2.500000e+01 1.800000e+01 4.080000e+01
      vertex   1.900000e+01 1.800000e+01 3.633250e+00
    endloop
  endfacet
  facet normal 0.000000e+00 -1.000000e+00 -0.000000e+00
    outer loop
      vertex   2.370000e+01 1.800000e+01 6.000000e+00
      vertex   1.900000e+01 1.800000e+01 3.633250e+00
      vertex   2.370000e+01 1.800000e+01 3.633250e+00
    endloop
  endfacet
  facet normal -1.000000e+00 1.110223e-15 -2.547824e-15
    outer loop
      vertex   -8.000000e-01 1.600000e+01 -3.000000e+00
      vertex   -8.000000e-01 1.630258e+01 -2.519549e+00
      vertex   -8.000000e-01 1.620000e+01 -3.000000e+00
    endloop
  endfacet
  facet normal -1.000000e+00 -1.082341e-14 -0.000000e+00
    outer loop
      vertex   -8.000000e-01 1.620000e+01 -3.000000e+00
      vertex   -8.000000e-01 1.630258e+01 -2.519549e+00
      vertex   -8.000000e-01 1.620000e+01 -4.000000e+00
    endloop
  endfacet
  facet normal -1.000000e+00 1.511131e-15 -8.546238e-16
    outer loop
      vertex   -8.000000e-01 1.620000e+01 -4.000000e+00
      vertex   -8.000000e-01 1.630258e+01 -2.519549e+00
      vertex   -8.000000e-01 1.658209e+01 -2.025323e+00
    endloop
  endfacet
  facet normal -1.000000e+00 1.806727e-15 -9.118196e-16
    outer loop
      vertex   -8.000000e-01 1.620000e+01 -4.000000e+00
      vertex   -8.000000e-01 1.658209e+01 -2.025323e+00
      vertex   -8.000000e-01 1.683791e+01 -1.518428e+00
    endloop
  endfacet
  facet normal -1.000000e+00 -4.270089e-16 -3.376212e-16
    outer loop
      vertex   -8.000000e-01 1.620000e+01 -4.000000e+00
      vertex   -8.000000e-01 1.683791e+01 -1.518428e+00
      vertex   -8.000000e-01 1.880000e+01 -4.000000e+00
    endloop
  endfacet
  facet normal -1.000000e+00 3.461555e-15 2.736933e-15
    outer loop
      vertex   -8.000000e-01 1.880000e+01 -4.000000e+00
      vertex   -8.000000e-01 1.683791e+01 -1.518428e+00
      vertex   -8.000000e-01 1.706946e+01 -1.000000e+00
    endloop
  endfacet
  facet normal -1.000000e+00 -1.283096e-15 0.000000e+00
    outer loop
      vertex   -8.000000e-01 1.880000e+01 -4.000000e+00
      vertex   -8.000000e-01 1.706946e+01 -1.000000e+00
      vertex   -8.000000e-01 1.880000e+01 5.380000e+01
    endloop
  endfacet
  facet normal -1.000000e+00 1.435374e-16 -4.505188e-17
    outer loop
      vertex   -8.000000e-01 1.880000e+01 5.380000e+01
      vertex   -8.000000e-01 1.706946e+01 -1.000000e+00
      vertex   -8.000000e-01 1.600000e+00 -1.000000e+00
    endloop
  endfacet
  facet normal -1.000000e+00 -0.000000e+00 0.000000e+00
    outer loop
      vertex   -8.000000e-01 1.880000e+01 5.380000e+01
      vertex   -8.000000e-01 1.600000e+00 -1.000000e+00
      vertex   -8.000000e-01 -8.000000e-01 5.380000e+01
    endloop
  endfacet
  facet normal -1.000000e+00 0.000000e+00 0.000000e+00
    outer loop
      vertex   -8.000000e-01 -8.000000e-01 5.380000e+01
      vertex   -8.000000e-01 1.600000e+00 -1.000000e+00
      vertex   -8.000000e-01 6.585787e-01 -1.941421e+00
    endloop
  endfacet
  facet normal -1.000000e+00 0.000000e+00 0.000000e+00
    outer loop
      vertex   -8.000000e-01 -8.000000e-01 5.380000e+01
      vertex   -8.000000e-01 6.585787e-01 -1.941421e+00
      vertex   -8.000000e-01 -8.000000e-01 -4.000000e+00
    endloop
  endfacet
  facet normal -1.000000e+00 3.965082e-16 -2.809407e-16
    outer loop
      vertex   -8.000000e-01 -8.000000e-01 -4.000000e+00
      vertex   -8.000000e-01 6.585787e-01 -1.941421e+00
      vertex   -8.000000e-01 2.000000e+00 -4.000000e+00
    endloop
  endfacet
  facet normal -1.000000e+00 8.276468e-16 1.281271e-30
    outer loop
      vertex   -8.000000e-01 2.000000e+00 -4.000000e+00
      vertex   -8.000000e-01 6.585787e-01 -1.941421e+00
      vertex   -8.000000e-01 2.000000e+00 -3.282843e+00
    endloop
  endfacet
  facet normal -9.396926e-01 -3.420201e-01 1.106465e-14
    outer loop
      vertex   3.183535e+01 5.691319e+00 3.979688e+01
      vertex   2.807910e+01 1.601152e+01 3.959857e+01
      vertex   3.184025e+01 5.677845e+00 3.940000e+01
    endloop
  endfacet
  facet normal -9.396926e-01 -3.420201e-01 0.000000e+00
    outer loop
      vertex   3.184025e+01 5.677845e+00 3.940000e+01
      vertex   2.807910e+01 1.601152e+01 3.959857e+01
      vertex   2.807910e+01 1.601152e+01 3.920143e+01
    endloop
  endfacet
  facet normal -9.396926e-01 -3.420201e-01 -1.106465e-14
    outer loop
      vertex   3.184025e+01 5.677845e+00 3.940000e+01
      vertex   2.807910e+01 1.601152e+01 3.920143e+01
      vertex   3.183535e+01 5.691319e+00 3.900312e+01
    endloop
  endfacet
  facet normal -9.396926e-01 -3.420201e-01 -1.635468e-15
    outer loop
      vertex   3.183535e+01 5.691319e+00 3.900312e+01
      vertex   2.807910e+01 1.601152e+01 3.920143e+01
      vertex   2.808890e+01 1.598460e+01 3.880532e+01
    endloop
  endfacet
  facet normal -9.396926e-01 -3.420201e-01 -3.022319e-16
    outer loop
      vertex   3.183535e+01 5.691319e+00 3.900312e+01
      vertex   2.808890e+01 1.598460e+01 3.880532e+01
      vertex   3.182066e+01 5.731668e+00 3.860830e+01
    endloop
  endfacet
  facet normal -9.396926e-01 -3.420201e-01 -4.984146e-15
    outer loop
      vertex   3.182066e+01 5.731668e+00 3.860830e+01
      vertex   2.808890e+01 1.598460e+01 3.880532e+01
      vertex   2.810845e+01 1.593088e+01 3.841231e+01
    endloop
  endfacet
  facet normal -9.396926e-01 -3.420201e-01 1.641776e-16
    outer loop
      vertex   3.182066e+01 5.731668e+00 3.860830e+01
      vertex   2.810845e+01 1.593088e+01 3.841231e+01
      vertex   3.179627e+01 5.798683e+00 3.821761e+01
    endloop
  endfacet
  facet normal -9.396926e-01 -3.420201e-01 8.529022e-15
    outer loop
      vertex   3.179627e+01 5.798683e+00 3.821761e+01
      vertex   2.810845e+01 1.593088e+01 3.841231e+01
      vertex   2.813765e+01 1.585065e+01 3.802446e+01
    endloop
  endfacet
  facet normal -9.396926e-01 -3.420201e-01 -7.620073e-15
    outer loop
      vertex   3.179627e+01 5.798683e+00 3.821761e+01
      vertex   2.813765e+01 1.585065e+01 3.802446e+01
      vertex   3.176230e+01 5.892014e+00 3.783309e+01
    endloop
  endfacet
  facet normal -9.396926e-01 -3.420201e-01 7.082805e-15
    outer loop
      vertex   3.176230e+01 5.892014e+00 3.783309e+01
      vertex   2.813765e+01 1.585065e+01 3.802446e+01
      vertex   2.817635e+01 1.574434e+01 3.764377e+01
    endloop
  endfacet
  facet normal -9.396926e-01 -3.420201e-01 1.320575e-14
    outer loop
      vertex   3.176230e+01 5.892014e+00 3.783309e+01
      vertex   2.817635e+01 1.574434e+01 3.764377e+01
      vertex   3.171893e+01 6.011175e+00 3.745674e+01
    endloop
  endfacet
  facet normal -9.396926e-01 -3.420201e-01 0.000000e+00
    outer loop
      vertex   3.171893e+01 6.011175e+00 3.745674e+01
      vertex   2.817635e+01 1.574434e+01 3.764377e+01
      vertex   2.822434e+01 1.561249e+01 3.727224e+01
    endloop
  endfacet
  facet normal -9.396926e-01 -3.420201e-01 -6.158712e-15
    outer loop
      vertex   3.171893e+01 6.011175e+00 3.745674e+01
      vertex   2.822434e+01 1.561249e+01 3.727224e+01
      vertex   3.166638e+01 6.155544e+00 3.709051e+01
    endloop
  endfacet
  facet normal -9.396926e-01 -3.420201e-01 -1.185196e-14
    outer loop
      vertex   3.166638e+01 6.155544e+00 3.709051e+01
      vertex   2.822434e+01 1.561249e+01 3.727224e+01
      vertex   2.828137e+01 1.545579e+01 3.691180e+01
    endloop
  endfacet
  facet normal -9.396926e-01 -3.420201e-01 -6.329023e-15
    outer loop
      vertex   3.166638e+01 6.155544e+00 3.709051e+01
      vertex   2.828137e+01 1.545579e+01 3.691180e+01
      vertex   3.160494e+01 6.324369e+00 3.673633e+01
    endloop
  endfacet
  facet normal -9.396926e-01 -3.420201e-01 -2.125638e-15
    outer loop
      vertex   3.160494e+01 6.324369e+00 3.673633e+01
      vertex   2.828137e+01 1.545579e+01 3.691180e+01
      vertex   2.834715e+01 1.527506e+01 3.656434e+01
    endloop
  endfacet
  facet normal -9.396926e-01 -3.420201e-01 9.453468e-15
    outer loop
      vertex   3.160494e+01 6.324369e+00 3.673633e+01
      vertex   2.834715e+01 1.527506e+01 3.656434e+01
      vertex   3.153491e+01 6.516770e+00 3.639604e+01
    endloop
  endfacet
  facet normal -9.396926e-01 -3.420201e-01 9.275384e-15
    outer loop
      vertex   3.153491e+01 6.516770e+00 3.639604e+01
      vertex   2.834715e+01 1.527506e+01 3.656434e+01
      vertex   2.842134e+01 1.507124e+01 3.623165e+01
    endloop
  endfacet
  facet normal -9.396926e-01 -3.420201e-01 -1.141544e-16
    outer loop
      vertex   3.153491e+01 6.516770e+00 3.639604e+01
      vertex   2.842134e+01 1.507124e+01 3.623165e+01
      vertex   3.145666e+01 6.731743e+00 3.607140e+01
    endloop
  endfacet
  facet normal -9.396926e-01 -3.420201e-01 2.567605e-15
    outer loop
      vertex   3.145666e+01 6.731743e+00 3.607140e+01
      vertex   2.842134e+01 1.507124e+01 3.623165e+01
      vertex   2.850354e+01 1.484539e+01 3.591549e+01
    endloop
  endfacet
  facet normal -9.396926e-01 -3.420201e-01 -4.502158e-15
    outer loop
      vertex   3.145666e+01 6.731743e+00 3.607140e+01
      vertex   2.850354e+01 1.484539e+01 3.591549e+01
      vertex   3.137061e+01 6.968168e+00 3.576412e+01
    endloop
  endfacet
  facet normal -9.396926e-01 -3.420201e-01 -2.890390e-15
    outer loop
      vertex   3.137061e+01 6.968168e+00 3.576412e+01
      vertex   2.850354e+01 1.484539e+01 3.591549e+01
      vertex   2.859333e+01 1.459870e+01 3.561750e+01
    endloop
  endfacet
  facet normal -9.396926e-01 -3.420201e-01 -6.850806e-15
    outer loop
      vertex   3.137061e+01 6.968168e+00 3.576412e+01
      vertex   2.859333e+01 1.459870e+01 3.561750e+01
      vertex   3.127720e+01 7.224813e+00 3.547580e+01
    endloop
  endfacet
  facet normal -9.396926e-01 -3.420201e-01 -1.160196e-14
    outer loop
      vertex   3.127720e+01 7.224813e+00 3.547580e+01
      vertex   2.859333e+01 1.459870e+01 3.561750e+01
      vertex   2.869024e+01 1.433244e+01 3.533922e+01
    endloop
  endfacet
  facet normal -9.396926e-01 -3.420201e-01 8.049853e-15
    outer loop
      vertex   3.127720e+01 7.224813e+00 3.547580e+01
      vertex   2.869024e+01 1.433244e+01 3.533922e+01
      vertex   3.117692e+01 7.500338e+00 3.520793e+01
    endloop
  endfacet
  facet normal -9.396926e-01 -3.420201e-01 9.709199e-15
    outer loop
      vertex   3.117692e+01 7.500338e+00 3.520793e+01
      vertex   2.869024e+01 1.433244e+01 3.533922e+01
      vertex   2.879376e+01 1.404800e+01 3.508211e+01
    endloop
  endfacet
  facet normal -9.396926e-01 -3.420201e-01 -5.833028e-15
    outer loop
      vertex   3.117692e+01 7.500338e+00 3.520793e+01
      vertex   2.879376e+01 1.404800e+01 3.508211e+01
      vertex   3.107029e+01 7.793308e+00 3.496192e+01
    endloop
  endfacet
  facet normal -9.396926e-01 -3.420201e-01 -1.166381e-15
    outer loop
      vertex   3.107029e+01 7.793308e+00 3.496192e+01
      vertex   2.879376e+01 1.404800e+01 3.508211e+01
      vertex   2.890336e+01 1.374688e+01 3.484752e+01
    endloop
  endfacet
  facet normal -9.396926e-01 -3.420201e-01 1.510527e-14
    outer loop
      vertex   3.107029e+01 7.793308e+00 3.496192e+01
      vertex   2.890336e+01 1.374688e+01 3.484752e+01
      vertex   3.095786e+01 8.102195e+00 3.473905e+01
    endloop
  endfacet
  facet normal -9.396926e-01 -3.420201e-01 -8.664348e-15
    outer loop
      vertex   3.095786e+01 8.102195e+00 3.473905e+01
      vertex   2.890336e+01 1.374688e+01 3.484752e+01
      vertex   2.901847e+01 1.343063e+01 3.463666e+01
    endloop
  endfacet
  facet normal -9.396926e-01 -3.420201e-01 -1.465688e-14
    outer loop
      vertex   3.095786e+01 8.102195e+00 3.473905e+01
      vertex   2.901847e+01 1.343063e+01 3.463666e+01
      vertex   3.084023e+01 8.425389e+00 3.454048e+01
    endloop
  endfacet
  facet normal -9.396926e-01 -3.420201e-01 9.279803e-15
    outer loop
      vertex   3.084023e+01 8.425389e+00 3.454048e+01
      vertex   2.901847e+01 1.343063e+01 3.463666e+01
      vertex   2.913848e+01 1.310091e+01 3.445064e+01
    endloop
  endfacet
  facet normal -9.396926e-01 -3.420201e-01 -2.675738e-15
    outer loop
      vertex   3.084023e+01 8.425389e+00 3.454048e+01
      vertex   2.913848e+01 1.310091e+01 3.445064e+01
      vertex   3.071800e+01 8.761205e+00 3.436725e+01
    endloop
  endfacet
  facet normal -9.396926e-01 -3.420201e-01 -1.251600e-14
    outer loop
      vertex   3.071800e+01 8.761205e+00 3.436725e+01
      vertex   2.913848e+01 1.310091e+01 3.445064e+01
      vertex   2.926276e+01 1.275944e+01 3.429042e+01
    endloop
  endfacet
  facet normal -9.396926e-01 -3.420201e-01 7.065500e-15
    outer loop
      vertex   3.071800e+01 8.761205e+00 3.436725e+01
      vertex   2.926276e+01 1.275944e+01 3.429042e+01
      vertex   3.059182e+01 9.107892e+00 3.422025e+01
    endloop
  endfacet
  facet normal -9.396926e-01 -3.420201e-01 9.010742e-15
    outer loop
      vertex   3.059182e+01 9.107892e+00 3.422025e+01
      vertex   2.926276e+01 1.275944e+01 3.429042e+01
      vertex   2.939068e+01 1.240799e+01 3.415683e+01
    endloop
  endfacet
  facet normal -9.396926e-01 -3.420201e-01 -2.514380e-15
    outer loop
      vertex   3.059182e+01 9.107892e+00 3.422025e+01
      vertex   2.939068e+01 1.240799e+01 3.415683e+01
      vertex   3.046233e+01 9.463643e+00 3.410025e+01
    endloop
  endfacet
  facet normal -9.396926e-01 -3.420201e-01 -7.133872e-15
    outer loop
      vertex   3.046233e+01 9.463643e+00 3.410025e+01
      vertex   2.939068e+01 1.240799e+01 3.415683e+01
      vertex   2.952156e+01 1.204840e+01 3.405059e+01
    endloop
  endfacet
  facet normal -9.396926e-01 -3.420201e-01 -2.316199e-14
    outer loop
      vertex   3.046233e+01 9.463643e+00 3.410025e+01
      vertex   2.952156e+01 1.204840e+01 3.405059e+01
      vertex   3.033023e+01 9.826603e+00 3.400789e+01
    endloop
  endfacet
  facet normal -9.396926e-01 -3.420201e-01 2.238279e-14
    outer loop
      vertex   3.033023e+01 9.826603e+00 3.400789e+01
      vertex   2.952156e+01 1.204840e+01 3.405059e+01
      vertex   2.965472e+01 1.168254e+01 3.397223e+01
    endloop
  endfacet
  facet normal -9.396926e-01 -3.420201e-01 8.086685e-14
    outer loop
      vertex   3.033023e+01 9.826603e+00 3.400789e+01
      vertex   2.965472e+01 1.168254e+01 3.397223e+01
      vertex   3.019619e+01 1.019488e+01 3.394364e+01
    endloop
  endfacet
  facet normal -9.396926e-01 -3.420201e-01 3.919063e-14
    outer loop
      vertex   3.019619e+01 1.019488e+01 3.394364e+01
      vertex   2.965472e+01 1.168254e+01 3.397223e+01
      vertex   2.978947e+01 1.131233e+01 3.392217e+01
    endloop
  endfacet
  facet normal -9.396926e-01 -3.420201e-01 -8.387734e-14
    outer loop
      vertex   3.019619e+01 1.019488e+01 3.394364e+01
      vertex   2.978947e+01 1.131233e+01 3.392217e+01
      vertex   3.006091e+01 1.056655e+01 3.390784e+01
    endloop
  endfacet
  facet normal -9.396926e-01 -3.420201e-01 9.755135e-15
    outer loop
      vertex   3.006091e+01 1.056655e+01 3.390784e+01
      vertex   2.978947e+01 1.131233e+01 3.392217e+01
      vertex   2.992510e+01 1.093968e+01 3.390067e+01
    endloop
  endfacet
  facet normal -9.396926e-01 -3.420201e-01 1.383120e-15
    outer loop
      vertex   2.807910e+01 1.601152e+01 3.959857e+01
      vertex   3.183535e+01 5.691319e+00 3.979688e+01
      vertex   2.808890e+01 1.598460e+01 3.999468e+01
    endloop
  endfacet
  facet normal -9.396926e-01 -3.420201e-01 1.646199e-15
    outer loop
      vertex   2.808890e+01 1.598460e+01 3.999468e+01
      vertex   3.183535e+01 5.691319e+00 3.979688e+01
      vertex   3.182066e+01 5.731668e+00 4.019170e+01
    endloop
  endfacet
  facet normal -9.396926e-01 -3.420201e-01 5.152880e-15
    outer loop
      vertex   2.808890e+01 1.598460e+01 3.999468e+01
      vertex   3.182066e+01 5.731668e+00 4.019170e+01
      vertex   2.810845e+01 1.593088e+01 4.038769e+01
    endloop
  endfacet
  facet normal -9.396926e-01 -3.420201e-01 -1.681179e-15
    outer loop
      vertex   2.810845e+01 1.593088e+01 4.038769e+01
      vertex   3.182066e+01 5.731668e+00 4.019170e+01
      vertex   3.179627e+01 5.798683e+00 4.058239e+01
    endloop
  endfacet
  facet normal -9.396926e-01 -3.420201e-01 -7.862692e-15
    outer loop
      vertex   2.810845e+01 1.593088e+01 4.038769e+01
      vertex   3.179627e+01 5.798683e+00 4.058239e+01
      vertex   2.813765e+01 1.585065e+01 4.077554e+01
    endloop
  endfacet
  facet normal -9.396926e-01 -3.420201e-01 -6.833660e-15
    outer loop
      vertex   2.813765e+01 1.585065e+01 4.077554e+01
      vertex   3.179627e+01 5.798683e+00 4.058239e+01
      vertex   2.817635e+01 1.574434e+01 4.115623e+01
    endloop
  endfacet
  facet normal -9.396926e-01 -3.420201e-01 -1.411028e-15
    outer loop
      vertex   2.817635e+01 1.574434e+01 4.115623e+01
      vertex   3.179627e+01 5.798683e+00 4.058239e+01
      vertex   2.822434e+01 1.561249e+01 4.152776e+01
    endloop
  endfacet
  facet normal -9.396926e-01 -3.420201e-01 1.115341e-14
    outer loop
      vertex   2.822434e+01 1.561249e+01 4.152776e+01
      vertex   3.179627e+01 5.798683e+00 4.058239e+01
      vertex   2.828137e+01 1.545579e+01 4.188820e+01
    endloop
  endfacet
  facet normal -9.396926e-01 -3.420201e-01 3.863412e-15
    outer loop
      vertex   2.828137e+01 1.545579e+01 4.188820e+01
      vertex   3.179627e+01 5.798683e+00 4.058239e+01
      vertex   2.834715e+01 1.527506e+01 4.223566e+01
    endloop
  endfacet
  facet normal -9.396926e-01 -3.420201e-01 -9.267965e-15
    outer loop
      vertex   2.834715e+01 1.527506e+01 4.223566e+01
      vertex   3.179627e+01 5.798683e+00 4.058239e+01
      vertex   2.842134e+01 1.507124e+01 4.256835e+01
    endloop
  endfacet
  facet normal -9.396926e-01 -3.420201e-01 -2.067920e-15
    outer loop
      vertex   2.842134e+01 1.507124e+01 4.256835e+01
      vertex   3.179627e+01 5.798683e+00 4.058239e+01
      vertex   2.850354e+01 1.484539e+01 4.288451e+01
    endloop
  endfacet
  facet normal -9.396926e-01 -3.420201e-01 2.493252e-15
    outer loop
      vertex   2.850354e+01 1.484539e+01 4.288451e+01
      vertex   3.179627e+01 5.798683e+00 4.058239e+01
      vertex   2.859333e+01 1.459870e+01 4.318250e+01
    endloop
  endfacet
  facet normal -9.396926e-01 -3.420201e-01 9.299668e-15
    outer loop
      vertex   2.859333e+01 1.459870e+01 4.318250e+01
      vertex   3.179627e+01 5.798683e+00 4.058239e+01
      vertex   2.869024e+01 1.433244e+01 4.346078e+01
    endloop
  endfacet
  facet normal -9.396926e-01 -3.420201e-01 -6.925617e-15
    outer loop
      vertex   2.869024e+01 1.433244e+01 4.346078e+01
      vertex   3.179627e+01 5.798683e+00 4.058239e+01
      vertex   2.879376e+01 1.404800e+01 4.371789e+01
    endloop
  endfacet
  facet normal -9.396926e-01 -3.420201e-01 1.231887e-15
    outer loop
      vertex   2.879376e+01 1.404800e+01 4.371789e+01
      vertex   3.179627e+01 5.798683e+00 4.058239e+01
      vertex   2.890336e+01 1.374688e+01 4.395248e+01
    endloop
  endfacet
  facet normal -9.396926e-01 -3.420201e-01 -2.853860e-15
    outer loop
      vertex   2.890336e+01 1.374688e+01 4.395248e+01
      vertex   3.179627e+01 5.798683e+00 4.058239e+01
      vertex   2.901847e+01 1.343063e+01 4.416334e+01
    endloop
  endfacet
  facet normal -9.396926e-01 -3.420201e-01 9.026737e-15
    outer loop
      vertex   2.901847e+01 1.343063e+01 4.416334e+01
      vertex   3.179627e+01 5.798683e+00 4.058239e+01
      vertex   2.913848e+01 1.310091e+01 4.434936e+01
    endloop
  endfacet
  facet normal -9.396926e-01 -3.420201e-01 3.397855e-16
    outer loop
      vertex   2.913848e+01 1.310091e+01 4.434936e+01
      vertex   3.179627e+01 5.798683e+00 4.058239e+01
      vertex   2.926276e+01 1.275944e+01 4.450958e+01
    endloop
  endfacet
  facet normal -9.396926e-01 -3.420201e-01 -3.432338e-15
    outer loop
      vertex   2.926276e+01 1.275944e+01 4.450958e+01
      vertex   3.179627e+01 5.798683e+00 4.058239e+01
      vertex   2.939068e+01 1.240799e+01 4.464317e+01
    endloop
  endfacet
  facet normal -9.396926e-01 -3.420201e-01 6.175374e-15
    outer loop
      vertex   2.939068e+01 1.240799e+01 4.464317e+01
      vertex   3.179627e+01 5.798683e+00 4.058239e+01
      vertex   2.952156e+01 1.204840e+01 4.474941e+01
    endloop
  endfacet
  facet normal -9.396926e-01 -3.420201e-01 -7.303020e-15
    outer loop
      vertex   2.952156e+01 1.204840e+01 4.474941e+01
      vertex   3.179627e+01 5.798683e+00 4.058239e+01
      vertex   2.965472e+01 1.168254e+01 4.482777e+01
    endloop
  endfacet
  facet normal -9.396926e-01 -3.420201e-01 -7.211327e-15
    outer loop
      vertex   2.965472e+01 1.168254e+01 4.482777e+01
      vertex   3.179627e+01 5.798683e+00 4.058239e+01
      vertex   2.978947e+01 1.131233e+01 4.487783e+01
    endloop
  endfacet
  facet normal -9.396926e-01 -3.420201e-01 4.733235e-15
    outer loop
      vertex   2.978947e+01 1.131233e+01 4.487783e+01
      vertex   3.179627e+01 5.798683e+00 4.058239e+01
      vertex   2.992510e+01 1.093968e+01 4.489933e+01
    endloop
  endfacet
  facet normal -9.396926e-01 -3.420201e-01 1.988532e-16
    outer loop
      vertex   2.992510e+01 1.093968e+01 4.489933e+01
      vertex   3.179627e+01 5.798683e+00 4.058239e+01
      vertex   3.006091e+01 1.056655e+01 4.489216e+01
    endloop
  endfacet
  facet normal -9.396926e-01 -3.420201e-01 -6.269296e-15
    outer loop
      vertex   3.006091e+01 1.056655e+01 4.489216e+01
      vertex   3.179627e+01 5.798683e+00 4.058239e+01
      vertex   3.019619e+01 1.019488e+01 4.485636e+01
    endloop
  endfacet
  facet normal -9.396926e-01 -3.420201e-01 5.573603e-15
    outer loop
      vertex   3.019619e+01 1.019488e+01 4.485636e+01
      vertex   3.179627e+01 5.798683e+00 4.058239e+01
      vertex   3.033023e+01 9.826603e+00 4.479211e+01
    endloop
  endfacet
  facet normal -9.396926e-01 -3.420201e-01 8.574094e-15
    outer loop
      vertex   3.033023e+01 9.826603e+00 4.479211e+01
      vertex   3.179627e+01 5.798683e+00 4.058239e+01
      vertex   3.046233e+01 9.463643e+00 4.469975e+01
    endloop
  endfacet
  facet normal -9.396926e-01 -3.420201e-01 -4.732952e-15
    outer loop
      vertex   3.046233e+01 9.463643e+00 4.469975e+01
      vertex   3.179627e+01 5.798683e+00 4.058239e+01
      vertex   3.059182e+01 9.107892e+00 4.457975e+01
    endloop
  endfacet
  facet normal -9.396926e-01 -3.420201e-01 6.031872e-15
    outer loop
      vertex   3.059182e+01 9.107892e+00 4.457975e+01
      vertex   3.179627e+01 5.798683e+00 4.058239e+01
      vertex   3.071800e+01 8.761205e+00 4.443275e+01
    endloop
  endfacet
  facet normal -9.396926e-01 -3.420201e-01 -3.344672e-16
    outer loop
      vertex   3.071800e+01 8.761205e+00 4.443275e+01
      vertex   3.179627e+01 5.798683e+00 4.058239e+01
      vertex   3.084023e+01 8.425389e+00 4.425952e+01
    endloop
  endfacet
  facet normal -9.396926e-01 -3.420201e-01 -1.345470e-14
    outer loop
      vertex   3.084023e+01 8.425389e+00 4.425952e+01
      vertex   3.179627e+01 5.798683e+00 4.058239e+01
      vertex   3.095786e+01 8.102195e+00 4.406095e+01
    endloop
  endfacet
  facet normal -9.396926e-01 -3.420201e-01 1.282946e-14
    outer loop
      vertex   3.095786e+01 8.102195e+00 4.406095e+01
      vertex   3.179627e+01 5.798683e+00 4.058239e+01
      vertex   3.107029e+01 7.793308e+00 4.383808e+01
    endloop
  endfacet
  facet normal -9.396926e-01 -3.420201e-01 -2.309003e-15
    outer loop
      vertex   3.107029e+01 7.793308e+00 4.383808e+01
      vertex   3.179627e+01 5.798683e+00 4.058239e+01
      vertex   3.117692e+01 7.500338e+00 4.359207e+01
    endloop
  endfacet
  facet normal -9.396926e-01 -3.420201e-01 7.543139e-15
    outer loop
      vertex   3.117692e+01 7.500338e+00 4.359207e+01
      vertex   3.179627e+01 5.798683e+00 4.058239e+01
      vertex   3.127720e+01 7.224813e+00 4.332420e+01
    endloop
  endfacet
  facet normal -9.396926e-01 -3.420201e-01 -7.133872e-15
    outer loop
      vertex   3.127720e+01 7.224813e+00 4.332420e+01
      vertex   3.179627e+01 5.798683e+00 4.058239e+01
      vertex   3.137061e+01 6.968168e+00 4.303588e+01
    endloop
  endfacet
  facet normal -9.396926e-01 -3.420201e-01 -3.308856e-15
    outer loop
      vertex   3.137061e+01 6.968168e+00 4.303588e+01
      vertex   3.179627e+01 5.798683e+00 4.058239e+01
      vertex   3.145666e+01 6.731743e+00 4.272860e+01
    endloop
  endfacet
  facet normal -9.396926e-01 -3.420201e-01 -2.304111e-15
    outer loop
      vertex   3.145666e+01 6.731743e+00 4.272860e+01
      vertex   3.179627e+01 5.798683e+00 4.058239e+01
      vertex   3.153491e+01 6.516770e+00 4.240396e+01
    endloop
  endfacet
  facet normal -9.396926e-01 -3.420201e-01 1.855759e-14
    outer loop
      vertex   3.153491e+01 6.516770e+00 4.240396e+01
      vertex   3.179627e+01 5.798683e+00 4.058239e+01
      vertex   3.160494e+01 6.324369e+00 4.206367e+01
    endloop
  endfacet
  facet normal -9.396926e-01 -3.420201e-01 -1.214501e-14
    outer loop
      vertex   3.160494e+01 6.324369e+00 4.206367e+01
      vertex   3.179627e+01 5.798683e+00 4.058239e+01
      vertex   3.166638e+01 6.155544e+00 4.170949e+01
    endloop
  endfacet
  facet normal -9.396926e-01 -3.420201e-01 -1.730479e-14
    outer loop
      vertex   3.166638e+01 6.155544e+00 4.170949e+01
      vertex   3.179627e+01 5.798683e+00 4.058239e+01
      vertex   3.171893e+01 6.011175e+00 4.134326e+01
    endloop
  endfacet
  facet normal -9.396926e-01 -3.420201e-01 7.087715e-14
    outer loop
      vertex   3.171893e+01 6.011175e+00 4.134326e+01
      vertex   3.179627e+01 5.798683e+00 4.058239e+01
      vertex   3.176230e+01 5.892014e+00 4.096691e+01
    endloop
  endfacet
  facet normal -9.396926e-01 -3.420201e-01 6.392736e-15
    outer loop
      vertex   3.183527e+01 5.691533e+00 1.479687e+01
      vertex   2.807918e+01 1.601131e+01 1.459856e+01
      vertex   3.184017e+01 5.678060e+00 1.440000e+01
    endloop
  endfacet
  facet normal -9.396926e-01 -3.420201e-01 0.000000e+00
    outer loop
      vertex   3.184017e+01 5.678060e+00 1.440000e+01
      vertex   2.807918e+01 1.601131e+01 1.459856e+01
      vertex   2.807918e+01 1.601131e+01 1.420144e+01
    endloop
  endfacet
  facet normal -9.396926e-01 -3.420201e-01 -6.392736e-15
    outer loop
      vertex   3.184017e+01 5.678060e+00 1.440000e+01
      vertex   2.807918e+01 1.601131e+01 1.420144e+01
      vertex   3.183527e+01 5.691533e+00 1.400313e+01
    endloop
  endfacet
  facet normal -9.396926e-01 -3.420201e-01 1.635604e-15
    outer loop
      vertex   3.183527e+01 5.691533e+00 1.400313e+01
      vertex   2.807918e+01 1.601131e+01 1.420144e+01
      vertex   2.808898e+01 1.598438e+01 1.380535e+01
    endloop
  endfacet
  facet normal -9.396926e-01 -3.420201e-01 4.771803e-15
    outer loop
      vertex   3.183527e+01 5.691533e+00 1.400313e+01
      vertex   2.808898e+01 1.598438e+01 1.380535e+01
      vertex   3.182058e+01 5.731880e+00 1.360833e+01
    endloop
  endfacet
  facet normal -9.396926e-01 -3.420201e-01 -1.661520e-15
    outer loop
      vertex   3.182058e+01 5.731880e+00 1.360833e+01
      vertex   2.808898e+01 1.598438e+01 1.380535e+01
      vertex   2.810853e+01 1.593067e+01 1.341235e+01
    endloop
  endfacet
  facet normal -9.396926e-01 -3.420201e-01 -6.396891e-15
    outer loop
      vertex   3.182058e+01 5.731880e+00 1.360833e+01
      vertex   2.810853e+01 1.593067e+01 1.341235e+01
      vertex   3.179619e+01 5.798893e+00 1.321766e+01
    endloop
  endfacet
  facet normal -9.396926e-01 -3.420201e-01 -5.117838e-15
    outer loop
      vertex   3.179619e+01 5.798893e+00 1.321766e+01
      vertex   2.810853e+01 1.593067e+01 1.341235e+01
      vertex   2.813773e+01 1.585045e+01 1.302451e+01
    endloop
  endfacet
  facet normal -9.396926e-01 -3.420201e-01 1.518717e-15
    outer loop
      vertex   3.179619e+01 5.798893e+00 1.321766e+01
      vertex   2.813773e+01 1.585045e+01 1.302451e+01
      vertex   3.176223e+01 5.892220e+00 1.283316e+01
    endloop
  endfacet
  facet normal -9.396926e-01 -3.420201e-01 7.083394e-15
    outer loop
      vertex   3.176223e+01 5.892220e+00 1.283316e+01
      vertex   2.813773e+01 1.585045e+01 1.302451e+01
      vertex   2.817642e+01 1.574413e+01 1.264384e+01
    endloop
  endfacet
  facet normal -9.396926e-01 -3.420201e-01 -1.288127e-15
    outer loop
      vertex   3.176223e+01 5.892220e+00 1.283316e+01
      vertex   2.817642e+01 1.574413e+01 1.264384e+01
      vertex   3.171886e+01 6.011376e+00 1.245682e+01
    endloop
  endfacet
  facet normal -9.396926e-01 -3.420201e-01 0.000000e+00
    outer loop
      vertex   3.171886e+01 6.011376e+00 1.245682e+01
      vertex   2.817642e+01 1.574413e+01 1.264384e+01
      vertex   2.822441e+01 1.561229e+01 1.227233e+01
    endloop
  endfacet
  facet normal -9.396926e-01 -3.420201e-01 8.610954e-15
    outer loop
      vertex   3.171886e+01 6.011376e+00 1.245682e+01
      vertex   2.822441e+01 1.561229e+01 1.227233e+01
      vertex   3.166631e+01 6.155739e+00 1.209061e+01
    endloop
  endfacet
  facet normal -9.396926e-01 -3.420201e-01 -7.901964e-15
    outer loop
      vertex   3.166631e+01 6.155739e+00 1.209061e+01
      vertex   2.822441e+01 1.561229e+01 1.227233e+01
      vertex   2.828144e+01 1.545560e+01 1.191190e+01
    endloop
  endfacet
  facet normal -9.396926e-01 -3.420201e-01 -5.658233e-15
    outer loop
      vertex   3.166631e+01 6.155739e+00 1.209061e+01
      vertex   2.828144e+01 1.545560e+01 1.191190e+01
      vertex   3.160487e+01 6.324557e+00 1.173644e+01
    endloop
  endfacet
  facet normal -9.396926e-01 -3.420201e-01 1.062908e-14
    outer loop
      vertex   3.160487e+01 6.324557e+00 1.173644e+01
      vertex   2.828144e+01 1.545560e+01 1.191190e+01
      vertex   2.834722e+01 1.527487e+01 1.156445e+01
    endloop
  endfacet
  facet normal -9.396926e-01 -3.420201e-01 6.718407e-15
    outer loop
      vertex   3.160487e+01 6.324557e+00 1.173644e+01
      vertex   2.834722e+01 1.527487e+01 1.156445e+01
      vertex   3.153484e+01 6.516950e+00 1.139616e+01
    endloop
  endfacet
  facet normal -9.396926e-01 -3.420201e-01 -2.319039e-15
    outer loop
      vertex   3.153484e+01 6.516950e+00 1.139616e+01
      vertex   2.834722e+01 1.527487e+01 1.156445e+01
      vertex   2.842140e+01 1.507106e+01 1.123179e+01
    endloop
  endfacet
  facet normal -9.396926e-01 -3.420201e-01 -1.137834e-14
    outer loop
      vertex   3.153484e+01 6.516950e+00 1.139616e+01
      vertex   2.842140e+01 1.507106e+01 1.123179e+01
      vertex   3.145660e+01 6.731914e+00 1.107154e+01
    endloop
  endfacet
  facet normal -9.396926e-01 -3.420201e-01 -1.027127e-14
    outer loop
      vertex   3.145660e+01 6.731914e+00 1.107154e+01
      vertex   2.842140e+01 1.507106e+01 1.123179e+01
      vertex   2.850360e+01 1.484522e+01 1.091564e+01
    endloop
  endfacet
  facet normal -9.396926e-01 -3.420201e-01 1.155367e-14
    outer loop
      vertex   3.145660e+01 6.731914e+00 1.107154e+01
      vertex   2.850360e+01 1.484522e+01 1.091564e+01
      vertex   3.137055e+01 6.968330e+00 1.076427e+01
    endloop
  endfacet
  facet normal -9.396926e-01 -3.420201e-01 1.878910e-14
    outer loop
      vertex   3.137055e+01 6.968330e+00 1.076427e+01
      vertex   2.850360e+01 1.484522e+01 1.091564e+01
      vertex   2.859338e+01 1.459854e+01 1.061765e+01
    endloop
  endfacet
  facet normal -9.396926e-01 -3.420201e-01 -6.706628e-15
    outer loop
      vertex   3.137055e+01 6.968330e+00 1.076427e+01
      vertex   2.859338e+01 1.459854e+01 1.061765e+01
      vertex   3.127715e+01 7.224963e+00 1.047596e+01
    endloop
  endfacet
  facet normal -9.396926e-01 -3.420201e-01 -1.160293e-14
    outer loop
      vertex   3.127715e+01 7.224963e+00 1.047596e+01
      vertex   2.859338e+01 1.459854e+01 1.061765e+01
      vertex   2.869029e+01 1.433229e+01 1.033939e+01
    endloop
  endfacet
  facet normal -9.396926e-01 -3.420201e-01 8.833212e-15
    outer loop
      vertex   3.127715e+01 7.224963e+00 1.047596e+01
      vertex   2.869029e+01 1.433229e+01 1.033939e+01
      vertex   3.117687e+01 7.500477e+00 1.020811e+01
    endloop
  endfacet
  facet normal -9.396926e-01 -3.420201e-01 9.710006e-15
    outer loop
      vertex   3.117687e+01 7.500477e+00 1.020811e+01
      vertex   2.869029e+01 1.433229e+01 1.033939e+01
      vertex   2.879381e+01 1.404787e+01 1.008229e+01
    endloop
  endfacet
  facet normal -9.396926e-01 -3.420201e-01 -1.703651e-14
    outer loop
      vertex   3.117687e+01 7.500477e+00 1.020811e+01
      vertex   2.879381e+01 1.404787e+01 1.008229e+01
      vertex   3.107024e+01 7.793435e+00 9.962109e+00
    endloop
  endfacet
  facet normal -9.396926e-01 -3.420201e-01 -1.049830e-14
    outer loop
      vertex   3.107024e+01 7.793435e+00 9.962109e+00
      vertex   2.879381e+01 1.404787e+01 1.008229e+01
      vertex   2.890341e+01 1.374676e+01 9.847711e+00
    endloop
  endfacet
  facet normal -9.396926e-01 -3.420201e-01 7.593656e-15
    outer loop
      vertex   3.107024e+01 7.793435e+00 9.962109e+00
      vertex   2.890341e+01 1.374676e+01 9.847711e+00
      vertex   3.095782e+01 8.102309e+00 9.739247e+00
    endloop
  endfacet
  facet normal -9.396926e-01 -3.420201e-01 -2.888356e-15
    outer loop
      vertex   3.095782e+01 8.102309e+00 9.739247e+00
      vertex   2.890341e+01 1.374676e+01 9.847711e+00
      vertex   2.901851e+01 1.343052e+01 9.636860e+00
    endloop
  endfacet
  facet normal -9.396926e-01 -3.420201e-01 8.346974e-15
    outer loop
      vertex   3.095782e+01 8.102309e+00 9.739247e+00
      vertex   2.901851e+01 1.343052e+01 9.636860e+00
      vertex   3.084019e+01 8.425490e+00 9.540684e+00
    endloop
  endfacet
  facet normal -9.396926e-01 -3.420201e-01 1.856115e-15
    outer loop
      vertex   3.084019e+01 8.425490e+00 9.540684e+00
      vertex   2.901851e+01 1.343052e+01 9.636860e+00
      vertex   2.913851e+01 1.310082e+01 9.450843e+00
    endloop
  endfacet
  facet normal -9.396926e-01 -3.420201e-01 5.887112e-15
    outer loop
      vertex   3.084019e+01 8.425490e+00 9.540684e+00
      vertex   2.913851e+01 1.310082e+01 9.450843e+00
      vertex   3.071797e+01 8.761292e+00 9.367455e+00
    endloop
  endfacet
  facet normal -9.396926e-01 -3.420201e-01 -8.761930e-15
    outer loop
      vertex   3.071797e+01 8.761292e+00 9.367455e+00
      vertex   2.913851e+01 1.310082e+01 9.450843e+00
      vertex   2.926279e+01 1.275936e+01 9.290628e+00
    endloop
  endfacet
  facet normal -9.396926e-01 -3.420201e-01 -1.487597e-15
    outer loop
      vertex   3.071797e+01 8.761292e+00 9.367455e+00
      vertex   2.926279e+01 1.275936e+01 9.290628e+00
      vertex   3.059179e+01 9.107965e+00 9.220463e+00
    endloop
  endfacet
  facet normal -9.396926e-01 -3.420201e-01 2.883677e-14
    outer loop
      vertex   3.059179e+01 9.107965e+00 9.220463e+00
      vertex   2.926279e+01 1.275936e+01 9.290628e+00
      vertex   2.939070e+01 1.240792e+01 9.157051e+00
    endloop
  endfacet
  facet normal -9.396926e-01 -3.420201e-01 -2.556498e-14
    outer loop
      vertex   3.059179e+01 9.107965e+00 9.220463e+00
      vertex   2.939070e+01 1.240792e+01 9.157051e+00
      vertex   3.046231e+01 9.463701e+00 9.100475e+00
    endloop
  endfacet
  facet normal -9.396926e-01 -3.420201e-01 -2.568408e-14
    outer loop
      vertex   3.046231e+01 9.463701e+00 9.100475e+00
      vertex   2.939070e+01 1.240792e+01 9.157051e+00
      vertex   2.952158e+01 1.204835e+01 9.050809e+00
    endloop
  endfacet
  facet normal -9.396926e-01 -3.420201e-01 2.954581e-14
    outer loop
      vertex   3.046231e+01 9.463701e+00 9.100475e+00
      vertex   2.952158e+01 1.204835e+01 9.050809e+00
      vertex   3.033021e+01 9.826645e+00 9.008116e+00
    endloop
  endfacet
  facet normal -9.396926e-01 -3.420201e-01 -6.583721e-15
    outer loop
      vertex   3.033021e+01 9.826645e+00 9.008116e+00
      vertex   2.952158e+01 1.204835e+01 9.050809e+00
      vertex   2.965473e+01 1.168251e+01 8.972454e+00
    endloop
  endfacet
  facet normal -9.396926e-01 -3.420201e-01 -4.744255e-14
    outer loop
      vertex   3.033021e+01 9.826645e+00 9.008116e+00
      vertex   2.965473e+01 1.168251e+01 8.972454e+00
      vertex   3.019618e+01 1.019491e+01 8.943868e+00
    endloop
  endfacet
  facet normal -9.396926e-01 -3.420201e-01 5.879083e-14
    outer loop
      vertex   3.019618e+01 1.019491e+01 8.943868e+00
      vertex   2.965473e+01 1.168251e+01 8.972454e+00
      vertex   2.978947e+01 1.131231e+01 8.922396e+00
    endloop
  endfacet
  facet normal -9.396926e-01 -3.420201e-01 3.746290e-14
    outer loop
      vertex   3.019618e+01 1.019491e+01 8.943868e+00
      vertex   2.978947e+01 1.131231e+01 8.922396e+00
      vertex   3.006090e+01 1.056656e+01 8.908066e+00
    endloop
  endfacet
  facet normal -9.396926e-01 -3.420201e-01 1.414612e-13
    outer loop
      vertex   3.006090e+01 1.056656e+01 8.908066e+00
      vertex   2.978947e+01 1.131231e+01 8.922396e+00
      vertex   2.992510e+01 1.093968e+01 8.900896e+00
    endloop
  endfacet
  facet normal -9.396926e-01 -3.420201e-01 -2.229788e-15
    outer loop
      vertex   2.807918e+01 1.601131e+01 1.459856e+01
      vertex   3.183527e+01 5.691533e+00 1.479687e+01
      vertex   2.808898e+01 1.598438e+01 1.499465e+01
    endloop
  endfacet
  facet normal -9.396926e-01 -3.420201e-01 -4.939009e-15
    outer loop
      vertex   2.808898e+01 1.598438e+01 1.499465e+01
      vertex   3.183527e+01 5.691533e+00 1.479687e+01
      vertex   3.182058e+01 5.731880e+00 1.519167e+01
    endloop
  endfacet
  facet normal -9.396926e-01 -3.420201e-01 1.324024e-15
    outer loop
      vertex   2.808898e+01 1.598438e+01 1.499465e+01
      vertex   3.182058e+01 5.731880e+00 1.519167e+01
      vertex   2.810853e+01 1.593067e+01 1.538765e+01
    endloop
  endfacet
  facet normal -9.396926e-01 -3.420201e-01 8.406592e-15
    outer loop
      vertex   2.810853e+01 1.593067e+01 1.538765e+01
      vertex   3.182058e+01 5.731880e+00 1.519167e+01
      vertex   3.179619e+01 5.798893e+00 1.558234e+01
    endloop
  endfacet
  facet normal -9.396926e-01 -3.420201e-01 4.744663e-15
    outer loop
      vertex   2.810853e+01 1.593067e+01 1.538765e+01
      vertex   3.179619e+01 5.798893e+00 1.558234e+01
      vertex   2.813773e+01 1.585045e+01 1.577549e+01
    endloop
  endfacet
  facet normal -9.396926e-01 -3.420201e-01 -6.576588e-15
    outer loop
      vertex   2.813773e+01 1.585045e+01 1.577549e+01
      vertex   3.179619e+01 5.798893e+00 1.558234e+01
      vertex   2.817642e+01 1.574413e+01 1.615616e+01
    endloop
  endfacet
  facet normal -9.396926e-01 -3.420201e-01 5.533902e-17
    outer loop
      vertex   2.817642e+01 1.574413e+01 1.615616e+01
      vertex   3.179619e+01 5.798893e+00 1.558234e+01
      vertex   2.822441e+01 1.561229e+01 1.652767e+01
    endloop
  endfacet
  facet normal -9.396926e-01 -3.420201e-01 7.332418e-15
    outer loop
      vertex   2.822441e+01 1.561229e+01 1.652767e+01
      vertex   3.179619e+01 5.798893e+00 1.558234e+01
      vertex   2.828144e+01 1.545560e+01 1.688810e+01
    endloop
  endfacet
  facet normal -9.396926e-01 -3.420201e-01 -9.877214e-15
    outer loop
      vertex   2.828144e+01 1.545560e+01 1.688810e+01
      vertex   3.179619e+01 5.798893e+00 1.558234e+01
      vertex   2.834722e+01 1.527487e+01 1.723555e+01
    endloop
  endfacet
  facet normal -9.396926e-01 -3.420201e-01 2.152739e-15
    outer loop
      vertex   2.834722e+01 1.527487e+01 1.723555e+01
      vertex   3.179619e+01 5.798893e+00 1.558234e+01
      vertex   2.842140e+01 1.507106e+01 1.756821e+01
    endloop
  endfacet
  facet normal -9.396926e-01 -3.420201e-01 9.692252e-15
    outer loop
      vertex   2.842140e+01 1.507106e+01 1.756821e+01
      vertex   3.179619e+01 5.798893e+00 1.558234e+01
      vertex   2.850360e+01 1.484522e+01 1.788436e+01
    endloop
  endfacet
  facet normal -9.396926e-01 -3.420201e-01 -1.502469e-14
    outer loop
      vertex   2.850360e+01 1.484522e+01 1.788436e+01
      vertex   3.179619e+01 5.798893e+00 1.558234e+01
      vertex   2.859338e+01 1.459854e+01 1.818235e+01
    endloop
  endfacet
  facet normal -9.396926e-01 -3.420201e-01 8.868635e-15
    outer loop
      vertex   2.859338e+01 1.459854e+01 1.818235e+01
      vertex   3.179619e+01 5.798893e+00 1.558234e+01
      vertex   2.869029e+01 1.433229e+01 1.846061e+01
    endloop
  endfacet
  facet normal -9.396926e-01 -3.420201e-01 -7.168610e-15
    outer loop
      vertex   2.869029e+01 1.433229e+01 1.846061e+01
      vertex   3.179619e+01 5.798893e+00 1.558234e+01
      vertex   2.879381e+01 1.404787e+01 1.871771e+01
    endloop
  endfacet
  facet normal -9.396926e-01 -3.420201e-01 7.065821e-15
    outer loop
      vertex   2.879381e+01 1.404787e+01 1.871771e+01
      vertex   3.179619e+01 5.798893e+00 1.558234e+01
      vertex   2.890341e+01 1.374676e+01 1.895229e+01
    endloop
  endfacet
  facet normal -9.396926e-01 -3.420201e-01 5.213485e-15
    outer loop
      vertex   2.890341e+01 1.374676e+01 1.895229e+01
      vertex   3.179619e+01 5.798893e+00 1.558234e+01
      vertex   2.901851e+01 1.343052e+01 1.916314e+01
    endloop
  endfacet
  facet normal -9.396926e-01 -3.420201e-01 -7.262112e-15
    outer loop
      vertex   2.901851e+01 1.343052e+01 1.916314e+01
      vertex   3.179619e+01 5.798893e+00 1.558234e+01
      vertex   2.913851e+01 1.310082e+01 1.934916e+01
    endloop
  endfacet
  facet normal -9.396926e-01 -3.420201e-01 5.012253e-15
    outer loop
      vertex   2.913851e+01 1.310082e+01 1.934916e+01
      vertex   3.179619e+01 5.798893e+00 1.558234e+01
      vertex   2.926279e+01 1.275936e+01 1.950937e+01
    endloop
  endfacet
  facet normal -9.396926e-01 -3.420201e-01 -1.228518e-14
    outer loop
      vertex   2.926279e+01 1.275936e+01 1.950937e+01
      vertex   3.179619e+01 5.798893e+00 1.558234e+01
      vertex   2.939070e+01 1.240792e+01 1.964295e+01
    endloop
  endfacet
  facet normal -9.396926e-01 -3.420201e-01 1.215878e-14
    outer loop
      vertex   2.939070e+01 1.240792e+01 1.964295e+01
      vertex   3.179619e+01 5.798893e+00 1.558234e+01
      vertex   2.952158e+01 1.204835e+01 1.974919e+01
    endloop
  endfacet
  facet normal -9.396926e-01 -3.420201e-01 -3.159725e-15
    outer loop
      vertex   2.952158e+01 1.204835e+01 1.974919e+01
      vertex   3.179619e+01 5.798893e+00 1.558234e+01
      vertex   2.965473e+01 1.168251e+01 1.982755e+01
    endloop
  endfacet
  facet normal -9.396926e-01 -3.420201e-01 -5.590641e-15
    outer loop
      vertex   2.965473e+01 1.168251e+01 1.982755e+01
      vertex   3.179619e+01 5.798893e+00 1.558234e+01
      vertex   2.978947e+01 1.131231e+01 1.987760e+01
    endloop
  endfacet
  facet normal -9.396926e-01 -3.420201e-01 -3.337815e-15
    outer loop
      vertex   2.978947e+01 1.131231e+01 1.987760e+01
      vertex   3.179619e+01 5.798893e+00 1.558234e+01
      vertex   2.992510e+01 1.093968e+01 1.989910e+01
    endloop
  endfacet
  facet normal -9.396926e-01 -3.420201e-01 3.712235e-15
    outer loop
      vertex   2.992510e+01 1.093968e+01 1.989910e+01
      vertex   3.179619e+01 5.798893e+00 1.558234e+01
      vertex   3.006090e+01 1.056656e+01 1.989193e+01
    endloop
  endfacet
  facet normal -9.396926e-01 -3.420201e-01 6.707247e-15
    outer loop
      vertex   3.006090e+01 1.056656e+01 1.989193e+01
      vertex   3.179619e+01 5.798893e+00 1.558234e+01
      vertex   3.019618e+01 1.019491e+01 1.985613e+01
    endloop
  endfacet
  facet normal -9.396926e-01 -3.420201e-01 -1.074421e-14
    outer loop
      vertex   3.019618e+01 1.019491e+01 1.985613e+01
      vertex   3.179619e+01 5.798893e+00 1.558234e+01
      vertex   3.033021e+01 9.826645e+00 1.979188e+01
    endloop
  endfacet
  facet normal -9.396926e-01 -3.420201e-01 1.236577e-14
    outer loop
      vertex   3.033021e+01 9.826645e+00 1.979188e+01
      vertex   3.179619e+01 5.798893e+00 1.558234e+01
      vertex   3.046231e+01 9.463701e+00 1.969952e+01
    endloop
  endfacet
  facet normal -9.396926e-01 -3.420201e-01 -1.409824e-14
    outer loop
      vertex   3.046231e+01 9.463701e+00 1.969952e+01
      vertex   3.179619e+01 5.798893e+00 1.558234e+01
      vertex   3.059179e+01 9.107965e+00 1.957954e+01
    endloop
  endfacet
  facet normal -9.396926e-01 -3.420201e-01 -1.044065e-15
    outer loop
      vertex   3.059179e+01 9.107965e+00 1.957954e+01
      vertex   3.179619e+01 5.798893e+00 1.558234e+01
      vertex   3.071797e+01 8.761292e+00 1.943255e+01
    endloop
  endfacet
  facet normal -9.396926e-01 -3.420201e-01 1.806273e-15
    outer loop
      vertex   3.071797e+01 8.761292e+00 1.943255e+01
      vertex   3.179619e+01 5.798893e+00 1.558234e+01
      vertex   3.084019e+01 8.425490e+00 1.925932e+01
    endloop
  endfacet
  facet normal -9.396926e-01 -3.420201e-01 2.581640e-15
    outer loop
      vertex   3.084019e+01 8.425490e+00 1.925932e+01
      vertex   3.179619e+01 5.798893e+00 1.558234e+01
      vertex   3.095782e+01 8.102309e+00 1.906075e+01
    endloop
  endfacet
  facet normal -9.396926e-01 -3.420201e-01 6.322289e-15
    outer loop
      vertex   3.095782e+01 8.102309e+00 1.906075e+01
      vertex   3.179619e+01 5.798893e+00 1.558234e+01
      vertex   3.107024e+01 7.793435e+00 1.883789e+01
    endloop
  endfacet
  facet normal -9.396926e-01 -3.420201e-01 -1.357356e-14
    outer loop
      vertex   3.107024e+01 7.793435e+00 1.883789e+01
      vertex   3.179619e+01 5.798893e+00 1.558234e+01
      vertex   3.117687e+01 7.500477e+00 1.859189e+01
    endloop
  endfacet
  facet normal -9.396926e-01 -3.420201e-01 4.260831e-15
    outer loop
      vertex   3.117687e+01 7.500477e+00 1.859189e+01
      vertex   3.179619e+01 5.798893e+00 1.558234e+01
      vertex   3.127715e+01 7.224963e+00 1.832404e+01
    endloop
  endfacet
  facet normal -9.396926e-01 -3.420201e-01 -1.043416e-14
    outer loop
      vertex   3.127715e+01 7.224963e+00 1.832404e+01
      vertex   3.179619e+01 5.798893e+00 1.558234e+01
      vertex   3.137055e+01 6.968330e+00 1.803573e+01
    endloop
  endfacet
  facet normal -9.396926e-01 -3.420201e-01 1.477290e-14
    outer loop
      vertex   3.137055e+01 6.968330e+00 1.803573e+01
      vertex   3.179619e+01 5.798893e+00 1.558234e+01
      vertex   3.145660e+01 6.731914e+00 1.772846e+01
    endloop
  endfacet
  facet normal -9.396926e-01 -3.420201e-01 -2.139709e-14
    outer loop
      vertex   3.145660e+01 6.731914e+00 1.772846e+01
      vertex   3.179619e+01 5.798893e+00 1.558234e+01
      vertex   3.153484e+01 6.516950e+00 1.740384e+01
    endloop
  endfacet
  facet normal -9.396926e-01 -3.420201e-01 9.218112e-15
    outer loop
      vertex   3.153484e+01 6.516950e+00 1.740384e+01
      vertex   3.179619e+01 5.798893e+00 1.558234e+01
      vertex   3.160487e+01 6.324557e+00 1.706356e+01
    endloop
  endfacet
  facet normal -9.396926e-01 -3.420201e-01 -2.020935e-14
    outer loop
      vertex   3.160487e+01 6.324557e+00 1.706356e+01
      vertex   3.179619e+01 5.798893e+00 1.558234e+01
      vertex   3.166631e+01 6.155739e+00 1.670939e+01
    endloop
  endfacet
  facet normal -9.396926e-01 -3.420201e-01 2.718096e-14
    outer loop
      vertex   3.166631e+01 6.155739e+00 1.670939e+01
      vertex   3.179619e+01 5.798893e+00 1.558234e+01
      vertex   3.171886e+01 6.011376e+00 1.634318e+01
    endloop
  endfacet
  facet normal -9.396926e-01 -3.420201e-01 -1.570098e-14
    outer loop
      vertex   3.171886e+01 6.011376e+00 1.634318e+01
      vertex   3.179619e+01 5.798893e+00 1.558234e+01
      vertex   3.176223e+01 5.892220e+00 1.596684e+01
    endloop
  endfacet
  facet normal -3.420201e-01 9.396926e-01 0.000000e+00
    outer loop
      vertex   2.286500e+01 2.741335e+01 5.380000e+01
      vertex   2.474438e+01 2.809739e+01 5.380000e+01
      vertex   2.286500e+01 2.741335e+01 -4.000000e+00
    endloop
  endfacet
  facet normal -3.420201e-01 9.396926e-01 0.000000e+00
    outer loop
      vertex   2.286500e+01 2.741335e+01 -4.000000e+00
      vertex   2.474438e+01 2.809739e+01 5.380000e+01
      vertex   2.474438e+01 2.809739e+01 -4.000000e+00
    endloop
  endfacet
  facet normal -1.000000e+00 -0.000000e+00 -0.000000e+00
    outer loop
      vertex   2.600000e+01 1.620000e+01 -3.000000e+00
      vertex   2.600000e+01 1.620000e+01 -4.000000e+00
      vertex   2.600000e+01 1.600000e+01 -3.000000e+00
    endloop
  endfacet
  facet normal -1.000000e+00 0.000000e+00 -0.000000e+00
    outer loop
      vertex   2.600000e+01 1.600000e+01 -3.000000e+00
      vertex   2.600000e+01 1.620000e+01 -4.000000e+00
      vertex   2.600000e+01 2.000000e+00 -4.000000e+00
    endloop
  endfacet
  facet normal -1.000000e+00 -0.000000e+00 0.000000e+00
    outer loop
      vertex   2.600000e+01 1.600000e+01 -3.000000e+00
      vertex   2.600000e+01 2.000000e+00 -4.000000e+00
      vertex   2.600000e+01 1.630258e+01 -2.519549e+00
    endloop
  endfacet
  facet normal -1.000000e+00 -0.000000e+00 0.000000e+00
    outer loop
      vertex   2.600000e+01 1.630258e+01 -2.519549e+00
      vertex   2.600000e+01 2.000000e+00 -4.000000e+00
      vertex   2.600000e+01 2.000000e+00 -1.000000e+00
    endloop
  endfacet
  facet normal -1.000000e+00 0.000000e+00 0.000000e+00
    outer loop
      vertex   2.600000e+01 1.630258e+01 -2.519549e+00
      vertex   2.600000e+01 2.000000e+00 -1.000000e+00
      vertex   2.600000e+01 1.658209e+01 -2.025323e+00
    endloop
  endfacet
  facet normal -1.000000e+00 0.000000e+00 0.000000e+00
    outer loop
      vertex   2.600000e+01 1.658209e+01 -2.025323e+00
      vertex   2.600000e+01 2.000000e+00 -1.000000e+00
      vertex   2.600000e+01 1.683791e+01 -1.518428e+00
    endloop
  endfacet
  facet normal -1.000000e+00 0.000000e+00 0.000000e+00
    outer loop
      vertex   2.600000e+01 1.683791e+01 -1.518428e+00
      vertex   2.600000e+01 2.000000e+00 -1.000000e+00
      vertex   2.600000e+01 1.706946e+01 -1.000000e+00
    endloop
  endfacet
  facet normal 9.396926e-01 3.420201e-01 0.000000e+00
    outer loop
      vertex   2.474438e+01 2.809739e+01 5.380000e+01
      vertex   3.346391e+01 4.140695e+00 5.380000e+01
      vertex   2.474438e+01 2.809739e+01 -4.000000e+00
    endloop
  endfacet
  facet normal 9.396926e-01 3.420201e-01 0.000000e+00
    outer loop
      vertex   2.474438e+01 2.809739e+01 -4.000000e+00
      vertex   3.346391e+01 4.140695e+00 5.380000e+01
      vertex   3.346391e+01 4.140695e+00 -4.000000e+00
    endloop
  endfacet
  facet normal 1.000000e+00 -1.425642e-14 -1.227007e-14
    outer loop
      vertex   3.200000e+00 2.000000e+00 -3.282843e+00
      vertex   3.200000e+00 6.585787e-01 -1.941421e+00
      vertex   3.200000e+00 2.000000e+00 -3.500000e+00
    endloop
  endfacet
  facet normal 1.000000e+00 8.499495e-15 7.315258e-15
    outer loop
      vertex   3.200000e+00 2.000000e+00 -3.500000e+00
      vertex   3.200000e+00 6.585787e-01 -1.941421e+00
      vertex   3.200000e+00 5.000000e-01 -2.000000e+00
    endloop
  endfacet
  facet normal 1.000000e+00 1.097049e-14 6.260003e-16
    outer loop
      vertex   3.200000e+00 5.000000e-01 -2.000000e+00
      vertex   3.200000e+00 6.585787e-01 -1.941421e+00
      vertex   3.200000e+00 0.000000e+00 9.600000e+00
    endloop
  endfacet
  facet normal 1.000000e+00 -3.552714e-15 0.000000e+00
    outer loop
      vertex   3.200000e+00 5.000000e-01 -2.000000e+00
      vertex   3.200000e+00 0.000000e+00 9.600000e+00
      vertex   3.200000e+00 0.000000e+00 -2.000000e+00
    endloop
  endfacet
  facet normal 1.000000e+00 -1.500416e-15 -8.561701e-17
    outer loop
      vertex   3.200000e+00 0.000000e+00 9.600000e+00
      vertex   3.200000e+00 6.585787e-01 -1.941421e+00
      vertex   3.200000e+00 1.400000e+00 1.100000e+01
    endloop
  endfacet
  facet normal 1.000000e+00 -1.819555e-15 -6.733335e-17
    outer loop
      vertex   3.200000e+00 1.400000e+00 1.100000e+01
      vertex   3.200000e+00 6.585787e-01 -1.941421e+00
      vertex   3.200000e+00 1.600000e+00 -1.000000e+00
    endloop
  endfacet
  facet normal 1.000000e+00 2.220446e-14 3.330669e-16
    outer loop
      vertex   3.200000e+00 1.400000e+00 1.100000e+01
      vertex   3.200000e+00 1.600000e+00 -1.000000e+00
      vertex   3.200000e+00 1.500000e+00 1.100000e+01
    endloop
  endfacet
  facet normal 1.000000e+00 -1.643460e-31 1.480297e-16
    outer loop
      vertex   3.200000e+00 1.500000e+00 1.100000e+01
      vertex   3.200000e+00 1.600000e+00 -1.000000e+00
      vertex   3.200000e+00 3.200000e+00 -1.000000e+00
    endloop
  endfacet
  facet normal 1.000000e+00 -1.272071e-15 -3.218038e-17
    outer loop
      vertex   3.200000e+00 1.500000e+00 1.100000e+01
      vertex   3.200000e+00 3.200000e+00 -1.000000e+00
      vertex   3.200000e+00 1.500000e+00 3.860000e+01
    endloop
  endfacet
  facet normal 1.000000e+00 -1.378978e-16 1.650889e-17
    outer loop
      vertex   3.200000e+00 1.500000e+00 3.860000e+01
      vertex   3.200000e+00 3.200000e+00 -1.000000e+00
      vertex   3.200000e+00 3.200000e+00 5.280000e+01
    endloop
  endfacet
  facet normal 1.000000e+00 0.000000e+00 -0.000000e+00
    outer loop
      vertex   3.200000e+00 1.500000e+00 3.860000e+01
      vertex   3.200000e+00 3.200000e+00 5.280000e+01
      vertex   3.200000e+00 0.000000e+00 5.280000e+01
    endloop
  endfacet
  facet normal 1.000000e+00 -4.212900e-16 -1.040834e-16
    outer loop
      vertex   3.200000e+00 0.000000e+00 4.000000e+01
      vertex   3.200000e+00 1.400000e+00 3.860000e+01
      vertex   3.200000e+00 0.000000e+00 5.280000e+01
    endloop
  endfacet
  facet normal 1.000000e+00 -8.881784e-15 -9.382166e-16
    outer loop
      vertex   3.200000e+00 0.000000e+00 5.280000e+01
      vertex   3.200000e+00 1.400000e+00 3.860000e+01
      vertex   3.200000e+00 1.500000e+00 3.860000e+01
    endloop
  endfacet
  facet normal -1.570092e-16 7.071068e-01 7.071068e-01
    outer loop
      vertex   3.200000e+00 2.000000e+00 -3.282843e+00
      vertex   -8.000000e-01 2.000000e+00 -3.282843e+00
      vertex   3.200000e+00 6.585787e-01 -1.941421e+00
    endloop
  endfacet
  facet normal 0.000000e+00 7.071068e-01 7.071068e-01
    outer loop
      vertex   3.200000e+00 6.585787e-01 -1.941421e+00
      vertex   -8.000000e-01 2.000000e+00 -3.282843e+00
      vertex   -8.000000e-01 6.585787e-01 -1.941421e+00
    endloop
  endfacet
  facet normal 0.000000e+00 7.071068e-01 -7.071068e-01
    outer loop
      vertex   3.200000e+00 6.585787e-01 -1.941421e+00
      vertex   -8.000000e-01 6.585787e-01 -1.941421e+00
      vertex   3.200000e+00 1.600000e+00 -1.000000e+00
    endloop
  endfacet
  facet normal 0.000000e+00 7.071068e-01 -7.071068e-01
    outer loop
      vertex   3.200000e+00 1.600000e+00 -1.000000e+00
      vertex   -8.000000e-01 6.585787e-01 -1.941421e+00
      vertex   -8.000000e-01 1.600000e+00 -1.000000e+00
    endloop
  endfacet
  facet normal 0.000000e+00 1.387779e-15 -1.000000e+00
    outer loop
      vertex   3.200000e+00 1.600000e+00 -1.000000e+00
      vertex   -8.000000e-01 1.600000e+00 -1.000000e+00
      vertex   2.000000e-01 3.200000e+00 -1.000000e+00
    endloop
  endfacet
  facet normal 1.990786e-15 1.435374e-16 -1.000000e+00
    outer loop
      vertex   2.000000e-01 3.200000e+00 -1.000000e+00
      vertex   -8.000000e-01 1.600000e+00 -1.000000e+00
      vertex   -8.000000e-01 1.706946e+01 -1.000000e+00
    endloop
  endfacet
  facet normal 8.073090e-08 5.820766e-09 -1.000000e+00
    outer loop
      vertex   2.000000e-01 3.200000e+00 -1.000000e+00
      vertex   -8.000000e-01 1.706946e+01 -1.000000e+00
      vertex   2.000000e-01 1.600000e+01 -1.000000e+00
    endloop
  endfacet
  facet normal 3.239383e-08 -3.937677e-08 -1.000000e+00
    outer loop
      vertex   2.000000e-01 1.600000e+01 -1.000000e+00
      vertex   -8.000000e-01 1.706946e+01 -1.000000e+00
      vertex   1.500000e+00 1.706946e+01 -1.000000e+00
    endloop
  endfacet
  facet normal 2.562053e-16 -3.114339e-16 -1.000000e+00
    outer loop
      vertex   2.000000e-01 1.600000e+01 -1.000000e+00
      vertex   1.500000e+00 1.706946e+01 -1.000000e+00
      vertex   1.500000e+00 1.600000e+01 -1.000000e+00
    endloop
  endfacet
  facet normal 0.000000e+00 1.387779e-15 -1.000000e+00
    outer loop
      vertex   2.000000e-01 3.200000e+00 -1.000000e+00
      vertex   3.200000e+00 3.200000e+00 -1.000000e+00
      vertex   3.200000e+00 1.600000e+00 -1.000000e+00
    endloop
  endfacet
  facet normal 0.000000e+00 0.000000e+00 -1.000000e+00
    outer loop
      vertex   2.600000e+01 2.000000e+00 -1.000000e+00
      vertex   2.500000e+01 3.200000e+00 -1.000000e+00
      vertex   2.600000e+01 1.706946e+01 -1.000000e+00
    endloop
  endfacet
  facet normal -8.073090e-08 5.820766e-09 -1.000000e+00
    outer loop
      vertex   2.600000e+01 1.706946e+01 -1.000000e+00
      vertex   2.500000e+01 3.200000e+00 -1.000000e+00
      vertex   2.500000e+01 1.600000e+01 -1.000000e+00
    endloop
  endfacet
  facet normal -3.239383e-08 -3.937677e-08 -1.000000e+00
    outer loop
      vertex   2.600000e+01 1.706946e+01 -1.000000e+00
      vertex   2.500000e+01 1.600000e+01 -1.000000e+00
      vertex   2.370000e+01 1.706946e+01 -1.000000e+00
    endloop
  endfacet
  facet normal -2.562053e-16 -3.114339e-16 -1.000000e+00
    outer loop
      vertex   2.370000e+01 1.706946e+01 -1.000000e+00
      vertex   2.500000e+01 1.600000e+01 -1.000000e+00
      vertex   2.370000e+01 1.600000e+01 -1.000000e+00
    endloop
  endfacet
  facet normal 0.000000e+00 0.000000e+00 -1.000000e+00
    outer loop
      vertex   2.600000e+01 2.000000e+00 -1.000000e+00
      vertex   2.200000e+01 2.000000e+00 -1.000000e+00
      vertex   2.500000e+01 3.200000e+00 -1.000000e+00
    endloop
  endfacet
  facet normal -0.000000e+00 0.000000e+00 -1.000000e+00
    outer loop
      vertex   2.500000e+01 3.200000e+00 -1.000000e+00
      vertex   2.200000e+01 2.000000e+00 -1.000000e+00
      vertex   2.200000e+01 3.200000e+00 -1.000000e+00
    endloop
  endfacet
  facet normal 0.000000e+00 7.071068e-01 7.071068e-01
    outer loop
      vertex   2.200000e+01 2.000000e+00 -3.500000e+00
      vertex   3.200000e+00 2.000000e+00 -3.500000e+00
      vertex   2.200000e+01 5.000000e-01 -2.000000e+00
    endloop
  endfacet
  facet normal 0.000000e+00 7.071068e-01 7.071068e-01
    outer loop
      vertex   2.200000e+01 5.000000e-01 -2.000000e+00
      vertex   3.200000e+00 2.000000e+00 -3.500000e+00
      vertex   3.200000e+00 5.000000e-01 -2.000000e+00
    endloop
  endfacet
  facet normal 0.000000e+00 1.000000e+00 0.000000e+00
    outer loop
      vertex   3.200000e+00 2.000000e+00 -3.282843e+00
      vertex   3.200000e+00 2.000000e+00 -3.500000e+00
      vertex   -8.000000e-01 2.000000e+00 -3.282843e+00
    endloop
  endfacet
  facet normal 8.404468e-17 1.000000e+00 1.548089e-15
    outer loop
      vertex   -8.000000e-01 2.000000e+00 -3.282843e+00
      vertex   3.200000e+00 2.000000e+00 -3.500000e+00
      vertex   -8.000000e-01 2.000000e+00 -4.000000e+00
    endloop
  endfacet
  facet normal 0.000000e+00 1.000000e+00 2.220446e-15
    outer loop
      vertex   -8.000000e-01 2.000000e+00 -4.000000e+00
      vertex   3.200000e+00 2.000000e+00 -3.500000e+00
      vertex   2.200000e+01 2.000000e+00 -3.500000e+00
    endloop
  endfacet
  facet normal 4.971148e-17 1.000000e+00 -4.639738e-17
    outer loop
      vertex   -8.000000e-01 2.000000e+00 -4.000000e+00
      vertex   2.200000e+01 2.000000e+00 -3.500000e+00
      vertex   2.600000e+01 2.000000e+00 -4.000000e+00
    endloop
  endfacet
  facet normal 5.551115e-17 1.000000e+00 -0.000000e+00
    outer loop
      vertex   2.600000e+01 2.000000e+00 -4.000000e+00
      vertex   2.200000e+01 2.000000e+00 -3.500000e+00
      vertex   2.600000e+01 2.000000e+00 -1.000000e+00
    endloop
  endfacet
  facet normal 5.551115e-17 1.000000e+00 0.000000e+00
    outer loop
      vertex   2.600000e+01 2.000000e+00 -1.000000e+00
      vertex   2.200000e+01 2.000000e+00 -3.500000e+00
      vertex   2.200000e+01 2.000000e+00 -1.000000e+00
    endloop
  endfacet
  facet normal 0.000000e+00 0.000000e+00 1.000000e+00
    outer loop
      vertex   2.200000e+01 5.000000e-01 -2.000000e+00
      vertex   3.200000e+00 5.000000e-01 -2.000000e+00
      vertex   2.200000e+01 0.000000e+00 -2.000000e+00
    endloop
  endfacet
  facet normal 0.000000e+00 0.000000e+00 1.000000e+00
    outer loop
      vertex   2.200000e+01 0.000000e+00 -2.000000e+00
      vertex   3.200000e+00 5.000000e-01 -2.000000e+00
      vertex   3.200000e+00 0.000000e+00 -2.000000e+00
    endloop
  endfacet
  facet normal 1.000000e+00 0.000000e+00 0.000000e+00
    outer loop
      vertex   2.600000e+01 2.364053e-02 5.380000e+01
      vertex   2.600000e+01 -8.000000e-01 5.380000e+01
      vertex   2.600000e+01 2.364053e-02 -4.000000e+00
    endloop
  endfacet
  facet normal 1.000000e+00 0.000000e+00 0.000000e+00
    outer loop
      vertex   2.600000e+01 2.364053e-02 -4.000000e+00
      vertex   2.600000e+01 -8.000000e-01 5.380000e+01
      vertex   2.600000e+01 -8.000000e-01 -4.000000e+00
    endloop
  endfacet
  facet normal 0.000000e+00 -9.997575e-01 2.202069e-02
    outer loop
      vertex   2.370000e+01 1.800000e+01 3.633250e+00
      vertex   1.900000e+01 1.800000e+01 3.633250e+00
      vertex   2.370000e+01 1.798836e+01 3.104881e+00
    endloop
  endfacet
  facet normal 2.677444e-04 -9.997022e-01 2.440114e-02
    outer loop
      vertex   2.370000e+01 1.798836e+01 3.104881e+00
      vertex   1.900000e+01 1.800000e+01 3.633250e+00
      vertex   1.900000e+01 1.798571e+01 3.047797e+00
    endloop
  endfacet
  facet normal -2.387995e-04 -9.978183e-01 6.601936e-02
    outer loop
      vertex   2.370000e+01 1.798836e+01 3.104881e+00
      vertex   1.900000e+01 1.798571e+01 3.047797e+00
      vertex   2.370000e+01 1.795347e+01 2.577538e+00
    endloop
  endfacet
  facet normal 4.775977e-04 -9.973212e-01 7.314530e-02
    outer loop
      vertex   2.370000e+01 1.795347e+01 2.577538e+00
      vertex   1.900000e+01 1.798571e+01 3.047797e+00
      vertex   1.900000e+01 1.794287e+01 2.463738e+00
    endloop
  endfacet
  facet normal -4.197054e-04 -9.939437e-01 1.098900e-01
    outer loop
      vertex   2.370000e+01 1.795347e+01 2.577538e+00
      vertex   1.900000e+01 1.794287e+01 2.463738e+00
      vertex   2.370000e+01 1.789539e+01 2.052242e+00
    endloop
  endfacet
  facet normal 6.295550e-04 -9.925649e-01 1.217152e-01
    outer loop
      vertex   2.370000e+01 1.789539e+01 2.052242e+00
      vertex   1.900000e+01 1.794287e+01 2.463738e+00
      vertex   1.900000e+01 1.787159e+01 1.882465e+00
    endloop
  endfacet
  facet normal -5.427135e-04 -9.881411e-01 1.535474e-01
    outer loop
      vertex   2.370000e+01 1.789539e+01 2.052242e+00
      vertex   1.900000e+01 1.787159e+01 1.882465e+00
      vertex   2.370000e+01 1.781425e+01 1.530012e+00
    endloop
  endfacet
  facet normal 7.236131e-04 -9.854446e-01 1.699953e-01
    outer loop
      vertex   2.370000e+01 1.781425e+01 1.530012e+00
      vertex   1.900000e+01 1.787159e+01 1.882465e+00
      vertex   1.900000e+01 1.777204e+01 1.305361e+00
    endloop
  endfacet
  facet normal -6.078211e-04 -9.804220e-01 1.969070e-01
    outer loop
      vertex   2.370000e+01 1.781425e+01 1.530012e+00
      vertex   1.900000e+01 1.777204e+01 1.305361e+00
      vertex   2.370000e+01 1.771018e+01 1.011863e+00
    endloop
  endfacet
  facet normal 7.597698e-04 -9.759774e-01 2.178705e-01
    outer loop
      vertex   2.370000e+01 1.771018e+01 1.011863e+00
      vertex   1.900000e+01 1.777204e+01 1.305361e+00
      vertex   1.900000e+01 1.764445e+01 7.338017e-01
    endloop
  endfacet
  facet normal -6.150267e-04 -9.708012e-01 2.398847e-01
    outer loop
      vertex   2.370000e+01 1.771018e+01 1.011863e+00
      vertex   1.900000e+01 1.764445e+01 7.338017e-01
      vertex   2.370000e+01 1.758340e+01 4.987975e-01
    endloop
  endfacet
  facet normal 7.380243e-04 -9.641858e-01 2.652268e-01
    outer loop
      vertex   2.370000e+01 1.758340e+01 4.987975e-01
      vertex   1.900000e+01 1.764445e+01 7.338017e-01
      vertex   1.900000e+01 1.748913e+01 1.691480e-01
    endloop
  endfacet
  facet normal -5.643302e-04 -9.592974e-01 2.823972e-01
    outer loop
      vertex   2.370000e+01 1.758340e+01 4.987975e-01
      vertex   1.900000e+01 1.748913e+01 1.691480e-01
      vertex   2.370000e+01 1.743416e+01 -8.187977e-03
    endloop
  endfacet
  facet normal 6.583771e-04 -9.500978e-01 3.119514e-01
    outer loop
      vertex   2.370000e+01 1.743416e+01 -8.187977e-03
      vertex   1.900000e+01 1.748913e+01 1.691480e-01
      vertex   1.900000e+01 1.730644e+01 -3.872555e-01
    endloop
  endfacet
  facet normal -4.557326e-04 -9.459330e-01 3.243618e-01
    outer loop
      vertex   2.370000e+01 1.743416e+01 -8.187977e-03
      vertex   1.900000e+01 1.730644e+01 -3.872555e-01
      vertex   2.370000e+01 1.726273e+01 -5.081104e-01
    endloop
  endfacet
  facet normal 5.208299e-04 -9.337471e-01 3.579331e-01
    outer loop
      vertex   2.370000e+01 1.726273e+01 -5.081104e-01
      vertex   1.900000e+01 1.730644e+01 -3.872555e-01
      vertex   1.900000e+01 1.709682e+01 -9.340834e-01
    endloop
  endfacet
  facet normal -2.892365e-04 -9.307338e-01 3.656974e-01
    outer loop
      vertex   2.370000e+01 1.726273e+01 -5.081104e-01
      vertex   1.900000e+01 1.709682e+01 -9.340834e-01
      vertex   2.370000e+01 1.706946e+01 -1.000000e+00
    endloop
  endfacet
  facet normal 3.253859e-04 -9.151725e-01 4.030623e-01
    outer loop
      vertex   2.370000e+01 1.706946e+01 -1.000000e+00
      vertex   1.900000e+01 1.709682e+01 -9.340834e-01
      vertex   1.900000e+01 1.686078e+01 -1.470034e+00
    endloop
  endfacet
  facet normal 7.524925e-10 -9.139699e-01 4.057820e-01
    outer loop
      vertex   2.370000e+01 1.706946e+01 -1.000000e+00
      vertex   1.900000e+01 1.686078e+01 -1.470034e+00
      vertex   2.600000e+01 1.706946e+01 -1.000000e+00
    endloop
  endfacet
  facet normal -1.638553e-04 -9.130626e-01 4.078194e-01
    outer loop
      vertex   2.600000e+01 1.706946e+01 -1.000000e+00
      vertex   1.900000e+01 1.686078e+01 -1.470034e+00
      vertex   2.600000e+01 1.683791e+01 -1.518428e+00
    endloop
  endfacet
  facet normal 1.695387e-04 -8.944182e-01 4.472316e-01
    outer loop
      vertex   2.600000e+01 1.683791e+01 -1.518428e+00
      vertex   1.900000e+01 1.686078e+01 -1.470034e+00
      vertex   1.900000e+01 1.659887e+01 -1.993829e+00
    endloop
  endfacet
  facet normal -1.130259e-04 -8.927496e-01 4.505532e-01
    outer loop
      vertex   2.600000e+01 1.683791e+01 -1.518428e+00
      vertex   1.900000e+01 1.659887e+01 -1.993829e+00
      vertex   2.600000e+01 1.658209e+01 -2.025323e+00
    endloop
  endfacet
  facet normal 1.168148e-04 -8.715337e-01 4.903357e-01
    outer loop
      vertex   2.600000e+01 1.658209e+01 -2.025323e+00
      vertex   1.900000e+01 1.659887e+01 -1.993829e+00
      vertex   1.900000e+01 1.631171e+01 -2.504223e+00
    endloop
  endfacet
  facet normal -5.840741e-05 -8.704379e-01 4.922782e-01
    outer loop
      vertex   2.600000e+01 1.658209e+01 -2.025323e+00
      vertex   1.900000e+01 1.631171e+01 -2.504223e+00
      vertex   2.600000e+01 1.630258e+01 -2.519549e+00
    endloop
  endfacet
  facet normal 6.030183e-05 -8.465734e-01 5.322719e-01
    outer loop
      vertex   2.600000e+01 1.630258e+01 -2.519549e+00
      vertex   1.900000e+01 1.631171e+01 -2.504223e+00
      vertex   1.900000e+01 1.600000e+01 -3.000000e+00
    endloop
  endfacet
  facet normal 0.000000e+00 -8.461775e-01 5.329011e-01
    outer loop
      vertex   2.600000e+01 1.630258e+01 -2.519549e+00
      vertex   1.900000e+01 1.600000e+01 -3.000000e+00
      vertex   2.600000e+01 1.600000e+01 -3.000000e+00
    endloop
  endfacet
  facet normal 0.000000e+00 -8.461775e-01 5.329011e-01
    outer loop
      vertex   -8.000000e-01 1.600000e+01 -3.000000e+00
      vertex   6.200000e+00 1.600000e+01 -3.000000e+00
      vertex   -8.000000e-01 1.630258e+01 -2.519549e+00
    endloop
  endfacet
  facet normal -6.030183e-05 -8.465734e-01 5.322719e-01
    outer loop
      vertex   -8.000000e-01 1.630258e+01 -2.519549e+00
      vertex   6.200000e+00 1.600000e+01 -3.000000e+00
      vertex   6.200000e+00 1.631171e+01 -2.504223e+00
    endloop
  endfacet
  facet normal 5.840741e-05 -8.704379e-01 4.922782e-01
    outer loop
      vertex   -8.000000e-01 1.630258e+01 -2.519549e+00
      vertex   6.200000e+00 1.631171e+01 -2.504223e+00
      vertex   -8.000000e-01 1.658209e+01 -2.025323e+00
    endloop
  endfacet
  facet normal -1.168148e-04 -8.715337e-01 4.903357e-01
    outer loop
      vertex   -8.000000e-01 1.658209e+01 -2.025323e+00
      vertex   6.200000e+00 1.631171e+01 -2.504223e+00
      vertex   6.200000e+00 1.659887e+01 -1.993829e+00
    endloop
  endfacet
  facet normal 1.130259e-04 -8.927496e-01 4.505532e-01
    outer loop
      vertex   -8.000000e-01 1.658209e+01 -2.025323e+00
      vertex   6.200000e+00 1.659887e+01 -1.993829e+00
      vertex   -8.000000e-01 1.683791e+01 -1.518428e+00
    endloop
  endfacet
  facet normal -1.695387e-04 -8.944182e-01 4.472316e-01
    outer loop
      vertex   -8.000000e-01 1.683791e+01 -1.518428e+00
      vertex   6.200000e+00 1.659887e+01 -1.993829e+00
      vertex   6.200000e+00 1.686078e+01 -1.470034e+00
    endloop
  endfacet
  facet normal 1.638553e-04 -9.130626e-01 4.078194e-01
    outer loop
      vertex   -8.000000e-01 1.683791e+01 -1.518428e+00
      vertex   6.200000e+00 1.686078e+01 -1.470034e+00
      vertex   -8.000000e-01 1.706946e+01 -1.000000e+00
    endloop
  endfacet
  facet normal -7.524925e-10 -9.139699e-01 4.057820e-01
    outer loop
      vertex   -8.000000e-01 1.706946e+01 -1.000000e+00
      vertex   6.200000e+00 1.686078e+01 -1.470034e+00
      vertex   1.500000e+00 1.706946e+01 -1.000000e+00
    endloop
  endfacet
  facet normal -3.253859e-04 -9.151725e-01 4.030623e-01
    outer loop
      vertex   1.500000e+00 1.706946e+01 -1.000000e+00
      vertex   6.200000e+00 1.686078e+01 -1.470034e+00
      vertex   6.200000e+00 1.709682e+01 -9.340834e-01
    endloop
  endfacet
  facet normal 2.892365e-04 -9.307338e-01 3.656974e-01
    outer loop
      vertex   1.500000e+00 1.706946e+01 -1.000000e+00
      vertex   6.200000e+00 1.709682e+01 -9.340834e-01
      vertex   1.500000e+00 1.726273e+01 -5.081104e-01
    endloop
  endfacet
  facet normal -5.208299e-04 -9.337471e-01 3.579331e-01
    outer loop
      vertex   1.500000e+00 1.726273e+01 -5.081104e-01
      vertex   6.200000e+00 1.709682e+01 -9.340834e-01
      vertex   6.200000e+00 1.730644e+01 -3.872555e-01
    endloop
  endfacet
  facet normal 4.557326e-04 -9.459330e-01 3.243618e-01
    outer loop
      vertex   1.500000e+00 1.726273e+01 -5.081104e-01
      vertex   6.200000e+00 1.730644e+01 -3.872555e-01
      vertex   1.500000e+00 1.743416e+01 -8.187977e-03
    endloop
  endfacet
  facet normal -6.583771e-04 -9.500978e-01 3.119514e-01
    outer loop
      vertex   1.500000e+00 1.743416e+01 -8.187977e-03
      vertex   6.200000e+00 1.730644e+01 -3.872555e-01
      vertex   6.200000e+00 1.748913e+01 1.691480e-01
    endloop
  endfacet
  facet normal 5.643302e-04 -9.592974e-01 2.823972e-01
    outer loop
      vertex   1.500000e+00 1.743416e+01 -8.187977e-03
      vertex   6.200000e+00 1.748913e+01 1.691480e-01
      vertex   1.500000e+00 1.758340e+01 4.987975e-01
    endloop
  endfacet
  facet normal -7.380243e-04 -9.641858e-01 2.652268e-01
    outer loop
      vertex   1.500000e+00 1.758340e+01 4.987975e-01
      vertex   6.200000e+00 1.748913e+01 1.691480e-01
      vertex   6.200000e+00 1.764445e+01 7.338017e-01
    endloop
  endfacet
  facet normal 6.150267e-04 -9.708012e-01 2.398847e-01
    outer loop
      vertex   1.500000e+00 1.758340e+01 4.987975e-01
      vertex   6.200000e+00 1.764445e+01 7.338017e-01
      vertex   1.500000e+00 1.771018e+01 1.011863e+00
    endloop
  endfacet
  facet normal -7.597698e-04 -9.759774e-01 2.178705e-01
    outer loop
      vertex   1.500000e+00 1.771018e+01 1.011863e+00
      vertex   6.200000e+00 1.764445e+01 7.338017e-01
      vertex   6.200000e+00 1.777204e+01 1.305361e+00
    endloop
  endfacet
  facet normal 6.078211e-04 -9.804220e-01 1.969070e-01
    outer loop
      vertex   1.500000e+00 1.771018e+01 1.011863e+00
      vertex   6.200000e+00 1.777204e+01 1.305361e+00
      vertex   1.500000e+00 1.781425e+01 1.530012e+00
    endloop
  endfacet
  facet normal -7.236131e-04 -9.854446e-01 1.699953e-01
    outer loop
      vertex   1.500000e+00 1.781425e+01 1.530012e+00
      vertex   6.200000e+00 1.777204e+01 1.305361e+00
      vertex   6.200000e+00 1.787159e+01 1.882465e+00
    endloop
  endfacet
  facet normal 5.427135e-04 -9.881411e-01 1.535474e-01
    outer loop
      vertex   1.500000e+00 1.781425e+01 1.530012e+00
      vertex   6.200000e+00 1.787159e+01 1.882465e+00
      vertex   1.500000e+00 1.789539e+01 2.052242e+00
    endloop
  endfacet
  facet normal -6.295550e-04 -9.925649e-01 1.217152e-01
    outer loop
      vertex   1.500000e+00 1.789539e+01 2.052242e+00
      vertex   6.200000e+00 1.787159e+01 1.882465e+00
      vertex   6.200000e+00 1.794287e+01 2.463738e+00
    endloop
  endfacet
  facet normal 4.197054e-04 -9.939437e-01 1.098900e-01
    outer loop
      vertex   1.500000e+00 1.789539e+01 2.052242e+00
      vertex   6.200000e+00 1.794287e+01 2.463738e+00
      vertex   1.500000e+00 1.795347e+01 2.577538e+00
    endloop
  endfacet
  facet normal -4.775977e-04 -9.973212e-01 7.314530e-02
    outer loop
      vertex   1.500000e+00 1.795347e+01 2.577538e+00
      vertex   6.200000e+00 1.794287e+01 2.463738e+00
      vertex   6.200000e+00 1.798571e+01 3.047797e+00
    endloop
  endfacet
  facet normal 2.387995e-04 -9.978183e-01 6.601936e-02
    outer loop
      vertex   1.500000e+00 1.795347e+01 2.577538e+00
      vertex   6.200000e+00 1.798571e+01 3.047797e+00
      vertex   1.500000e+00 1.798836e+01 3.104881e+00
    endloop
  endfacet
  facet normal -2.677444e-04 -9.997022e-01 2.440114e-02
    outer loop
      vertex   1.500000e+00 1.798836e+01 3.104881e+00
      vertex   6.200000e+00 1.798571e+01 3.047797e+00
      vertex   6.200000e+00 1.800000e+01 3.633250e+00
    endloop
  endfacet
  facet normal 2.095132e-18 -9.997575e-01 2.202069e-02
    outer loop
      vertex   1.500000e+00 1.798836e+01 3.104881e+00
      vertex   6.200000e+00 1.800000e+01 3.633250e+00
      vertex   1.500000e+00 1.800000e+01 3.633250e+00
    endloop
  endfacet
  facet normal 0.000000e+00 1.000000e+00 -0.000000e+00
    outer loop
      vertex   2.000000e-01 3.200000e+00 -1.000000e+00
      vertex   2.000000e-01 3.200000e+00 5.280000e+01
      vertex   3.200000e+00 3.200000e+00 -1.000000e+00
    endloop
  endfacet
  facet normal 0.000000e+00 1.000000e+00 0.000000e+00
    outer loop
      vertex   3.200000e+00 3.200000e+00 -1.000000e+00
      vertex   2.000000e-01 3.200000e+00 5.280000e+01
      vertex   3.200000e+00 3.200000e+00 5.280000e+01
    endloop
  endfacet
  facet normal -1.000000e+00 0.000000e+00 0.000000e+00
    outer loop
      vertex   2.500000e+01 1.600000e+01 -1.000000e+00
      vertex   2.500000e+01 1.362049e+01 1.097438e+01
      vertex   2.500000e+01 1.600000e+01 7.300000e+00
    endloop
  endfacet
  facet normal -1.000000e+00 0.000000e+00 0.000000e+00
    outer loop
      vertex   2.500000e+01 1.600000e+01 7.300000e+00
      vertex   2.500000e+01 1.362049e+01 1.097438e+01
      vertex   2.500000e+01 1.386682e+01 1.128724e+01
    endloop
  endfacet
  facet normal -1.000000e+00 0.000000e+00 0.000000e+00
    outer loop
      vertex   2.500000e+01 1.600000e+01 7.300000e+00
      vertex   2.500000e+01 1.386682e+01 1.128724e+01
      vertex   2.500000e+01 1.408899e+01 1.161569e+01
    endloop
  endfacet
  facet normal -1.000000e+00 0.000000e+00 0.000000e+00
    outer loop
      vertex   2.500000e+01 3.200000e+00 -1.000000e+00
      vertex   2.500000e+01 9.328818e+00 8.906635e+00
      vertex   2.500000e+01 1.600000e+01 -1.000000e+00
    endloop
  endfacet
  facet normal -1.000000e+00 0.000000e+00 0.000000e+00
    outer loop
      vertex   2.500000e+01 1.600000e+01 -1.000000e+00
      vertex   2.500000e+01 9.328818e+00 8.906635e+00
      vertex   2.500000e+01 9.741501e+00 8.939486e+00
    endloop
  endfacet
  facet normal -1.000000e+00 0.000000e+00 0.000000e+00
    outer loop
      vertex   2.500000e+01 1.600000e+01 -1.000000e+00
      vertex   2.500000e+01 9.741501e+00 8.939486e+00
      vertex   2.500000e+01 1.015068e+01 8.999678e+00
    endloop
  endfacet
  facet normal -1.000000e+00 0.000000e+00 0.000000e+00
    outer loop
      vertex   2.500000e+01 3.200000e+00 1.405451e+01
      vertex   2.500000e+01 3.240624e+00 1.366720e+01
      vertex   2.500000e+01 3.200000e+00 -1.000000e+00
    endloop
  endfacet
  facet normal -1.000000e+00 0.000000e+00 0.000000e+00
    outer loop
      vertex   2.500000e+01 3.200000e+00 -1.000000e+00
      vertex   2.500000e+01 3.240624e+00 1.366720e+01
      vertex   2.500000e+01 3.310293e+00 1.328356e+01
    endloop
  endfacet
  facet normal -1.000000e+00 0.000000e+00 0.000000e+00
    outer loop
      vertex   2.500000e+01 3.200000e+00 -1.000000e+00
      vertex   2.500000e+01 3.310293e+00 1.328356e+01
      vertex   2.500000e+01 3.408659e+00 1.290552e+01
    endloop
  endfacet
  facet normal -1.000000e+00 0.000000e+00 -0.000000e+00
    outer loop
      vertex   2.500000e+01 3.408659e+00 1.290552e+01
      vertex   2.500000e+01 3.535228e+00 1.253495e+01
      vertex   2.500000e+01 3.200000e+00 -1.000000e+00
    endloop
  endfacet
  facet normal -1.000000e+00 0.000000e+00 0.000000e+00
    outer loop
      vertex   2.500000e+01 3.200000e+00 -1.000000e+00
      vertex   2.500000e+01 3.535228e+00 1.253495e+01
      vertex   2.500000e+01 3.689367e+00 1.217372e+01
    endloop
  endfacet
  facet normal -1.000000e+00 0.000000e+00 0.000000e+00
    outer loop
      vertex   2.500000e+01 3.200000e+00 -1.000000e+00
      vertex   2.500000e+01 3.689367e+00 1.217372e+01
      vertex   2.500000e+01 3.870304e+00 1.182364e+01
    endloop
  endfacet
  facet normal -1.000000e+00 0.000000e+00 -0.000000e+00
    outer loop
      vertex   2.500000e+01 3.870304e+00 1.182364e+01
      vertex   2.500000e+01 4.077133e+00 1.148647e+01
      vertex   2.500000e+01 3.200000e+00 -1.000000e+00
    endloop
  endfacet
  facet normal -1.000000e+00 0.000000e+00 0.000000e+00
    outer loop
      vertex   2.500000e+01 3.200000e+00 -1.000000e+00
      vertex   2.500000e+01 4.077133e+00 1.148647e+01
      vertex   2.500000e+01 4.308819e+00 1.116387e+01
    endloop
  endfacet
  facet normal -1.000000e+00 0.000000e+00 0.000000e+00
    outer loop
      vertex   2.500000e+01 3.200000e+00 -1.000000e+00
      vertex   2.500000e+01 4.308819e+00 1.116387e+01
      vertex   2.500000e+01 4.564202e+00 1.085749e+01
    endloop
  endfacet
  facet normal -1.000000e+00 0.000000e+00 -0.000000e+00
    outer loop
      vertex   2.500000e+01 4.564202e+00 1.085749e+01
      vertex   2.500000e+01 4.842002e+00 1.056884e+01
      vertex   2.500000e+01 3.200000e+00 -1.000000e+00
    endloop
  endfacet
  facet normal -1.000000e+00 0.000000e+00 0.000000e+00
    outer loop
      vertex   2.500000e+01 3.200000e+00 -1.000000e+00
      vertex   2.500000e+01 4.842002e+00 1.056884e+01
      vertex   2.500000e+01 5.140829e+00 1.029937e+01
    endloop
  endfacet
  facet normal -1.000000e+00 0.000000e+00 0.000000e+00
    outer loop
      vertex   2.500000e+01 3.200000e+00 -1.000000e+00
      vertex   2.500000e+01 5.140829e+00 1.029937e+01
      vertex   2.500000e+01 5.459187e+00 1.005043e+01
    endloop
  endfacet
  facet normal -1.000000e+00 0.000000e+00 -0.000000e+00
    outer loop
      vertex   2.500000e+01 5.459187e+00 1.005043e+01
      vertex   2.500000e+01 5.795481e+00 9.823279e+00
      vertex   2.500000e+01 3.200000e+00 -1.000000e+00
    endloop
  endfacet
  facet normal -1.000000e+00 0.000000e+00 0.000000e+00
    outer loop
      vertex   2.500000e+01 3.200000e+00 -1.000000e+00
      vertex   2.500000e+01 5.795481e+00 9.823279e+00
      vertex   2.500000e+01 6.148028e+00 9.619038e+00
    endloop
  endfacet
  facet normal -1.000000e+00 0.000000e+00 0.000000e+00
    outer loop
      vertex   2.500000e+01 3.200000e+00 -1.000000e+00
      vertex   2.500000e+01 6.148028e+00 9.619038e+00
      vertex   2.500000e+01 6.515062e+00 9.438737e+00
    endloop
  endfacet
  facet normal -1.000000e+00 0.000000e+00 -0.000000e+00
    outer loop
      vertex   2.500000e+01 6.515062e+00 9.438737e+00
      vertex   2.500000e+01 6.894746e+00 9.283277e+00
      vertex   2.500000e+01 3.200000e+00 -1.000000e+00
    endloop
  endfacet
  facet normal -1.000000e+00 0.000000e+00 0.000000e+00
    outer loop
      vertex   2.500000e+01 3.200000e+00 -1.000000e+00
      vertex   2.500000e+01 6.894746e+00 9.283277e+00
      vertex   2.500000e+01 7.285179e+00 9.153437e+00
    endloop
  endfacet
  facet normal -1.000000e+00 0.000000e+00 0.000000e+00
    outer loop
      vertex   2.500000e+01 3.200000e+00 -1.000000e+00
      vertex   2.500000e+01 7.285179e+00 9.153437e+00
      vertex   2.500000e+01 7.684405e+00 9.049867e+00
    endloop
  endfacet
  facet normal -1.000000e+00 0.000000e+00 -0.000000e+00
    outer loop
      vertex   2.500000e+01 7.684405e+00 9.049867e+00
      vertex   2.500000e+01 8.090426e+00 8.973085e+00
      vertex   2.500000e+01 3.200000e+00 -1.000000e+00
    endloop
  endfacet
  facet normal -1.000000e+00 0.000000e+00 0.000000e+00
    outer loop
      vertex   2.500000e+01 3.200000e+00 -1.000000e+00
      vertex   2.500000e+01 8.090426e+00 8.973085e+00
      vertex   2.500000e+01 8.501208e+00 8.923476e+00
    endloop
  endfacet
  facet normal -1.000000e+00 0.000000e+00 0.000000e+00
    outer loop
      vertex   2.500000e+01 3.200000e+00 -1.000000e+00
      vertex   2.500000e+01 8.501208e+00 8.923476e+00
      vertex   2.500000e+01 8.914696e+00 8.901289e+00
    endloop
  endfacet
  facet normal -1.000000e+00 0.000000e+00 -0.000000e+00
    outer loop
      vertex   2.500000e+01 8.914696e+00 8.901289e+00
      vertex   2.500000e+01 9.328818e+00 8.906635e+00
      vertex   2.500000e+01 3.200000e+00 -1.000000e+00
    endloop
  endfacet
  facet normal -1.000000e+00 0.000000e+00 0.000000e+00
    outer loop
      vertex   2.500000e+01 1.015068e+01 8.999678e+00
      vertex   2.500000e+01 1.055430e+01 9.086910e+00
      vertex   2.500000e+01 1.600000e+01 -1.000000e+00
    endloop
  endfacet
  facet normal -1.000000e+00 0.000000e+00 0.000000e+00
    outer loop
      vertex   2.500000e+01 1.600000e+01 -1.000000e+00
      vertex   2.500000e+01 1.055430e+01 9.086910e+00
      vertex   2.500000e+01 1.095035e+01 9.200745e+00
    endloop
  endfacet
  facet normal -1.000000e+00 0.000000e+00 0.000000e+00
    outer loop
      vertex   2.500000e+01 1.600000e+01 -1.000000e+00
      vertex   2.500000e+01 1.095035e+01 9.200745e+00
      vertex   2.500000e+01 1.133684e+01 9.340614e+00
    endloop
  endfacet
  facet normal -1.000000e+00 0.000000e+00 0.000000e+00
    outer loop
      vertex   2.500000e+01 1.133684e+01 9.340614e+00
      vertex   2.500000e+01 1.171184e+01 9.505815e+00
      vertex   2.500000e+01 1.600000e+01 -1.000000e+00
    endloop
  endfacet
  facet normal -1.000000e+00 0.000000e+00 0.000000e+00
    outer loop
      vertex   2.500000e+01 1.600000e+01 -1.000000e+00
      vertex   2.500000e+01 1.171184e+01 9.505815e+00
      vertex   2.500000e+01 1.207346e+01 9.695521e+00
    endloop
  endfacet
  facet normal -1.000000e+00 0.000000e+00 0.000000e+00
    outer loop
      vertex   2.500000e+01 1.600000e+01 -1.000000e+00
      vertex   2.500000e+01 1.207346e+01 9.695521e+00
      vertex   2.500000e+01 1.241991e+01 9.908784e+00
    endloop
  endfacet
  facet normal -1.000000e+00 0.000000e+00 0.000000e+00
    outer loop
      vertex   2.500000e+01 1.241991e+01 9.908784e+00
      vertex   2.500000e+01 1.274943e+01 1.014453e+01
      vertex   2.500000e+01 1.600000e+01 -1.000000e+00
    endloop
  endfacet
  facet normal -1.000000e+00 0.000000e+00 0.000000e+00
    outer loop
      vertex   2.500000e+01 1.600000e+01 -1.000000e+00
      vertex   2.500000e+01 1.274943e+01 1.014453e+01
      vertex   2.500000e+01 1.306040e+01 1.040159e+01
    endloop
  endfacet
  facet normal -1.000000e+00 0.000000e+00 0.000000e+00
    outer loop
      vertex   2.500000e+01 1.600000e+01 -1.000000e+00
      vertex   2.500000e+01 1.306040e+01 1.040159e+01
      vertex   2.500000e+01 1.335123e+01 1.067867e+01
    endloop
  endfacet
  facet normal -1.000000e+00 0.000000e+00 0.000000e+00
    outer loop
      vertex   2.500000e+01 1.335123e+01 1.067867e+01
      vertex   2.500000e+01 1.362049e+01 1.097438e+01
      vertex   2.500000e+01 1.600000e+01 -1.000000e+00
    endloop
  endfacet
  facet normal -1.000000e+00 0.000000e+00 0.000000e+00
    outer loop
      vertex   2.500000e+01 1.408899e+01 1.161569e+01
      vertex   2.500000e+01 1.428589e+01 1.195808e+01
      vertex   2.500000e+01 1.600000e+01 7.300000e+00
    endloop
  endfacet
  facet normal -1.000000e+00 0.000000e+00 0.000000e+00
    outer loop
      vertex   2.500000e+01 1.600000e+01 7.300000e+00
      vertex   2.500000e+01 1.428589e+01 1.195808e+01
      vertex   2.500000e+01 1.445652e+01 1.231270e+01
    endloop
  endfacet
  facet normal -1.000000e+00 0.000000e+00 0.000000e+00
    outer loop
      vertex   2.500000e+01 1.600000e+01 7.300000e+00
      vertex   2.500000e+01 1.445652e+01 1.231270e+01
      vertex   2.500000e+01 1.460005e+01 1.267777e+01
    endloop
  endfacet
  facet normal -1.000000e+00 0.000000e+00 0.000000e+00
    outer loop
      vertex   2.500000e+01 1.460005e+01 1.267777e+01
      vertex   2.500000e+01 1.471574e+01 1.305146e+01
      vertex   2.500000e+01 1.600000e+01 7.300000e+00
    endloop
  endfacet
  facet normal -1.000000e+00 0.000000e+00 0.000000e+00
    outer loop
      vertex   2.500000e+01 1.600000e+01 7.300000e+00
      vertex   2.500000e+01 1.471574e+01 1.305146e+01
      vertex   2.500000e+01 1.480301e+01 1.343191e+01
    endloop
  endfacet
  facet normal -1.000000e+00 0.000000e+00 0.000000e+00
    outer loop
      vertex   2.500000e+01 1.600000e+01 7.300000e+00
      vertex   2.500000e+01 1.480301e+01 1.343191e+01
      vertex   2.500000e+01 1.486144e+01 1.381720e+01
    endloop
  endfacet
  facet normal -1.000000e+00 0.000000e+00 0.000000e+00
    outer loop
      vertex   2.500000e+01 1.486144e+01 1.381720e+01
      vertex   2.500000e+01 1.489073e+01 1.420541e+01
      vertex   2.500000e+01 1.600000e+01 7.300000e+00
    endloop
  endfacet
  facet normal -1.000000e+00 0.000000e+00 0.000000e+00
    outer loop
      vertex   2.500000e+01 1.600000e+01 7.300000e+00
      vertex   2.500000e+01 1.489073e+01 1.420541e+01
      vertex   2.500000e+01 1.800000e+01 7.300000e+00
    endloop
  endfacet
  facet normal -1.000000e+00 0.000000e+00 0.000000e+00
    outer loop
      vertex   2.500000e+01 1.800000e+01 7.300000e+00
      vertex   2.500000e+01 1.489073e+01 1.420541e+01
      vertex   2.500000e+01 1.489073e+01 1.459459e+01
    endloop
  endfacet
  facet normal -1.000000e+00 0.000000e+00 0.000000e+00
    outer loop
      vertex   2.500000e+01 1.800000e+01 7.300000e+00
      vertex   2.500000e+01 1.489073e+01 1.459459e+01
      vertex   2.500000e+01 1.486144e+01 1.498280e+01
    endloop
  endfacet
  facet normal -1.000000e+00 0.000000e+00 0.000000e+00
    outer loop
      vertex   2.500000e+01 1.486144e+01 1.498280e+01
      vertex   2.500000e+01 1.480301e+01 1.536809e+01
      vertex   2.500000e+01 1.800000e+01 7.300000e+00
    endloop
  endfacet
  facet normal -1.000000e+00 0.000000e+00 0.000000e+00
    outer loop
      vertex   2.500000e+01 1.800000e+01 7.300000e+00
      vertex   2.500000e+01 1.480301e+01 1.536809e+01
      vertex   2.500000e+01 1.800000e+01 4.080000e+01
    endloop
  endfacet
  facet normal -1.000000e+00 0.000000e+00 0.000000e+00
    outer loop
      vertex   2.500000e+01 1.800000e+01 4.080000e+01
      vertex   2.500000e+01 1.480301e+01 1.536809e+01
      vertex   2.500000e+01 1.471574e+01 1.574854e+01
    endloop
  endfacet
  facet normal -1.000000e+00 0.000000e+00 0.000000e+00
    outer loop
      vertex   2.500000e+01 1.800000e+01 4.080000e+01
      vertex   2.500000e+01 1.471574e+01 1.574854e+01
      vertex   2.500000e+01 1.460005e+01 1.612223e+01
    endloop
  endfacet
  facet normal -1.000000e+00 0.000000e+00 0.000000e+00
    outer loop
      vertex   2.500000e+01 1.445652e+01 1.648730e+01
      vertex   2.500000e+01 1.445693e+01 3.731304e+01
      vertex   2.500000e+01 1.460005e+01 1.612223e+01
    endloop
  endfacet
  facet normal -1.000000e+00 0.000000e+00 0.000000e+00
    outer loop
      vertex   2.500000e+01 1.460005e+01 1.612223e+01
      vertex   2.500000e+01 1.445693e+01 3.731304e+01
      vertex   2.500000e+01 1.460040e+01 3.767805e+01
    endloop
  endfacet
  facet normal -1.000000e+00 0.000000e+00 0.000000e+00
    outer loop
      vertex   2.500000e+01 1.460005e+01 1.612223e+01
      vertex   2.500000e+01 1.460040e+01 3.767805e+01
      vertex   2.500000e+01 1.800000e+01 4.080000e+01
    endloop
  endfacet
  facet normal -1.000000e+00 0.000000e+00 0.000000e+00
    outer loop
      vertex   2.500000e+01 1.800000e+01 4.080000e+01
      vertex   2.500000e+01 1.460040e+01 3.767805e+01
      vertex   2.500000e+01 1.471605e+01 3.805169e+01
    endloop
  endfacet
  facet normal -1.000000e+00 0.000000e+00 0.000000e+00
    outer loop
      vertex   2.500000e+01 1.800000e+01 4.080000e+01
      vertex   2.500000e+01 1.471605e+01 3.805169e+01
      vertex   2.500000e+01 1.480329e+01 3.843207e+01
    endloop
  endfacet
  facet normal -1.000000e+00 0.000000e+00 0.000000e+00
    outer loop
      vertex   2.500000e+01 1.445693e+01 3.731304e+01
      vertex   2.500000e+01 1.445652e+01 1.648730e+01
      vertex   2.500000e+01 1.428636e+01 3.695847e+01
    endloop
  endfacet
  facet normal -1.000000e+00 0.000000e+00 -0.000000e+00
    outer loop
      vertex   2.500000e+01 1.428636e+01 3.695847e+01
      vertex   2.500000e+01 1.445652e+01 1.648730e+01
      vertex   2.500000e+01 1.428589e+01 1.684192e+01
    endloop
  endfacet
  facet normal -1.000000e+00 0.000000e+00 0.000000e+00
    outer loop
      vertex   2.500000e+01 1.428636e+01 3.695847e+01
      vertex   2.500000e+01 1.428589e+01 1.684192e+01
      vertex   2.500000e+01 1.408954e+01 3.661612e+01
    endloop
  endfacet
  facet normal -1.000000e+00 0.000000e+00 -0.000000e+00
    outer loop
      vertex   2.500000e+01 1.408954e+01 3.661612e+01
      vertex   2.500000e+01 1.428589e+01 1.684192e+01
      vertex   2.500000e+01 1.408899e+01 1.718431e+01
    endloop
  endfacet
  facet normal -1.000000e+00 0.000000e+00 0.000000e+00
    outer loop
      vertex   2.500000e+01 1.408954e+01 3.661612e+01
      vertex   2.500000e+01 1.408899e+01 1.718431e+01
      vertex   2.500000e+01 1.386745e+01 3.628770e+01
    endloop
  endfacet
  facet normal -1.000000e+00 0.000000e+00 -0.000000e+00
    outer loop
      vertex   2.500000e+01 1.386745e+01 3.628770e+01
      vertex   2.500000e+01 1.408899e+01 1.718431e+01
      vertex   2.500000e+01 1.386682e+01 1.751276e+01
    endloop
  endfacet
  facet normal -1.000000e+00 0.000000e+00 0.000000e+00
    outer loop
      vertex   2.500000e+01 1.386745e+01 3.628770e+01
      vertex   2.500000e+01 1.386682e+01 1.751276e+01
      vertex   2.500000e+01 1.362121e+01 3.597486e+01
    endloop
  endfacet
  facet normal -1.000000e+00 0.000000e+00 -0.000000e+00
    outer loop
      vertex   2.500000e+01 1.362121e+01 3.597486e+01
      vertex   2.500000e+01 1.386682e+01 1.751276e+01
      vertex   2.500000e+01 1.362049e+01 1.782562e+01
    endloop
  endfacet
  facet normal -1.000000e+00 0.000000e+00 0.000000e+00
    outer loop
      vertex   2.500000e+01 1.362121e+01 3.597486e+01
      vertex   2.500000e+01 1.362049e+01 1.782562e+01
      vertex   2.500000e+01 1.335204e+01 3.567916e+01
    endloop
  endfacet
  facet normal -1.000000e+00 0.000000e+00 -0.000000e+00
    outer loop
      vertex   2.500000e+01 1.335204e+01 3.567916e+01
      vertex   2.500000e+01 1.362049e+01 1.782562e+01
      vertex   2.500000e+01 1.335123e+01 1.812133e+01
    endloop
  endfacet
  facet normal -1.000000e+00 0.000000e+00 0.000000e+00
    outer loop
      vertex   2.500000e+01 1.335204e+01 3.567916e+01
      vertex   2.500000e+01 1.335123e+01 1.812133e+01
      vertex   2.500000e+01 1.306130e+01 3.540208e+01
    endloop
  endfacet
  facet normal -1.000000e+00 0.000000e+00 -0.000000e+00
    outer loop
      vertex   2.500000e+01 1.306130e+01 3.540208e+01
      vertex   2.500000e+01 1.335123e+01 1.812133e+01
      vertex   2.500000e+01 1.306040e+01 1.839841e+01
    endloop
  endfacet
  facet normal -1.000000e+00 0.000000e+00 0.000000e+00
    outer loop
      vertex   2.500000e+01 1.306130e+01 3.540208e+01
      vertex   2.500000e+01 1.306040e+01 1.839841e+01
      vertex   2.500000e+01 1.275044e+01 3.514502e+01
    endloop
  endfacet
  facet normal -1.000000e+00 0.000000e+00 -0.000000e+00
    outer loop
      vertex   2.500000e+01 1.275044e+01 3.514502e+01
      vertex   2.500000e+01 1.306040e+01 1.839841e+01
      vertex   2.500000e+01 1.274943e+01 1.865547e+01
    endloop
  endfacet
  facet normal -1.000000e+00 0.000000e+00 0.000000e+00
    outer loop
      vertex   2.500000e+01 1.275044e+01 3.514502e+01
      vertex   2.500000e+01 1.274943e+01 1.865547e+01
      vertex   2.500000e+01 1.242102e+01 3.490924e+01
    endloop
  endfacet
  facet normal -1.000000e+00 0.000000e+00 -0.000000e+00
    outer loop
      vertex   2.500000e+01 1.242102e+01 3.490924e+01
      vertex   2.500000e+01 1.274943e+01 1.865547e+01
      vertex   2.500000e+01 1.241991e+01 1.889122e+01
    endloop
  endfacet
  facet normal -1.000000e+00 0.000000e+00 0.000000e+00
    outer loop
      vertex   2.500000e+01 1.242102e+01 3.490924e+01
      vertex   2.500000e+01 1.241991e+01 1.889122e+01
      vertex   2.500000e+01 1.207469e+01 3.469595e+01
    endloop
  endfacet
  facet normal -1.000000e+00 0.000000e+00 -0.000000e+00
    outer loop
      vertex   2.500000e+01 1.207469e+01 3.469595e+01
      vertex   2.500000e+01 1.241991e+01 1.889122e+01
      vertex   2.500000e+01 1.207346e+01 1.910448e+01
    endloop
  endfacet
  facet normal -1.000000e+00 0.000000e+00 0.000000e+00
    outer loop
      vertex   2.500000e+01 1.207469e+01 3.469595e+01
      vertex   2.500000e+01 1.207346e+01 1.910448e+01
      vertex   2.500000e+01 1.171317e+01 3.450620e+01
    endloop
  endfacet
  facet normal -1.000000e+00 0.000000e+00 -0.000000e+00
    outer loop
      vertex   2.500000e+01 1.171317e+01 3.450620e+01
      vertex   2.500000e+01 1.207346e+01 1.910448e+01
      vertex   2.500000e+01 1.171184e+01 1.929419e+01
    endloop
  endfacet
  facet normal -1.000000e+00 0.000000e+00 0.000000e+00
    outer loop
      vertex   2.500000e+01 1.171317e+01 3.450620e+01
      vertex   2.500000e+01 1.171184e+01 1.929419e+01
      vertex   2.500000e+01 1.133828e+01 3.434094e+01
    endloop
  endfacet
  facet normal -1.000000e+00 0.000000e+00 -0.000000e+00
    outer loop
      vertex   2.500000e+01 1.133828e+01 3.434094e+01
      vertex   2.500000e+01 1.171184e+01 1.929419e+01
      vertex   2.500000e+01 1.133684e+01 1.945939e+01
    endloop
  endfacet
  facet normal -1.000000e+00 0.000000e+00 0.000000e+00
    outer loop
      vertex   2.500000e+01 1.133828e+01 3.434094e+01
      vertex   2.500000e+01 1.133684e+01 1.945939e+01
      vertex   2.500000e+01 1.095189e+01 3.420100e+01
    endloop
  endfacet
  facet normal -1.000000e+00 0.000000e+00 -0.000000e+00
    outer loop
      vertex   2.500000e+01 1.095189e+01 3.420100e+01
      vertex   2.500000e+01 1.133684e+01 1.945939e+01
      vertex   2.500000e+01 1.095035e+01 1.959925e+01
    endloop
  endfacet
  facet normal -1.000000e+00 0.000000e+00 0.000000e+00
    outer loop
      vertex   2.500000e+01 1.095189e+01 3.420100e+01
      vertex   2.500000e+01 1.095035e+01 1.959925e+01
      vertex   2.500000e+01 1.055594e+01 3.408709e+01
    endloop
  endfacet
  facet normal -1.000000e+00 0.000000e+00 -0.000000e+00
    outer loop
      vertex   2.500000e+01 1.055594e+01 3.408709e+01
      vertex   2.500000e+01 1.095035e+01 1.959925e+01
      vertex   2.500000e+01 1.055430e+01 1.971309e+01
    endloop
  endfacet
  facet normal -1.000000e+00 0.000000e+00 0.000000e+00
    outer loop
      vertex   2.500000e+01 1.055594e+01 3.408709e+01
      vertex   2.500000e+01 1.055430e+01 1.971309e+01
      vertex   2.500000e+01 1.015242e+01 3.399976e+01
    endloop
  endfacet
  facet normal -1.000000e+00 0.000000e+00 -0.000000e+00
    outer loop
      vertex   2.500000e+01 1.015242e+01 3.399976e+01
      vertex   2.500000e+01 1.055430e+01 1.971309e+01
      vertex   2.500000e+01 1.015068e+01 1.980032e+01
    endloop
  endfacet
  facet normal -1.000000e+00 0.000000e+00 0.000000e+00
    outer loop
      vertex   2.500000e+01 1.015242e+01 3.399976e+01
      vertex   2.500000e+01 1.015068e+01 1.980032e+01
      vertex   2.500000e+01 9.743329e+00 3.393946e+01
    endloop
  endfacet
  facet normal -1.000000e+00 0.000000e+00 -0.000000e+00
    outer loop
      vertex   2.500000e+01 9.743329e+00 3.393946e+01
      vertex   2.500000e+01 1.015068e+01 1.980032e+01
      vertex   2.500000e+01 9.741501e+00 1.986051e+01
    endloop
  endfacet
  facet normal -1.000000e+00 0.000000e+00 0.000000e+00
    outer loop
      vertex   2.500000e+01 9.743329e+00 3.393946e+01
      vertex   2.500000e+01 9.741501e+00 1.986051e+01
      vertex   2.500000e+01 9.330728e+00 3.390649e+01
    endloop
  endfacet
  facet normal -1.000000e+00 0.000000e+00 -0.000000e+00
    outer loop
      vertex   2.500000e+01 9.330728e+00 3.390649e+01
      vertex   2.500000e+01 9.741501e+00 1.986051e+01
      vertex   2.500000e+01 9.328818e+00 1.989337e+01
    endloop
  endfacet
  facet normal -1.000000e+00 0.000000e+00 0.000000e+00
    outer loop
      vertex   2.500000e+01 9.330728e+00 3.390649e+01
      vertex   2.500000e+01 9.328818e+00 1.989337e+01
      vertex   2.500000e+01 8.916679e+00 3.390102e+01
    endloop
  endfacet
  facet normal -1.000000e+00 0.000000e+00 -0.000000e+00
    outer loop
      vertex   2.500000e+01 8.916679e+00 3.390102e+01
      vertex   2.500000e+01 9.328818e+00 1.989337e+01
      vertex   2.500000e+01 8.914696e+00 1.989871e+01
    endloop
  endfacet
  facet normal -1.000000e+00 -0.000000e+00 0.000000e+00
    outer loop
      vertex   2.500000e+01 8.916679e+00 3.390102e+01
      vertex   2.500000e+01 8.914696e+00 1.989871e+01
      vertex   2.500000e+01 8.503255e+00 3.392307e+01
    endloop
  endfacet
  facet normal -1.000000e+00 0.000000e+00 -0.000000e+00
    outer loop
      vertex   2.500000e+01 8.503255e+00 3.392307e+01
      vertex   2.500000e+01 8.914696e+00 1.989871e+01
      vertex   2.500000e+01 8.501208e+00 1.987652e+01
    endloop
  endfacet
  facet normal -1.000000e+00 -0.000000e+00 0.000000e+00
    outer loop
      vertex   2.500000e+01 8.503255e+00 3.392307e+01
      vertex   2.500000e+01 8.501208e+00 1.987652e+01
      vertex   2.500000e+01 8.092524e+00 3.397253e+01
    endloop
  endfacet
  facet normal -1.000000e+00 0.000000e+00 -0.000000e+00
    outer loop
      vertex   2.500000e+01 8.092524e+00 3.397253e+01
      vertex   2.500000e+01 8.501208e+00 1.987652e+01
      vertex   2.500000e+01 8.090426e+00 1.982691e+01
    endloop
  endfacet
  facet normal -1.000000e+00 -0.000000e+00 0.000000e+00
    outer loop
      vertex   2.500000e+01 8.092524e+00 3.397253e+01
      vertex   2.500000e+01 8.090426e+00 1.982691e+01
      vertex   2.500000e+01 7.686542e+00 3.404915e+01
    endloop
  endfacet
  facet normal -1.000000e+00 0.000000e+00 -0.000000e+00
    outer loop
      vertex   2.500000e+01 7.686542e+00 3.404915e+01
      vertex   2.500000e+01 8.090426e+00 1.982691e+01
      vertex   2.500000e+01 7.684405e+00 1.975013e+01
    endloop
  endfacet
  facet normal -1.000000e+00 -0.000000e+00 0.000000e+00
    outer loop
      vertex   2.500000e+01 7.686542e+00 3.404915e+01
      vertex   2.500000e+01 7.684405e+00 1.975013e+01
      vertex   2.500000e+01 7.287341e+00 3.415256e+01
    endloop
  endfacet
  facet normal -1.000000e+00 0.000000e+00 -0.000000e+00
    outer loop
      vertex   2.500000e+01 7.287341e+00 3.415256e+01
      vertex   2.500000e+01 7.684405e+00 1.975013e+01
      vertex   2.500000e+01 7.285179e+00 1.964656e+01
    endloop
  endfacet
  facet normal -1.000000e+00 -0.000000e+00 0.000000e+00
    outer loop
      vertex   2.500000e+01 7.287341e+00 3.415256e+01
      vertex   2.500000e+01 7.285179e+00 1.964656e+01
      vertex   2.500000e+01 6.896919e+00 3.428223e+01
    endloop
  endfacet
  facet normal -1.000000e+00 0.000000e+00 -0.000000e+00
    outer loop
      vertex   2.500000e+01 6.896919e+00 3.428223e+01
      vertex   2.500000e+01 7.285179e+00 1.964656e+01
      vertex   2.500000e+01 6.894746e+00 1.951672e+01
    endloop
  endfacet
  facet normal -1.000000e+00 -0.000000e+00 0.000000e+00
    outer loop
      vertex   2.500000e+01 6.896919e+00 3.428223e+01
      vertex   2.500000e+01 6.894746e+00 1.951672e+01
      vertex   2.500000e+01 6.517230e+00 3.443751e+01
    endloop
  endfacet
  facet normal -1.000000e+00 0.000000e+00 -0.000000e+00
    outer loop
      vertex   2.500000e+01 6.517230e+00 3.443751e+01
      vertex   2.500000e+01 6.894746e+00 1.951672e+01
      vertex   2.500000e+01 6.515062e+00 1.936126e+01
    endloop
  endfacet
  facet normal -1.000000e+00 -0.000000e+00 0.000000e+00
    outer loop
      vertex   2.500000e+01 6.517230e+00 3.443751e+01
      vertex   2.500000e+01 6.515062e+00 1.936126e+01
      vertex   2.500000e+01 6.150175e+00 3.461763e+01
    endloop
  endfacet
  facet normal -1.000000e+00 0.000000e+00 -0.000000e+00
    outer loop
      vertex   2.500000e+01 6.150175e+00 3.461763e+01
      vertex   2.500000e+01 6.515062e+00 1.936126e+01
      vertex   2.500000e+01 6.148028e+00 1.918096e+01
    endloop
  endfacet
  facet normal -1.000000e+00 -0.000000e+00 0.000000e+00
    outer loop
      vertex   2.500000e+01 6.150175e+00 3.461763e+01
      vertex   2.500000e+01 6.148028e+00 1.918096e+01
      vertex   2.500000e+01 5.797590e+00 3.482168e+01
    endloop
  endfacet
  facet normal -1.000000e+00 0.000000e+00 -0.000000e+00
    outer loop
      vertex   2.500000e+01 5.797590e+00 3.482168e+01
      vertex   2.500000e+01 6.148028e+00 1.918096e+01
      vertex   2.500000e+01 5.795481e+00 1.897672e+01
    endloop
  endfacet
  facet normal -1.000000e+00 -0.000000e+00 0.000000e+00
    outer loop
      vertex   2.500000e+01 5.797590e+00 3.482168e+01
      vertex   2.500000e+01 5.795481e+00 1.897672e+01
      vertex   2.500000e+01 5.461241e+00 3.504865e+01
    endloop
  endfacet
  facet normal -1.000000e+00 0.000000e+00 -0.000000e+00
    outer loop
      vertex   2.500000e+01 5.461241e+00 3.504865e+01
      vertex   2.500000e+01 5.795481e+00 1.897672e+01
      vertex   2.500000e+01 5.459187e+00 1.874957e+01
    endloop
  endfacet
  facet normal -1.000000e+00 -0.000000e+00 0.000000e+00
    outer loop
      vertex   2.500000e+01 5.461241e+00 3.504865e+01
      vertex   2.500000e+01 5.459187e+00 1.874957e+01
      vertex   2.500000e+01 5.142810e+00 3.529740e+01
    endloop
  endfacet
  facet normal -1.000000e+00 0.000000e+00 -0.000000e+00
    outer loop
      vertex   2.500000e+01 5.142810e+00 3.529740e+01
      vertex   2.500000e+01 5.459187e+00 1.874957e+01
      vertex   2.500000e+01 5.140829e+00 1.850063e+01
    endloop
  endfacet
  facet normal -1.000000e+00 -0.000000e+00 0.000000e+00
    outer loop
      vertex   2.500000e+01 5.142810e+00 3.529740e+01
      vertex   2.500000e+01 5.140829e+00 1.850063e+01
      vertex   2.500000e+01 4.843891e+00 3.556668e+01
    endloop
  endfacet
  facet normal -1.000000e+00 0.000000e+00 -0.000000e+00
    outer loop
      vertex   2.500000e+01 4.843891e+00 3.556668e+01
      vertex   2.500000e+01 5.140829e+00 1.850063e+01
      vertex   2.500000e+01 4.842002e+00 1.823116e+01
    endloop
  endfacet
  facet normal -1.000000e+00 -0.000000e+00 0.000000e+00
    outer loop
      vertex   2.500000e+01 4.843891e+00 3.556668e+01
      vertex   2.500000e+01 4.842002e+00 1.823116e+01
      vertex   2.500000e+01 4.565981e+00 3.585515e+01
    endloop
  endfacet
  facet normal -1.000000e+00 0.000000e+00 -0.000000e+00
    outer loop
      vertex   2.500000e+01 4.565981e+00 3.585515e+01
      vertex   2.500000e+01 4.842002e+00 1.823116e+01
      vertex   2.500000e+01 4.564202e+00 1.794251e+01
    endloop
  endfacet
  facet normal -1.000000e+00 -0.000000e+00 0.000000e+00
    outer loop
      vertex   2.500000e+01 4.565981e+00 3.585515e+01
      vertex   2.500000e+01 4.564202e+00 1.794251e+01
      vertex   2.500000e+01 4.310470e+00 3.616136e+01
    endloop
  endfacet
  facet normal -1.000000e+00 0.000000e+00 -0.000000e+00
    outer loop
      vertex   2.500000e+01 4.310470e+00 3.616136e+01
      vertex   2.500000e+01 4.564202e+00 1.794251e+01
      vertex   2.500000e+01 4.308819e+00 1.763613e+01
    endloop
  endfacet
  facet normal -1.000000e+00 -0.000000e+00 0.000000e+00
    outer loop
      vertex   2.500000e+01 4.310470e+00 3.616136e+01
      vertex   2.500000e+01 4.308819e+00 1.763613e+01
      vertex   2.500000e+01 4.078637e+00 3.648377e+01
    endloop
  endfacet
  facet normal -1.000000e+00 0.000000e+00 -0.000000e+00
    outer loop
      vertex   2.500000e+01 4.078637e+00 3.648377e+01
      vertex   2.500000e+01 4.308819e+00 1.763613e+01
      vertex   2.500000e+01 4.077133e+00 1.731353e+01
    endloop
  endfacet
  facet normal -1.000000e+00 -0.000000e+00 0.000000e+00
    outer loop
      vertex   2.500000e+01 4.078637e+00 3.648377e+01
      vertex   2.500000e+01 4.077133e+00 1.731353e+01
      vertex   2.500000e+01 3.871643e+00 3.682079e+01
    endloop
  endfacet
  facet normal -1.000000e+00 0.000000e+00 -0.000000e+00
    outer loop
      vertex   2.500000e+01 3.871643e+00 3.682079e+01
      vertex   2.500000e+01 4.077133e+00 1.731353e+01
      vertex   2.500000e+01 3.870304e+00 1.697636e+01
    endloop
  endfacet
  facet normal -1.000000e+00 -0.000000e+00 0.000000e+00
    outer loop
      vertex   2.500000e+01 3.871643e+00 3.682079e+01
      vertex   2.500000e+01 3.870304e+00 1.697636e+01
      vertex   2.500000e+01 3.690523e+00 3.717071e+01
    endloop
  endfacet
  facet normal -1.000000e+00 0.000000e+00 -0.000000e+00
    outer loop
      vertex   2.500000e+01 3.690523e+00 3.717071e+01
      vertex   2.500000e+01 3.870304e+00 1.697636e+01
      vertex   2.500000e+01 3.689367e+00 1.662628e+01
    endloop
  endfacet
  facet normal -1.000000e+00 -0.000000e+00 0.000000e+00
    outer loop
      vertex   2.500000e+01 3.690523e+00 3.717071e+01
      vertex   2.500000e+01 3.689367e+00 1.662628e+01
      vertex   2.500000e+01 3.536184e+00 3.753179e+01
    endloop
  endfacet
  facet normal -1.000000e+00 0.000000e+00 -0.000000e+00
    outer loop
      vertex   2.500000e+01 3.536184e+00 3.753179e+01
      vertex   2.500000e+01 3.689367e+00 1.662628e+01
      vertex   2.500000e+01 3.535228e+00 1.626505e+01
    endloop
  endfacet
  facet normal -1.000000e+00 -0.000000e+00 0.000000e+00
    outer loop
      vertex   2.500000e+01 3.536184e+00 3.753179e+01
      vertex   2.500000e+01 3.535228e+00 1.626505e+01
      vertex   2.500000e+01 3.409398e+00 3.790222e+01
    endloop
  endfacet
  facet normal -1.000000e+00 0.000000e+00 -0.000000e+00
    outer loop
      vertex   2.500000e+01 3.409398e+00 3.790222e+01
      vertex   2.500000e+01 3.535228e+00 1.626505e+01
      vertex   2.500000e+01 3.408659e+00 1.589448e+01
    endloop
  endfacet
  facet normal -1.000000e+00 -0.000000e+00 0.000000e+00
    outer loop
      vertex   2.500000e+01 3.409398e+00 3.790222e+01
      vertex   2.500000e+01 3.408659e+00 1.589448e+01
      vertex   2.500000e+01 3.310801e+00 3.828014e+01
    endloop
  endfacet
  facet normal -1.000000e+00 0.000000e+00 -0.000000e+00
    outer loop
      vertex   2.500000e+01 3.310801e+00 3.828014e+01
      vertex   2.500000e+01 3.408659e+00 1.589448e+01
      vertex   2.500000e+01 3.310293e+00 1.551644e+01
    endloop
  endfacet
  facet normal -1.000000e+00 -0.000000e+00 0.000000e+00
    outer loop
      vertex   2.500000e+01 3.310801e+00 3.828014e+01
      vertex   2.500000e+01 3.310293e+00 1.551644e+01
      vertex   2.500000e+01 3.240885e+00 3.866367e+01
    endloop
  endfacet
  facet normal -1.000000e+00 0.000000e+00 -0.000000e+00
    outer loop
      vertex   2.500000e+01 3.240885e+00 3.866367e+01
      vertex   2.500000e+01 3.310293e+00 1.551644e+01
      vertex   2.500000e+01 3.240624e+00 1.513280e+01
    endloop
  endfacet
  facet normal -1.000000e+00 -0.000000e+00 0.000000e+00
    outer loop
      vertex   2.500000e+01 3.240885e+00 3.866367e+01
      vertex   2.500000e+01 3.240624e+00 1.513280e+01
      vertex   2.500000e+01 3.200000e+00 3.905089e+01
    endloop
  endfacet
  facet normal -1.000000e+00 0.000000e+00 0.000000e+00
    outer loop
      vertex   2.500000e+01 3.200000e+00 3.905089e+01
      vertex   2.500000e+01 3.240624e+00 1.513280e+01
      vertex   2.500000e+01 3.200000e+00 1.474549e+01
    endloop
  endfacet
  facet normal -1.000000e+00 0.000000e+00 0.000000e+00
    outer loop
      vertex   2.500000e+01 1.480329e+01 3.843207e+01
      vertex   2.500000e+01 1.486170e+01 3.881730e+01
      vertex   2.500000e+01 1.800000e+01 4.080000e+01
    endloop
  endfacet
  facet normal -1.000000e+00 0.000000e+00 0.000000e+00
    outer loop
      vertex   2.500000e+01 1.800000e+01 4.080000e+01
      vertex   2.500000e+01 1.486170e+01 3.881730e+01
      vertex   2.500000e+01 1.489098e+01 3.920544e+01
    endloop
  endfacet
  facet normal -1.000000e+00 0.000000e+00 0.000000e+00
    outer loop
      vertex   2.500000e+01 1.800000e+01 4.080000e+01
      vertex   2.500000e+01 1.489098e+01 3.920544e+01
      vertex   2.500000e+01 1.489098e+01 3.959456e+01
    endloop
  endfacet
  facet normal -1.000000e+00 0.000000e+00 0.000000e+00
    outer loop
      vertex   2.500000e+01 1.489098e+01 3.959456e+01
      vertex   2.500000e+01 1.486170e+01 3.998270e+01
      vertex   2.500000e+01 1.800000e+01 4.080000e+01
    endloop
  endfacet
  facet normal -1.000000e+00 0.000000e+00 0.000000e+00
    outer loop
      vertex   2.500000e+01 1.800000e+01 4.080000e+01
      vertex   2.500000e+01 1.486170e+01 3.998270e+01
      vertex   2.500000e+01 1.480329e+01 4.036793e+01
    endloop
  endfacet
  facet normal -1.000000e+00 0.000000e+00 0.000000e+00
    outer loop
      vertex   2.500000e+01 1.800000e+01 4.080000e+01
      vertex   2.500000e+01 1.480329e+01 4.036793e+01
      vertex   2.500000e+01 1.471605e+01 4.074831e+01
    endloop
  endfacet
  facet normal -1.000000e+00 -0.000000e+00 0.000000e+00
    outer loop
      vertex   2.500000e+01 1.800000e+01 4.080000e+01
      vertex   2.500000e+01 1.471605e+01 4.074831e+01
      vertex   2.500000e+01 1.450000e+01 5.280000e+01
    endloop
  endfacet
  facet normal -1.000000e+00 0.000000e+00 0.000000e+00
    outer loop
      vertex   2.500000e+01 1.450000e+01 5.280000e+01
      vertex   2.500000e+01 1.471605e+01 4.074831e+01
      vertex   2.500000e+01 1.460040e+01 4.112195e+01
    endloop
  endfacet
  facet normal -1.000000e+00 0.000000e+00 -0.000000e+00
    outer loop
      vertex   2.500000e+01 1.450000e+01 5.280000e+01
      vertex   2.500000e+01 1.460040e+01 4.112195e+01
      vertex   2.500000e+01 1.445693e+01 4.148696e+01
    endloop
  endfacet
  facet normal -1.000000e+00 0.000000e+00 0.000000e+00
    outer loop
      vertex   2.500000e+01 1.445693e+01 4.148696e+01
      vertex   2.500000e+01 1.428636e+01 4.184153e+01
      vertex   2.500000e+01 1.450000e+01 5.280000e+01
    endloop
  endfacet
  facet normal -1.000000e+00 0.000000e+00 0.000000e+00
    outer loop
      vertex   2.500000e+01 1.450000e+01 5.280000e+01
      vertex   2.500000e+01 1.428636e+01 4.184153e+01
      vertex   2.500000e+01 1.408954e+01 4.218388e+01
    endloop
  endfacet
  facet normal -1.000000e+00 0.000000e+00 0.000000e+00
    outer loop
      vertex   2.500000e+01 1.450000e+01 5.280000e+01
      vertex   2.500000e+01 1.408954e+01 4.218388e+01
      vertex   2.500000e+01 1.386745e+01 4.251230e+01
    endloop
  endfacet
  facet normal -1.000000e+00 0.000000e+00 0.000000e+00
    outer loop
      vertex   2.500000e+01 1.386745e+01 4.251230e+01
      vertex   2.500000e+01 1.362121e+01 4.282514e+01
      vertex   2.500000e+01 1.450000e+01 5.280000e+01
    endloop
  endfacet
  facet normal -1.000000e+00 0.000000e+00 0.000000e+00
    outer loop
      vertex   2.500000e+01 1.450000e+01 5.280000e+01
      vertex   2.500000e+01 1.362121e+01 4.282514e+01
      vertex   2.500000e+01 1.335204e+01 4.312084e+01
    endloop
  endfacet
  facet normal -1.000000e+00 0.000000e+00 0.000000e+00
    outer loop
      vertex   2.500000e+01 1.450000e+01 5.280000e+01
      vertex   2.500000e+01 1.335204e+01 4.312084e+01
      vertex   2.500000e+01 1.306130e+01 4.339792e+01
    endloop
  endfacet
  facet normal -1.000000e+00 0.000000e+00 0.000000e+00
    outer loop
      vertex   2.500000e+01 1.306130e+01 4.339792e+01
      vertex   2.500000e+01 1.275044e+01 4.365498e+01
      vertex   2.500000e+01 1.450000e+01 5.280000e+01
    endloop
  endfacet
  facet normal -1.000000e+00 0.000000e+00 0.000000e+00
    outer loop
      vertex   2.500000e+01 1.450000e+01 5.280000e+01
      vertex   2.500000e+01 1.275044e+01 4.365498e+01
      vertex   2.500000e+01 1.242102e+01 4.389076e+01
    endloop
  endfacet
  facet normal -1.000000e+00 0.000000e+00 0.000000e+00
    outer loop
      vertex   2.500000e+01 1.450000e+01 5.280000e+01
      vertex   2.500000e+01 1.242102e+01 4.389076e+01
      vertex   2.500000e+01 1.207469e+01 4.410405e+01
    endloop
  endfacet
  facet normal -1.000000e+00 0.000000e+00 0.000000e+00
    outer loop
      vertex   2.500000e+01 1.207469e+01 4.410405e+01
      vertex   2.500000e+01 1.171317e+01 4.429380e+01
      vertex   2.500000e+01 1.450000e+01 5.280000e+01
    endloop
  endfacet
  facet normal -1.000000e+00 0.000000e+00 0.000000e+00
    outer loop
      vertex   2.500000e+01 1.450000e+01 5.280000e+01
      vertex   2.500000e+01 1.171317e+01 4.429380e+01
      vertex   2.500000e+01 1.133828e+01 4.445906e+01
    endloop
  endfacet
  facet normal -1.000000e+00 0.000000e+00 0.000000e+00
    outer loop
      vertex   2.500000e+01 1.450000e+01 5.280000e+01
      vertex   2.500000e+01 1.133828e+01 4.445906e+01
      vertex   2.500000e+01 1.095189e+01 4.459900e+01
    endloop
  endfacet
  facet normal -1.000000e+00 0.000000e+00 0.000000e+00
    outer loop
      vertex   2.500000e+01 1.095189e+01 4.459900e+01
      vertex   2.500000e+01 1.055594e+01 4.471291e+01
      vertex   2.500000e+01 1.450000e+01 5.280000e+01
    endloop
  endfacet
  facet normal -1.000000e+00 0.000000e+00 0.000000e+00
    outer loop
      vertex   2.500000e+01 1.450000e+01 5.280000e+01
      vertex   2.500000e+01 1.055594e+01 4.471291e+01
      vertex   2.500000e+01 1.015242e+01 4.480024e+01
    endloop
  endfacet
  facet normal -1.000000e+00 0.000000e+00 0.000000e+00
    outer loop
      vertex   2.500000e+01 1.450000e+01 5.280000e+01
      vertex   2.500000e+01 1.015242e+01 4.480024e+01
      vertex   2.500000e+01 9.743329e+00 4.486054e+01
    endloop
  endfacet
  facet normal -1.000000e+00 0.000000e+00 0.000000e+00
    outer loop
      vertex   2.500000e+01 9.743329e+00 4.486054e+01
      vertex   2.500000e+01 9.330728e+00 4.489351e+01
      vertex   2.500000e+01 1.450000e+01 5.280000e+01
    endloop
  endfacet
  facet normal -1.000000e+00 0.000000e+00 0.000000e+00
    outer loop
      vertex   2.500000e+01 1.450000e+01 5.280000e+01
      vertex   2.500000e+01 9.330728e+00 4.489351e+01
      vertex   2.500000e+01 8.916679e+00 4.489898e+01
    endloop
  endfacet
  facet normal -1.000000e+00 -0.000000e+00 0.000000e+00
    outer loop
      vertex   2.500000e+01 1.450000e+01 5.280000e+01
      vertex   2.500000e+01 8.916679e+00 4.489898e+01
      vertex   2.500000e+01 3.200000e+00 5.280000e+01
    endloop
  endfacet
  facet normal -1.000000e+00 0.000000e+00 0.000000e+00
    outer loop
      vertex   2.500000e+01 3.200000e+00 5.280000e+01
      vertex   2.500000e+01 8.916679e+00 4.489898e+01
      vertex   2.500000e+01 8.503255e+00 4.487693e+01
    endloop
  endfacet
  facet normal -1.000000e+00 0.000000e+00 0.000000e+00
    outer loop
      vertex   2.500000e+01 3.200000e+00 5.280000e+01
      vertex   2.500000e+01 8.503255e+00 4.487693e+01
      vertex   2.500000e+01 8.092524e+00 4.482747e+01
    endloop
  endfacet
  facet normal -1.000000e+00 -0.000000e+00 0.000000e+00
    outer loop
      vertex   2.500000e+01 8.092524e+00 4.482747e+01
      vertex   2.500000e+01 7.686542e+00 4.475085e+01
      vertex   2.500000e+01 3.200000e+00 5.280000e+01
    endloop
  endfacet
  facet normal -1.000000e+00 0.000000e+00 0.000000e+00
    outer loop
      vertex   2.500000e+01 3.200000e+00 5.280000e+01
      vertex   2.500000e+01 7.686542e+00 4.475085e+01
      vertex   2.500000e+01 7.287341e+00 4.464744e+01
    endloop
  endfacet
  facet normal -1.000000e+00 0.000000e+00 0.000000e+00
    outer loop
      vertex   2.500000e+01 3.200000e+00 5.280000e+01
      vertex   2.500000e+01 7.287341e+00 4.464744e+01
      vertex   2.500000e+01 6.896919e+00 4.451777e+01
    endloop
  endfacet
  facet normal -1.000000e+00 -0.000000e+00 0.000000e+00
    outer loop
      vertex   2.500000e+01 6.896919e+00 4.451777e+01
      vertex   2.500000e+01 6.517230e+00 4.436249e+01
      vertex   2.500000e+01 3.200000e+00 5.280000e+01
    endloop
  endfacet
  facet normal -1.000000e+00 0.000000e+00 0.000000e+00
    outer loop
      vertex   2.500000e+01 3.200000e+00 5.280000e+01
      vertex   2.500000e+01 6.517230e+00 4.436249e+01
      vertex   2.500000e+01 6.150175e+00 4.418237e+01
    endloop
  endfacet
  facet normal -1.000000e+00 0.000000e+00 0.000000e+00
    outer loop
      vertex   2.500000e+01 3.200000e+00 5.280000e+01
      vertex   2.500000e+01 6.150175e+00 4.418237e+01
      vertex   2.500000e+01 5.797590e+00 4.397832e+01
    endloop
  endfacet
  facet normal -1.000000e+00 -0.000000e+00 0.000000e+00
    outer loop
      vertex   2.500000e+01 5.797590e+00 4.397832e+01
      vertex   2.500000e+01 5.461241e+00 4.375135e+01
      vertex   2.500000e+01 3.200000e+00 5.280000e+01
    endloop
  endfacet
  facet normal -1.000000e+00 0.000000e+00 0.000000e+00
    outer loop
      vertex   2.500000e+01 3.200000e+00 5.280000e+01
      vertex   2.500000e+01 5.461241e+00 4.375135e+01
      vertex   2.500000e+01 5.142810e+00 4.350260e+01
    endloop
  endfacet
  facet normal -1.000000e+00 0.000000e+00 0.000000e+00
    outer loop
      vertex   2.500000e+01 3.200000e+00 5.280000e+01
      vertex   2.500000e+01 5.142810e+00 4.350260e+01
      vertex   2.500000e+01 4.843891e+00 4.323332e+01
    endloop
  endfacet
  facet normal -1.000000e+00 -0.000000e+00 0.000000e+00
    outer loop
      vertex   2.500000e+01 4.843891e+00 4.323332e+01
      vertex   2.500000e+01 4.565981e+00 4.294485e+01
      vertex   2.500000e+01 3.200000e+00 5.280000e+01
    endloop
  endfacet
  facet normal -1.000000e+00 0.000000e+00 0.000000e+00
    outer loop
      vertex   2.500000e+01 3.200000e+00 5.280000e+01
      vertex   2.500000e+01 4.565981e+00 4.294485e+01
      vertex   2.500000e+01 4.310470e+00 4.263864e+01
    endloop
  endfacet
  facet normal -1.000000e+00 0.000000e+00 0.000000e+00
    outer loop
      vertex   2.500000e+01 3.200000e+00 5.280000e+01
      vertex   2.500000e+01 4.310470e+00 4.263864e+01
      vertex   2.500000e+01 4.078637e+00 4.231623e+01
    endloop
  endfacet
  facet normal -1.000000e+00 -0.000000e+00 0.000000e+00
    outer loop
      vertex   2.500000e+01 4.078637e+00 4.231623e+01
      vertex   2.500000e+01 3.871643e+00 4.197921e+01
      vertex   2.500000e+01 3.200000e+00 5.280000e+01
    endloop
  endfacet
  facet normal -1.000000e+00 0.000000e+00 0.000000e+00
    outer loop
      vertex   2.500000e+01 3.200000e+00 5.280000e+01
      vertex   2.500000e+01 3.871643e+00 4.197921e+01
      vertex   2.500000e+01 3.690523e+00 4.162929e+01
    endloop
  endfacet
  facet normal -1.000000e+00 0.000000e+00 0.000000e+00
    outer loop
      vertex   2.500000e+01 3.200000e+00 5.280000e+01
      vertex   2.500000e+01 3.690523e+00 4.162929e+01
      vertex   2.500000e+01 3.536184e+00 4.126821e+01
    endloop
  endfacet
  facet normal -1.000000e+00 -0.000000e+00 0.000000e+00
    outer loop
      vertex   2.500000e+01 3.536184e+00 4.126821e+01
      vertex   2.500000e+01 3.409398e+00 4.089778e+01
      vertex   2.500000e+01 3.200000e+00 5.280000e+01
    endloop
  endfacet
  facet normal -1.000000e+00 0.000000e+00 0.000000e+00
    outer loop
      vertex   2.500000e+01 3.200000e+00 5.280000e+01
      vertex   2.500000e+01 3.409398e+00 4.089778e+01
      vertex   2.500000e+01 3.310801e+00 4.051986e+01
    endloop
  endfacet
  facet normal -1.000000e+00 0.000000e+00 0.000000e+00
    outer loop
      vertex   2.500000e+01 3.200000e+00 5.280000e+01
      vertex   2.500000e+01 3.310801e+00 4.051986e+01
      vertex   2.500000e+01 3.240885e+00 4.013633e+01
    endloop
  endfacet
  facet normal -1.000000e+00 -0.000000e+00 0.000000e+00
    outer loop
      vertex   2.500000e+01 3.240885e+00 4.013633e+01
      vertex   2.500000e+01 3.200000e+00 3.974911e+01
      vertex   2.500000e+01 3.200000e+00 5.280000e+01
    endloop
  endfacet
  facet normal -3.208331e-01 0.000000e+00 -9.471358e-01
    outer loop
      vertex   7.039355e+00 1.800000e+01 6.570932e+00
      vertex   7.200000e+00 1.880000e+01 6.516515e+00
      vertex   7.200000e+00 1.800000e+01 6.516515e+00
    endloop
  endfacet
  facet normal -4.762849e-01 0.000000e+00 -8.792910e-01
    outer loop
      vertex   7.200000e+00 1.800000e+01 6.516515e+00
      vertex   7.200000e+00 1.880000e+01 6.516515e+00
      vertex   7.349138e+00 1.880000e+01 6.435732e+00
    endloop
  endfacet
  facet normal -4.762849e-01 0.000000e+00 -8.792910e-01
    outer loop
      vertex   7.200000e+00 1.800000e+01 6.516515e+00
      vertex   7.349138e+00 1.880000e+01 6.435732e+00
      vertex   7.349138e+00 1.800000e+01 6.435732e+00
    endloop
  endfacet
  facet normal -6.180349e-01 0.000000e+00 -7.861507e-01
    outer loop
      vertex   7.349138e+00 1.800000e+01 6.435732e+00
      vertex   7.349138e+00 1.880000e+01 6.435732e+00
      vertex   7.482479e+00 1.880000e+01 6.330906e+00
    endloop
  endfacet
  facet normal -6.180349e-01 0.000000e+00 -7.861507e-01
    outer loop
      vertex   7.349138e+00 1.800000e+01 6.435732e+00
      vertex   7.482479e+00 1.880000e+01 6.330906e+00
      vertex   7.482479e+00 1.800000e+01 6.330906e+00
    endloop
  endfacet
  facet normal -7.420051e-01 0.000000e+00 -6.703942e-01
    outer loop
      vertex   7.482479e+00 1.800000e+01 6.330906e+00
      vertex   7.482479e+00 1.880000e+01 6.330906e+00
      vertex   7.596185e+00 1.880000e+01 6.205053e+00
    endloop
  endfacet
  facet normal -7.420051e-01 0.000000e+00 -6.703942e-01
    outer loop
      vertex   7.482479e+00 1.800000e+01 6.330906e+00
      vertex   7.596185e+00 1.880000e+01 6.205053e+00
      vertex   7.596185e+00 1.800000e+01 6.205053e+00
    endloop
  endfacet
  facet normal -8.446292e-01 0.000000e+00 -5.353517e-01
    outer loop
      vertex   7.596185e+00 1.800000e+01 6.205053e+00
      vertex   7.596185e+00 1.880000e+01 6.205053e+00
      vertex   7.686987e+00 1.880000e+01 6.061794e+00
    endloop
  endfacet
  facet normal -8.446292e-01 0.000000e+00 -5.353517e-01
    outer loop
      vertex   7.596185e+00 1.800000e+01 6.205053e+00
      vertex   7.686987e+00 1.880000e+01 6.061794e+00
      vertex   7.686987e+00 1.800000e+01 6.061794e+00
    endloop
  endfacet
  facet normal -9.229549e-01 0.000000e+00 -3.849081e-01
    outer loop
      vertex   7.686987e+00 1.800000e+01 6.061794e+00
      vertex   7.686987e+00 1.880000e+01 6.061794e+00
      vertex   7.752272e+00 1.880000e+01 5.905249e+00
    endloop
  endfacet
  facet normal -9.229549e-01 0.000000e+00 -3.849081e-01
    outer loop
      vertex   7.686987e+00 1.800000e+01 6.061794e+00
      vertex   7.752272e+00 1.880000e+01 5.905249e+00
      vertex   7.752272e+00 1.800000e+01 5.905249e+00
    endloop
  endfacet
  facet normal -9.747288e-01 0.000000e+00 -2.233915e-01
    outer loop
      vertex   7.752272e+00 1.800000e+01 5.905249e+00
      vertex   7.752272e+00 1.880000e+01 5.905249e+00
      vertex   7.790162e+00 1.880000e+01 5.739924e+00
    endloop
  endfacet
  facet normal -9.747288e-01 0.000000e+00 -2.233915e-01
    outer loop
      vertex   7.752272e+00 1.800000e+01 5.905249e+00
      vertex   7.790162e+00 1.880000e+01 5.739924e+00
      vertex   7.790162e+00 1.800000e+01 5.739924e+00
    endloop
  endfacet
  facet normal -9.984616e-01 0.000000e+00 -5.544820e-02
    outer loop
      vertex   7.790162e+00 1.800000e+01 5.739924e+00
      vertex   7.790162e+00 1.880000e+01 5.739924e+00
      vertex   7.799567e+00 1.880000e+01 5.570573e+00
    endloop
  endfacet
  facet normal -9.984616e-01 0.000000e+00 -5.544820e-02
    outer loop
      vertex   7.790162e+00 1.800000e+01 5.739924e+00
      vertex   7.799567e+00 1.880000e+01 5.570573e+00
      vertex   7.799567e+00 1.800000e+01 5.570573e+00
    endloop
  endfacet
  facet normal -9.934704e-01 0.000000e+00 1.140902e-01
    outer loop
      vertex   7.799567e+00 1.800000e+01 5.570573e+00
      vertex   7.799567e+00 1.880000e+01 5.570573e+00
      vertex   7.780216e+00 1.880000e+01 5.402069e+00
    endloop
  endfacet
  facet normal -9.934704e-01 0.000000e+00 1.140902e-01
    outer loop
      vertex   7.799567e+00 1.800000e+01 5.570573e+00
      vertex   7.780216e+00 1.880000e+01 5.402069e+00
      vertex   7.780216e+00 1.800000e+01 5.402069e+00
    endloop
  endfacet
  facet normal -9.598989e-01 0.000000e+00 2.803464e-01
    outer loop
      vertex   7.780216e+00 1.800000e+01 5.402069e+00
      vertex   7.780216e+00 1.880000e+01 5.402069e+00
      vertex   7.732666e+00 1.880000e+01 5.239258e+00
    endloop
  endfacet
  facet normal -9.598989e-01 0.000000e+00 2.803464e-01
    outer loop
      vertex   7.780216e+00 1.800000e+01 5.402069e+00
      vertex   7.732666e+00 1.880000e+01 5.239258e+00
      vertex   7.732666e+00 1.800000e+01 5.239258e+00
    endloop
  endfacet
  facet normal -8.987128e-01 0.000000e+00 4.385376e-01
    outer loop
      vertex   7.732666e+00 1.800000e+01 5.239258e+00
      vertex   7.732666e+00 1.880000e+01 5.239258e+00
      vertex   7.658285e+00 1.880000e+01 5.086826e+00
    endloop
  endfacet
  facet normal -8.987128e-01 0.000000e+00 4.385376e-01
    outer loop
      vertex   7.732666e+00 1.800000e+01 5.239258e+00
      vertex   7.658285e+00 1.880000e+01 5.086826e+00
      vertex   7.658285e+00 1.800000e+01 5.086826e+00
    endloop
  endfacet
  facet normal -8.116725e-01 0.000000e+00 5.841128e-01
    outer loop
      vertex   7.658285e+00 1.800000e+01 5.086826e+00
      vertex   7.658285e+00 1.880000e+01 5.086826e+00
      vertex   7.559212e+00 1.880000e+01 4.949157e+00
    endloop
  endfacet
  facet normal -8.116725e-01 -6.520100e-16 5.841128e-01
    outer loop
      vertex   7.658285e+00 1.800000e+01 5.086826e+00
      vertex   7.559212e+00 1.880000e+01 4.949157e+00
      vertex   7.559212e+00 1.800000e+01 4.949157e+00
    endloop
  endfacet
  facet normal -7.012817e-01 -7.914605e-16 7.128842e-01
    outer loop
      vertex   7.559212e+00 1.800000e+01 4.949157e+00
      vertex   7.559212e+00 1.880000e+01 4.949157e+00
      vertex   7.438299e+00 1.880000e+01 4.830211e+00
    endloop
  endfacet
  facet normal -7.012817e-01 0.000000e+00 7.128842e-01
    outer loop
      vertex   7.559212e+00 1.800000e+01 4.949157e+00
      vertex   7.438299e+00 1.880000e+01 4.830211e+00
      vertex   7.438299e+00 1.800000e+01 4.830211e+00
    endloop
  endfacet
  facet normal -5.707164e-01 0.000000e+00 8.211472e-01
    outer loop
      vertex   7.438299e+00 1.800000e+01 4.830211e+00
      vertex   7.438299e+00 1.880000e+01 4.830211e+00
      vertex   7.299022e+00 1.880000e+01 4.733411e+00
    endloop
  endfacet
  facet normal -5.707164e-01 0.000000e+00 8.211472e-01
    outer loop
      vertex   7.438299e+00 1.800000e+01 4.830211e+00
      vertex   7.299022e+00 1.880000e+01 4.733411e+00
      vertex   7.299022e+00 1.800000e+01 4.733411e+00
    endloop
  endfacet
  facet normal -4.237326e-01 0.000000e+00 9.057873e-01
    outer loop
      vertex   7.299022e+00 1.800000e+01 4.733411e+00
      vertex   7.299022e+00 1.880000e+01 4.733411e+00
      vertex   7.145390e+00 1.880000e+01 4.661541e+00
    endloop
  endfacet
  facet normal -4.237326e-01 0.000000e+00 9.057873e-01
    outer loop
      vertex   7.299022e+00 1.800000e+01 4.733411e+00
      vertex   7.145390e+00 1.880000e+01 4.661541e+00
      vertex   7.145390e+00 1.800000e+01 4.661541e+00
    endloop
  endfacet
  facet normal -2.645588e-01 0.000000e+00 9.643695e-01
    outer loop
      vertex   7.145390e+00 1.800000e+01 4.661541e+00
      vertex   7.145390e+00 1.880000e+01 4.661541e+00
      vertex   6.981822e+00 1.880000e+01 4.616668e+00
    endloop
  endfacet
  facet normal -2.645588e-01 0.000000e+00 9.643695e-01
    outer loop
      vertex   7.145390e+00 1.800000e+01 4.661541e+00
      vertex   6.981822e+00 1.880000e+01 4.616668e+00
      vertex   6.981822e+00 1.800000e+01 4.616668e+00
    endloop
  endfacet
  facet normal -9.777415e-02 0.000000e+00 9.952086e-01
    outer loop
      vertex   6.981822e+00 1.800000e+01 4.616668e+00
      vertex   6.981822e+00 1.880000e+01 4.616668e+00
      vertex   6.813022e+00 1.880000e+01 4.600085e+00
    endloop
  endfacet
  facet normal -9.777415e-02 0.000000e+00 9.952086e-01
    outer loop
      vertex   6.981822e+00 1.800000e+01 4.616668e+00
      vertex   6.813022e+00 1.880000e+01 4.600085e+00
      vertex   6.813022e+00 1.800000e+01 4.600085e+00
    endloop
  endfacet
  facet normal 7.182331e-02 -0.000000e+00 9.974174e-01
    outer loop
      vertex   6.813022e+00 1.800000e+01 4.600085e+00
      vertex   6.813022e+00 1.880000e+01 4.600085e+00
      vertex   6.643849e+00 1.880000e+01 4.612267e+00
    endloop
  endfacet
  facet normal 7.182331e-02 0.000000e+00 9.974174e-01
    outer loop
      vertex   6.813022e+00 1.800000e+01 4.600085e+00
      vertex   6.643849e+00 1.880000e+01 4.612267e+00
      vertex   6.643849e+00 1.800000e+01 4.612267e+00
    endloop
  endfacet
  facet normal 2.393546e-01 -0.000000e+00 9.709322e-01
    outer loop
      vertex   6.643849e+00 1.800000e+01 4.612267e+00
      vertex   6.643849e+00 1.880000e+01 4.612267e+00
      vertex   6.479167e+00 1.880000e+01 4.652864e+00
    endloop
  endfacet
  facet normal 2.393546e-01 0.000000e+00 9.709322e-01
    outer loop
      vertex   6.643849e+00 1.800000e+01 4.612267e+00
      vertex   6.479167e+00 1.880000e+01 4.652864e+00
      vertex   6.479167e+00 1.800000e+01 4.652864e+00
    endloop
  endfacet
  facet normal 4.000000e-01 -0.000000e+00 9.165151e-01
    outer loop
      vertex   6.479167e+00 1.800000e+01 4.652864e+00
      vertex   6.479167e+00 1.880000e+01 4.652864e+00
      vertex   6.323715e+00 1.880000e+01 4.720709e+00
    endloop
  endfacet
  facet normal 4.000000e-01 0.000000e+00 9.165151e-01
    outer loop
      vertex   6.479167e+00 1.800000e+01 4.652864e+00
      vertex   6.323715e+00 1.880000e+01 4.720709e+00
      vertex   6.323715e+00 1.800000e+01 4.720709e+00
    endloop
  endfacet
  facet normal 5.491382e-01 -0.000000e+00 8.357316e-01
    outer loop
      vertex   6.323715e+00 1.800000e+01 4.720709e+00
      vertex   6.323715e+00 1.880000e+01 4.720709e+00
      vertex   6.181965e+00 1.880000e+01 4.813849e+00
    endloop
  endfacet
  facet normal 5.491382e-01 0.000000e+00 8.357316e-01
    outer loop
      vertex   6.323715e+00 1.800000e+01 4.720709e+00
      vertex   6.181965e+00 1.880000e+01 4.813849e+00
      vertex   6.181965e+00 1.800000e+01 4.813849e+00
    endloop
  endfacet
  facet normal 6.824786e-01 -0.000000e+00 7.309055e-01
    outer loop
      vertex   6.181965e+00 1.800000e+01 4.813849e+00
      vertex   6.181965e+00 1.880000e+01 4.813849e+00
      vertex   6.057995e+00 1.880000e+01 4.929606e+00
    endloop
  endfacet
  facet normal 6.824786e-01 8.054241e-16 7.309055e-01
    outer loop
      vertex   6.181965e+00 1.800000e+01 4.813849e+00
      vertex   6.057995e+00 1.880000e+01 4.929606e+00
      vertex   6.057995e+00 1.800000e+01 4.929606e+00
    endloop
  endfacet
  facet normal 7.961854e-01 6.717434e-16 6.050527e-01
    outer loop
      vertex   6.057995e+00 1.800000e+01 4.929606e+00
      vertex   6.057995e+00 1.880000e+01 4.929606e+00
      vertex   5.955371e+00 1.880000e+01 5.064648e+00
    endloop
  endfacet
  facet normal 7.961854e-01 -8.821312e-16 6.050527e-01
    outer loop
      vertex   6.057995e+00 1.800000e+01 4.929606e+00
      vertex   5.955371e+00 1.880000e+01 5.064648e+00
      vertex   5.955371e+00 1.800000e+01 5.064648e+00
    endloop
  endfacet
  facet normal 8.869874e-01 -9.847539e-16 4.617935e-01
    outer loop
      vertex   5.955371e+00 1.800000e+01 5.064648e+00
      vertex   5.955371e+00 1.880000e+01 5.064648e+00
      vertex   5.877045e+00 1.880000e+01 5.215092e+00
    endloop
  endfacet
  facet normal 8.869874e-01 5.113804e-16 4.617935e-01
    outer loop
      vertex   5.955371e+00 1.800000e+01 5.064648e+00
      vertex   5.877045e+00 1.880000e+01 5.215092e+00
      vertex   5.877045e+00 1.800000e+01 5.215092e+00
    endloop
  endfacet
  facet normal 9.522724e-01 3.388950e-16 3.052495e-01
    outer loop
      vertex   5.877045e+00 1.800000e+01 5.215092e+00
      vertex   5.877045e+00 1.880000e+01 5.215092e+00
      vertex   5.825271e+00 1.880000e+01 5.376609e+00
    endloop
  endfacet
  facet normal 9.522724e-01 3.451818e-16 3.052495e-01
    outer loop
      vertex   5.877045e+00 1.800000e+01 5.215092e+00
      vertex   5.825271e+00 1.880000e+01 5.376609e+00
      vertex   5.825271e+00 1.800000e+01 5.376609e+00
    endloop
  endfacet
  facet normal 9.901623e-01 1.553467e-16 1.399239e-01
    outer loop
      vertex   5.825271e+00 1.800000e+01 5.376609e+00
      vertex   5.825271e+00 1.880000e+01 5.376609e+00
      vertex   5.801538e+00 1.880000e+01 5.544552e+00
    endloop
  endfacet
  facet normal 9.901623e-01 0.000000e+00 1.399239e-01
    outer loop
      vertex   5.825271e+00 1.800000e+01 5.376609e+00
      vertex   5.801538e+00 1.880000e+01 5.544552e+00
      vertex   5.801538e+00 1.800000e+01 5.544552e+00
    endloop
  endfacet
  facet normal 9.995669e-01 0.000000e+00 -2.942700e-02
    outer loop
      vertex   5.801538e+00 1.800000e+01 5.544552e+00
      vertex   5.801538e+00 1.880000e+01 5.544552e+00
      vertex   5.806530e+00 1.880000e+01 5.714090e+00
    endloop
  endfacet
  facet normal 9.995669e-01 -3.276031e-17 -2.942700e-02
    outer loop
      vertex   5.801538e+00 1.800000e+01 5.544552e+00
      vertex   5.806530e+00 1.880000e+01 5.714090e+00
      vertex   5.806530e+00 1.800000e+01 5.714090e+00
    endloop
  endfacet
  facet normal 9.802159e-01 -2.197479e-16 -1.979314e-01
    outer loop
      vertex   5.806530e+00 1.800000e+01 5.714090e+00
      vertex   5.806530e+00 1.880000e+01 5.714090e+00
      vertex   5.840101e+00 1.880000e+01 5.880346e+00
    endloop
  endfacet
  facet normal 9.802159e-01 0.000000e+00 -1.979314e-01
    outer loop
      vertex   5.806530e+00 1.800000e+01 5.714090e+00
      vertex   5.840101e+00 1.880000e+01 5.880346e+00
      vertex   5.840101e+00 1.800000e+01 5.880346e+00
    endloop
  endfacet
  facet normal 9.326658e-01 0.000000e+00 -3.607416e-01
    outer loop
      vertex   5.840101e+00 1.800000e+01 5.880346e+00
      vertex   5.840101e+00 1.880000e+01 5.880346e+00
      vertex   5.901287e+00 1.880000e+01 6.038538e+00
    endloop
  endfacet
  facet normal 9.326658e-01 0.000000e+00 -3.607416e-01
    outer loop
      vertex   5.840101e+00 1.800000e+01 5.880346e+00
      vertex   5.901287e+00 1.880000e+01 6.038538e+00
      vertex   5.901287e+00 1.800000e+01 6.038538e+00
    endloop
  endfacet
  facet normal 8.582846e-01 0.000000e+00 -5.131739e-01
    outer loop
      vertex   5.901287e+00 1.800000e+01 6.038538e+00
      vertex   5.901287e+00 1.880000e+01 6.038538e+00
      vertex   5.988328e+00 1.880000e+01 6.184113e+00
    endloop
  endfacet
  facet normal 8.582846e-01 0.000000e+00 -5.131739e-01
    outer loop
      vertex   5.901287e+00 1.800000e+01 6.038538e+00
      vertex   5.988328e+00 1.880000e+01 6.184113e+00
      vertex   5.988328e+00 1.800000e+01 6.184113e+00
    endloop
  endfacet
  facet normal 7.592122e-01 0.000000e+00 -6.508432e-01
    outer loop
      vertex   5.988328e+00 1.800000e+01 6.184113e+00
      vertex   5.988328e+00 1.880000e+01 6.184113e+00
      vertex   6.098718e+00 1.880000e+01 6.312884e+00
    endloop
  endfacet
  facet normal 7.592122e-01 1.687555e-15 -6.508432e-01
    outer loop
      vertex   5.988328e+00 1.800000e+01 6.184113e+00
      vertex   6.098718e+00 1.880000e+01 6.312884e+00
      vertex   6.098718e+00 1.800000e+01 6.312884e+00
    endloop
  endfacet
  facet normal 6.382986e-01 1.417308e-15 -7.697889e-01
    outer loop
      vertex   6.098718e+00 1.800000e+01 6.312884e+00
      vertex   6.098718e+00 1.880000e+01 6.312884e+00
      vertex   6.229284e+00 1.880000e+01 6.421147e+00
    endloop
  endfacet
  facet normal 6.382986e-01 0.000000e+00 -7.697889e-01
    outer loop
      vertex   6.098718e+00 1.800000e+01 6.312884e+00
      vertex   6.229284e+00 1.880000e+01 6.421147e+00
      vertex   6.229284e+00 1.800000e+01 6.421147e+00
    endloop
  endfacet
  facet normal 4.990223e-01 0.000000e+00 -8.665892e-01
    outer loop
      vertex   6.229284e+00 1.800000e+01 6.421147e+00
      vertex   6.229284e+00 1.880000e+01 6.421147e+00
      vertex   6.376267e+00 1.880000e+01 6.505787e+00
    endloop
  endfacet
  facet normal 4.990223e-01 5.625184e-16 -8.665892e-01
    outer loop
      vertex   6.229284e+00 1.800000e+01 6.421147e+00
      vertex   6.376267e+00 1.880000e+01 6.505787e+00
      vertex   6.376267e+00 1.800000e+01 6.505787e+00
    endloop
  endfacet
  facet normal 3.453900e-01 3.834599e-16 -9.384592e-01
    outer loop
      vertex   6.376267e+00 1.800000e+01 6.505787e+00
      vertex   6.376267e+00 1.880000e+01 6.505787e+00
      vertex   6.535441e+00 1.880000e+01 6.564370e+00
    endloop
  endfacet
  facet normal 3.453900e-01 3.835353e-16 -9.384592e-01
    outer loop
      vertex   6.376267e+00 1.800000e+01 6.505787e+00
      vertex   6.535441e+00 1.880000e+01 6.564370e+00
      vertex   6.535441e+00 1.800000e+01 6.564370e+00
    endloop
  endfacet
  facet normal 1.818215e-01 2.018624e-16 -9.833316e-01
    outer loop
      vertex   6.535441e+00 1.800000e+01 6.564370e+00
      vertex   6.535441e+00 1.880000e+01 6.564370e+00
      vertex   6.702226e+00 1.880000e+01 6.595209e+00
    endloop
  endfacet
  facet normal 1.818215e-01 2.045522e-16 -9.833316e-01
    outer loop
      vertex   6.535441e+00 1.800000e+01 6.564370e+00
      vertex   6.702226e+00 1.880000e+01 6.595209e+00
      vertex   6.702226e+00 1.800000e+01 6.595209e+00
    endloop
  endfacet
  facet normal 1.302233e-02 1.445769e-17 -9.999152e-01
    outer loop
      vertex   6.702226e+00 1.800000e+01 6.595209e+00
      vertex   6.702226e+00 1.880000e+01 6.595209e+00
      vertex   6.871823e+00 1.880000e+01 6.597417e+00
    endloop
  endfacet
  facet normal 1.302233e-02 1.438257e-17 -9.999152e-01
    outer loop
      vertex   6.702226e+00 1.800000e+01 6.595209e+00
      vertex   6.871823e+00 1.880000e+01 6.597417e+00
      vertex   6.871823e+00 1.800000e+01 6.597417e+00
    endloop
  endfacet
  facet normal -1.561515e-01 -1.733630e-16 -9.877331e-01
    outer loop
      vertex   6.871823e+00 1.800000e+01 6.597417e+00
      vertex   6.871823e+00 1.880000e+01 6.597417e+00
      vertex   7.039355e+00 1.880000e+01 6.570932e+00
    endloop
  endfacet
  facet normal -1.561515e-01 -1.725909e-16 -9.877331e-01
    outer loop
      vertex   6.871823e+00 1.800000e+01 6.597417e+00
      vertex   7.039355e+00 1.880000e+01 6.570932e+00
      vertex   7.039355e+00 1.800000e+01 6.570932e+00
    endloop
  endfacet
  facet normal -3.208331e-01 -3.561963e-16 -9.471358e-01
    outer loop
      vertex   7.039355e+00 1.800000e+01 6.570932e+00
      vertex   7.039355e+00 1.880000e+01 6.570932e+00
      vertex   7.200000e+00 1.880000e+01 6.516515e+00
    endloop
  endfacet
  facet normal -3.422550e-01 9.389133e-01 3.610241e-02
    outer loop
      vertex   3.183535e+01 5.691319e+00 3.900312e+01
      vertex   2.502432e+01 3.200000e+00 3.922536e+01
      vertex   3.184025e+01 5.677845e+00 3.940000e+01
    endloop
  endfacet
  facet normal -3.419770e-01 9.395742e-01 1.587807e-02
    outer loop
      vertex   3.184025e+01 5.677845e+00 3.940000e+01
      vertex   2.502432e+01 3.200000e+00 3.922536e+01
      vertex   2.503243e+01 3.200000e+00 3.940000e+01
    endloop
  endfacet
  facet normal -3.419770e-01 9.395742e-01 -1.587807e-02
    outer loop
      vertex   3.184025e+01 5.677845e+00 3.940000e+01
      vertex   2.503243e+01 3.200000e+00 3.940000e+01
      vertex   2.502432e+01 3.200000e+00 3.957464e+01
    endloop
  endfacet
  facet normal -3.402397e-01 9.341024e-01 1.081190e-01
    outer loop
      vertex   3.182066e+01 5.731668e+00 3.860830e+01
      vertex   2.500000e+01 3.240885e+00 3.866367e+01
      vertex   3.183535e+01 5.691319e+00 3.900312e+01
    endloop
  endfacet
  facet normal -3.401568e-01 9.351703e-01 9.874135e-02
    outer loop
      vertex   3.183535e+01 5.691319e+00 3.900312e+01
      vertex   2.500000e+01 3.240885e+00 3.866367e+01
      vertex   2.500000e+01 3.200000e+00 3.905089e+01
    endloop
  endfacet
  facet normal -3.417569e-01 9.385804e-01 4.763560e-02
    outer loop
      vertex   3.183535e+01 5.691319e+00 3.900312e+01
      vertex   2.500000e+01 3.200000e+00 3.905089e+01
      vertex   2.502432e+01 3.200000e+00 3.922536e+01
    endloop
  endfacet
  facet normal -3.368896e-01 9.262790e-01 1.688570e-01
    outer loop
      vertex   2.500000e+01 3.240885e+00 3.866367e+01
      vertex   3.182066e+01 5.731668e+00 3.860830e+01
      vertex   2.500000e+01 3.310801e+00 3.828014e+01
    endloop
  endfacet
  facet normal -3.367120e-01 9.243262e-01 1.795719e-01
    outer loop
      vertex   2.500000e+01 3.310801e+00 3.828014e+01
      vertex   3.182066e+01 5.731668e+00 3.860830e+01
      vertex   3.179627e+01 5.798683e+00 3.821761e+01
    endloop
  endfacet
  facet normal -3.319358e-01 9.127504e-01 2.381287e-01
    outer loop
      vertex   2.500000e+01 3.310801e+00 3.828014e+01
      vertex   3.179627e+01 5.798683e+00 3.821761e+01
      vertex   2.500000e+01 3.409398e+00 3.790222e+01
    endloop
  endfacet
  facet normal -3.314293e-01 9.097309e-01 2.500886e-01
    outer loop
      vertex   2.500000e+01 3.409398e+00 3.790222e+01
      vertex   3.179627e+01 5.798683e+00 3.821761e+01
      vertex   3.176230e+01 5.892014e+00 3.783309e+01
    endloop
  endfacet
  facet normal -3.253199e-01 8.946523e-01 3.062093e-01
    outer loop
      vertex   2.500000e+01 3.409398e+00 3.790222e+01
      vertex   3.176230e+01 5.892014e+00 3.783309e+01
      vertex   2.500000e+01 3.536184e+00 3.753179e+01
    endloop
  endfacet
  facet normal -3.244192e-01 8.903925e-01 3.193015e-01
    outer loop
      vertex   2.500000e+01 3.536184e+00 3.753179e+01
      vertex   3.176230e+01 5.892014e+00 3.783309e+01
      vertex   3.171893e+01 6.011175e+00 3.745674e+01
    endloop
  endfacet
  facet normal -3.170747e-01 8.720752e-01 3.727580e-01
    outer loop
      vertex   2.500000e+01 3.536184e+00 3.753179e+01
      vertex   3.171893e+01 6.011175e+00 3.745674e+01
      vertex   2.500000e+01 3.690523e+00 3.717071e+01
    endloop
  endfacet
  facet normal -3.157185e-01 8.664117e-01 3.868497e-01
    outer loop
      vertex   2.500000e+01 3.690523e+00 3.717071e+01
      vertex   3.171893e+01 6.011175e+00 3.745674e+01
      vertex   3.166638e+01 6.155544e+00 3.709051e+01
    endloop
  endfacet
  facet normal -3.072413e-01 8.451319e-01 4.374412e-01
    outer loop
      vertex   2.500000e+01 3.690523e+00 3.717071e+01
      vertex   3.166638e+01 6.155544e+00 3.709051e+01
      vertex   2.500000e+01 3.871643e+00 3.682079e+01
    endloop
  endfacet
  facet normal -3.053727e-01 8.379134e-01 4.523810e-01
    outer loop
      vertex   2.500000e+01 3.871643e+00 3.682079e+01
      vertex   3.166638e+01 6.155544e+00 3.709051e+01
      vertex   3.160494e+01 6.324369e+00 3.673633e+01
    endloop
  endfacet
  facet normal -2.958687e-01 8.139574e-01 4.999351e-01
    outer loop
      vertex   2.500000e+01 3.871643e+00 3.682079e+01
      vertex   3.160494e+01 6.324369e+00 3.673633e+01
      vertex   2.500000e+01 4.078637e+00 3.648377e+01
    endloop
  endfacet
  facet normal -2.934361e-01 8.050463e-01 5.155538e-01
    outer loop
      vertex   2.500000e+01 4.078637e+00 3.648377e+01
      vertex   3.160494e+01 6.324369e+00 3.673633e+01
      vertex   3.153491e+01 6.516770e+00 3.639604e+01
    endloop
  endfacet
  facet normal -2.830136e-01 7.787077e-01 5.599264e-01
    outer loop
      vertex   2.500000e+01 4.078637e+00 3.648377e+01
      vertex   3.153491e+01 6.516770e+00 3.639604e+01
      vertex   2.500000e+01 4.310470e+00 3.616136e+01
    endloop
  endfacet
  facet normal -2.799709e-01 7.679815e-01 5.760388e-01
    outer loop
      vertex   2.500000e+01 4.310470e+00 3.616136e+01
      vertex   3.153491e+01 6.516770e+00 3.639604e+01
      vertex   3.145666e+01 6.731743e+00 3.607140e+01
    endloop
  endfacet
  facet normal -2.687402e-01 7.395594e-01 6.171147e-01
    outer loop
      vertex   2.500000e+01 4.310470e+00 3.616136e+01
      vertex   3.145666e+01 6.731743e+00 3.607140e+01
      vertex   2.500000e+01 4.565981e+00 3.585515e+01
    endloop
  endfacet
  facet normal -2.650475e-01 7.269124e-01 6.335205e-01
    outer loop
      vertex   2.500000e+01 4.565981e+00 3.585515e+01
      vertex   3.145666e+01 6.731743e+00 3.607140e+01
      vertex   3.137061e+01 6.968168e+00 3.576412e+01
    endloop
  endfacet
  facet normal -2.531199e-01 6.967085e-01 6.712135e-01
    outer loop
      vertex   2.500000e+01 4.565981e+00 3.585515e+01
      vertex   3.137061e+01 6.968168e+00 3.576412e+01
      vertex   2.500000e+01 4.843891e+00 3.556668e+01
    endloop
  endfacet
  facet normal -2.487439e-01 6.820528e-01 6.876994e-01
    outer loop
      vertex   2.500000e+01 4.843891e+00 3.556668e+01
      vertex   3.137061e+01 6.968168e+00 3.576412e+01
      vertex   3.127720e+01 7.224813e+00 3.547580e+01
    endloop
  endfacet
  facet normal -2.362307e-01 6.503698e-01 7.219517e-01
    outer loop
      vertex   2.500000e+01 4.843891e+00 3.556668e+01
      vertex   3.127720e+01 7.224813e+00 3.547580e+01
      vertex   2.500000e+01 5.142810e+00 3.529740e+01
    endloop
  endfacet
  facet normal -2.311452e-01 6.336367e-01 7.382929e-01
    outer loop
      vertex   2.500000e+01 5.142810e+00 3.529740e+01
      vertex   3.127720e+01 7.224813e+00 3.547580e+01
      vertex   3.117692e+01 7.500338e+00 3.520793e+01
    endloop
  endfacet
  facet normal -2.181571e-01 6.007752e-01 7.690751e-01
    outer loop
      vertex   2.500000e+01 5.142810e+00 3.529740e+01
      vertex   3.117692e+01 7.500338e+00 3.520793e+01
      vertex   2.500000e+01 5.461241e+00 3.504865e+01
    endloop
  endfacet
  facet normal -2.123432e-01 5.819165e-01 7.850373e-01
    outer loop
      vertex   2.500000e+01 5.461241e+00 3.504865e+01
      vertex   3.117692e+01 7.500338e+00 3.520793e+01
      vertex   3.107029e+01 7.793308e+00 3.496192e+01
    endloop
  endfacet
  facet normal -1.989897e-01 5.481734e-01 8.123478e-01
    outer loop
      vertex   2.500000e+01 5.461241e+00 3.504865e+01
      vertex   3.107029e+01 7.793308e+00 3.496192e+01
      vertex   2.500000e+01 5.797590e+00 3.482168e+01
    endloop
  endfacet
  facet normal -1.924361e-01 5.271617e-01 8.276889e-01
    outer loop
      vertex   2.500000e+01 5.797590e+00 3.482168e+01
      vertex   3.107029e+01 7.793308e+00 3.496192e+01
      vertex   3.095786e+01 8.102195e+00 3.473905e+01
    endloop
  endfacet
  facet normal -1.788242e-01 4.928278e-01 8.515531e-01
    outer loop
      vertex   2.500000e+01 5.797590e+00 3.482168e+01
      vertex   3.095786e+01 8.102195e+00 3.473905e+01
      vertex   2.500000e+01 6.150175e+00 3.461763e+01
    endloop
  endfacet
  facet normal -1.715278e-01 4.696578e-01 8.660253e-01
    outer loop
      vertex   2.500000e+01 6.150175e+00 3.461763e+01
      vertex   3.095786e+01 8.102195e+00 3.473905e+01
      vertex   3.084023e+01 8.425389e+00 3.454048e+01
    endloop
  endfacet
  facet normal -1.577617e-01 4.350158e-01 8.864945e-01
    outer loop
      vertex   2.500000e+01 6.150175e+00 3.461763e+01
      vertex   3.084023e+01 8.425389e+00 3.454048e+01
      vertex   2.500000e+01 6.517230e+00 3.443751e+01
    endloop
  endfacet
  facet normal -1.497272e-01 4.097046e-01 8.998466e-01
    outer loop
      vertex   2.500000e+01 6.517230e+00 3.443751e+01
      vertex   3.084023e+01 8.425389e+00 3.454048e+01
      vertex   3.071800e+01 8.761205e+00 3.436725e+01
    endloop
  endfacet
  facet normal -1.359076e-01 3.750270e-01 9.169972e-01
    outer loop
      vertex   2.500000e+01 6.517230e+00 3.443751e+01
      vertex   3.071800e+01 8.761205e+00 3.436725e+01
      vertex   2.500000e+01 6.896919e+00 3.428223e+01
    endloop
  endfacet
  facet normal -1.271482e-01 3.476146e-01 9.289766e-01
    outer loop
      vertex   2.500000e+01 6.896919e+00 3.428223e+01
      vertex   3.071800e+01 8.761205e+00 3.436725e+01
      vertex   3.059182e+01 9.107892e+00 3.422025e+01
    endloop
  endfacet
  facet normal -1.133714e-01 3.131620e-01 9.429085e-01
    outer loop
      vertex   2.500000e+01 6.896919e+00 3.428223e+01
      vertex   3.059182e+01 9.107892e+00 3.422025e+01
      vertex   2.500000e+01 7.287341e+00 3.415256e+01
    endloop
  endfacet
  facet normal -1.039084e-01 2.837115e-01 9.532633e-01
    outer loop
      vertex   2.500000e+01 7.287341e+00 3.415256e+01
      vertex   3.059182e+01 9.107892e+00 3.422025e+01
      vertex   3.046233e+01 9.463643e+00 3.410025e+01
    endloop
  endfacet
  facet normal -9.026607e-02 2.497307e-01 9.640989e-01
    outer loop
      vertex   2.500000e+01 7.287341e+00 3.415256e+01
      vertex   3.046233e+01 9.463643e+00 3.410025e+01
      vertex   2.500000e+01 7.686542e+00 3.404915e+01
    endloop
  endfacet
  facet normal -8.012910e-02 2.183285e-01 9.725801e-01
    outer loop
      vertex   2.500000e+01 7.686542e+00 3.404915e+01
      vertex   3.046233e+01 9.463643e+00 3.410025e+01
      vertex   3.033023e+01 9.826603e+00 3.400789e+01
    endloop
  endfacet
  facet normal -6.670727e-02 1.850508e-01 9.804623e-01
    outer loop
      vertex   2.500000e+01 7.686542e+00 3.404915e+01
      vertex   3.033023e+01 9.826603e+00 3.400789e+01
      vertex   2.500000e+01 8.092524e+00 3.397253e+01
    endloop
  endfacet
  facet normal -5.593411e-02 1.518064e-01 9.868263e-01
    outer loop
      vertex   2.500000e+01 8.092524e+00 3.397253e+01
      vertex   3.033023e+01 9.826603e+00 3.400789e+01
      vertex   3.019619e+01 1.019488e+01 3.394364e+01
    endloop
  endfacet
  facet normal -4.281311e-02 1.194465e-01 9.919171e-01
    outer loop
      vertex   2.500000e+01 8.092524e+00 3.397253e+01
      vertex   3.019619e+01 1.019488e+01 3.394364e+01
      vertex   2.500000e+01 8.503255e+00 3.392307e+01
    endloop
  endfacet
  facet normal -3.144958e-02 8.449217e-02 9.959277e-01
    outer loop
      vertex   2.500000e+01 8.503255e+00 3.392307e+01
      vertex   3.019619e+01 1.019488e+01 3.394364e+01
      vertex   3.006091e+01 1.056655e+01 3.390784e+01
    endloop
  endfacet
  facet normal -1.870334e-02 5.324617e-02 9.984062e-01
    outer loop
      vertex   2.500000e+01 8.503255e+00 3.392307e+01
      vertex   3.006091e+01 1.056655e+01 3.390784e+01
      vertex   2.500000e+01 8.916679e+00 3.390102e+01
    endloop
  endfacet
  facet normal -6.803071e-03 1.673670e-02 9.998368e-01
    outer loop
      vertex   2.500000e+01 8.916679e+00 3.390102e+01
      vertex   3.006091e+01 1.056655e+01 3.390784e+01
      vertex   2.992510e+01 1.093968e+01 3.390067e+01
    endloop
  endfacet
  facet normal 5.501164e-03 -1.321853e-02 9.998975e-01
    outer loop
      vertex   2.500000e+01 8.916679e+00 3.390102e+01
      vertex   2.992510e+01 1.093968e+01 3.390067e+01
      vertex   2.500000e+01 9.330728e+00 3.390649e+01
    endloop
  endfacet
  facet normal 1.787704e-02 -5.110670e-02 9.985332e-01
    outer loop
      vertex   2.500000e+01 9.330728e+00 3.390649e+01
      vertex   2.992510e+01 1.093968e+01 3.390067e+01
      vertex   2.978947e+01 1.131233e+01 3.392217e+01
    endloop
  endfacet
  facet normal 2.967906e-02 -7.961485e-02 9.963838e-01
    outer loop
      vertex   2.500000e+01 9.330728e+00 3.390649e+01
      vertex   2.978947e+01 1.131233e+01 3.392217e+01
      vertex   2.500000e+01 9.743329e+00 3.393946e+01
    endloop
  endfacet
  facet normal 4.246222e-02 -1.186843e-01 9.920237e-01
    outer loop
      vertex   2.500000e+01 9.743329e+00 3.393946e+01
      vertex   2.978947e+01 1.131233e+01 3.392217e+01
      vertex   2.965472e+01 1.168254e+01 3.397223e+01
    endloop
  endfacet
  facet normal 5.370912e-02 -1.456104e-01 9.878831e-01
    outer loop
      vertex   2.500000e+01 9.743329e+00 3.393946e+01
      vertex   2.965472e+01 1.168254e+01 3.397223e+01
      vertex   2.500000e+01 1.015242e+01 3.399976e+01
    endloop
  endfacet
  facet normal 6.682449e-02 -1.856437e-01 9.803422e-01
    outer loop
      vertex   2.500000e+01 1.015242e+01 3.399976e+01
      vertex   2.965472e+01 1.168254e+01 3.397223e+01
      vertex   2.952156e+01 1.204840e+01 3.405059e+01
    endloop
  endfacet
  facet normal 7.747081e-02 -2.108749e-01 9.744383e-01
    outer loop
      vertex   2.500000e+01 1.015242e+01 3.399976e+01
      vertex   2.952156e+01 1.204840e+01 3.405059e+01
      vertex   2.500000e+01 1.055594e+01 3.408709e+01
    endloop
  endfacet
  facet normal 9.083705e-02 -2.516357e-01 9.635498e-01
    outer loop
      vertex   2.500000e+01 1.055594e+01 3.408709e+01
      vertex   2.952156e+01 1.204840e+01 3.405059e+01
      vertex   2.939068e+01 1.240799e+01 3.415683e+01
    endloop
  endfacet
  facet normal 1.008450e-01 -2.750817e-01 9.561173e-01
    outer loop
      vertex   2.500000e+01 1.055594e+01 3.408709e+01
      vertex   2.939068e+01 1.240799e+01 3.415683e+01
      vertex   2.500000e+01 1.095189e+01 3.420100e+01
    endloop
  endfacet
  facet normal 1.143750e-01 -3.163161e-01 9.417338e-01
    outer loop
      vertex   2.500000e+01 1.095189e+01 3.420100e+01
      vertex   2.939068e+01 1.240799e+01 3.415683e+01
      vertex   2.926276e+01 1.275944e+01 3.429042e+01
    endloop
  endfacet
  facet normal 1.237143e-01 -3.379097e-01 9.330122e-01
    outer loop
      vertex   2.500000e+01 1.095189e+01 3.420100e+01
      vertex   2.926276e+01 1.275944e+01 3.429042e+01
      vertex   2.500000e+01 1.133828e+01 3.434094e+01
    endloop
  endfacet
  facet normal 1.373159e-01 -3.793477e-01 9.150080e-01
    outer loop
      vertex   2.500000e+01 1.133828e+01 3.434094e+01
      vertex   2.926276e+01 1.275944e+01 3.429042e+01
      vertex   2.913848e+01 1.310091e+01 3.445064e+01
    endloop
  endfacet
  facet normal 1.459641e-01 -3.990448e-01 9.052390e-01
    outer loop
      vertex   2.500000e+01 1.133828e+01 3.434094e+01
      vertex   2.913848e+01 1.310091e+01 3.445064e+01
      vertex   2.500000e+01 1.171317e+01 3.450620e+01
    endloop
  endfacet
  facet normal 1.595405e-01 -4.404017e-01 8.835118e-01
    outer loop
      vertex   2.500000e+01 1.171317e+01 3.450620e+01
      vertex   2.913848e+01 1.310091e+01 3.445064e+01
      vertex   2.901847e+01 1.343063e+01 3.463666e+01
    endloop
  endfacet
  facet normal 1.674827e-01 -4.581814e-01 8.729372e-01
    outer loop
      vertex   2.500000e+01 1.171317e+01 3.450620e+01
      vertex   2.901847e+01 1.343063e+01 3.463666e+01
      vertex   2.500000e+01 1.207469e+01 3.469595e+01
    endloop
  endfacet
  facet normal 1.809333e-01 -4.991597e-01 8.474094e-01
    outer loop
      vertex   2.500000e+01 1.207469e+01 3.469595e+01
      vertex   2.901847e+01 1.343063e+01 3.463666e+01
      vertex   2.890336e+01 1.374688e+01 3.484752e+01
    endloop
  endfacet
  facet normal 1.881621e-01 -5.150239e-01 8.362687e-01
    outer loop
      vertex   2.500000e+01 1.207469e+01 3.469595e+01
      vertex   2.890336e+01 1.374688e+01 3.484752e+01
      vertex   2.500000e+01 1.242102e+01 3.490924e+01
    endloop
  endfacet
  facet normal 2.013833e-01 -5.553151e-01 8.068890e-01
    outer loop
      vertex   2.500000e+01 1.242102e+01 3.490924e+01
      vertex   2.890336e+01 1.374688e+01 3.484752e+01
      vertex   2.879376e+01 1.404800e+01 3.508211e+01
    endloop
  endfacet
  facet normal 2.078986e-01 -5.692884e-01 7.954174e-01
    outer loop
      vertex   2.500000e+01 1.242102e+01 3.490924e+01
      vertex   2.879376e+01 1.404800e+01 3.508211e+01
      vertex   2.500000e+01 1.275044e+01 3.514502e+01
    endloop
  endfacet
  facet normal 2.207842e-01 -6.085751e-01 7.621619e-01
    outer loop
      vertex   2.500000e+01 1.275044e+01 3.514502e+01
      vertex   2.879376e+01 1.404800e+01 3.508211e+01
      vertex   2.869024e+01 1.433244e+01 3.533922e+01
    endloop
  endfacet
  facet normal 2.265929e-01 -6.207040e-01 7.505879e-01
    outer loop
      vertex   2.500000e+01 1.275044e+01 3.514502e+01
      vertex   2.869024e+01 1.433244e+01 3.533922e+01
      vertex   2.500000e+01 1.306130e+01 3.540208e+01
    endloop
  endfacet
  facet normal 2.390354e-01 -6.586617e-01 7.134612e-01
    outer loop
      vertex   2.500000e+01 1.306130e+01 3.540208e+01
      vertex   2.869024e+01 1.433244e+01 3.533922e+01
      vertex   2.859333e+01 1.459870e+01 3.561750e+01
    endloop
  endfacet
  facet normal 2.441514e-01 -6.690141e-01 7.020044e-01
    outer loop
      vertex   2.500000e+01 1.306130e+01 3.540208e+01
      vertex   2.859333e+01 1.459870e+01 3.561750e+01
      vertex   2.500000e+01 1.335204e+01 3.567916e+01
    endloop
  endfacet
  facet normal 2.560421e-01 -7.053137e-01 6.610408e-01
    outer loop
      vertex   2.500000e+01 1.335204e+01 3.567916e+01
      vertex   2.859333e+01 1.459870e+01 3.561750e+01
      vertex   2.850354e+01 1.484539e+01 3.591549e+01
    endloop
  endfacet
  facet normal 2.604858e-01 -7.139775e-01 6.499102e-01
    outer loop
      vertex   2.500000e+01 1.335204e+01 3.567916e+01
      vertex   2.850354e+01 1.484539e+01 3.591549e+01
      vertex   2.500000e+01 1.362121e+01 3.597486e+01
    endloop
  endfacet
  facet normal 2.717163e-01 -7.482878e-01 6.051741e-01
    outer loop
      vertex   2.500000e+01 1.362121e+01 3.597486e+01
      vertex   2.850354e+01 1.484539e+01 3.591549e+01
      vertex   2.842134e+01 1.507124e+01 3.623165e+01
    endloop
  endfacet
  facet normal 2.755141e-01 -7.553700e-01 5.945655e-01
    outer loop
      vertex   2.500000e+01 1.362121e+01 3.597486e+01
      vertex   2.842134e+01 1.507124e+01 3.623165e+01
      vertex   2.500000e+01 1.386745e+01 3.628770e+01
    endloop
  endfacet
  facet normal 2.859765e-01 -7.873596e-01 5.461523e-01
    outer loop
      vertex   2.500000e+01 1.386745e+01 3.628770e+01
      vertex   2.842134e+01 1.507124e+01 3.623165e+01
      vertex   2.834715e+01 1.527506e+01 3.656434e+01
    endloop
  endfacet
  facet normal 2.891609e-01 -7.929849e-01 5.362470e-01
    outer loop
      vertex   2.500000e+01 1.386745e+01 3.628770e+01
      vertex   2.834715e+01 1.527506e+01 3.656434e+01
      vertex   2.500000e+01 1.408954e+01 3.661612e+01
    endloop
  endfacet
  facet normal 2.987490e-01 -8.223253e-01 4.842831e-01
    outer loop
      vertex   2.500000e+01 1.408954e+01 3.661612e+01
      vertex   2.834715e+01 1.527506e+01 3.656434e+01
      vertex   2.828137e+01 1.545579e+01 3.691180e+01
    endloop
  endfacet
  facet normal 3.013576e-01 -8.266347e-01 4.752460e-01
    outer loop
      vertex   2.500000e+01 1.408954e+01 3.661612e+01
      vertex   2.828137e+01 1.545579e+01 3.691180e+01
      vertex   2.500000e+01 1.428636e+01 3.695847e+01
    endloop
  endfacet
  facet normal 3.099674e-01 -8.530026e-01 4.198891e-01
    outer loop
      vertex   2.500000e+01 1.428636e+01 3.695847e+01
      vertex   2.828137e+01 1.545579e+01 3.691180e+01
      vertex   2.822434e+01 1.561249e+01 3.727224e+01
    endloop
  endfacet
  facet normal 3.120431e-01 -8.561511e-01 4.118669e-01
    outer loop
      vertex   2.500000e+01 1.428636e+01 3.695847e+01
      vertex   2.822434e+01 1.561249e+01 3.727224e+01
      vertex   2.500000e+01 1.445693e+01 3.731304e+01
    endloop
  endfacet
  facet normal 3.195736e-01 -8.792313e-01 3.533059e-01
    outer loop
      vertex   2.500000e+01 1.445693e+01 3.731304e+01
      vertex   2.822434e+01 1.561249e+01 3.727224e+01
      vertex   2.817635e+01 1.574434e+01 3.764377e+01
    endloop
  endfacet
  facet normal 3.211636e-01 -8.813868e-01 3.464262e-01
    outer loop
      vertex   2.500000e+01 1.445693e+01 3.731304e+01
      vertex   2.817635e+01 1.574434e+01 3.764377e+01
      vertex   2.500000e+01 1.460040e+01 3.767805e+01
    endloop
  endfacet
  facet normal 3.275177e-01 -9.008746e-01 2.848808e-01
    outer loop
      vertex   2.500000e+01 1.460040e+01 3.767805e+01
      vertex   2.817635e+01 1.574434e+01 3.764377e+01
      vertex   2.813765e+01 1.585065e+01 3.802446e+01
    endloop
  endfacet
  facet normal 3.286736e-01 -9.022155e-01 2.792506e-01
    outer loop
      vertex   2.500000e+01 1.460040e+01 3.767805e+01
      vertex   2.813765e+01 1.585065e+01 3.802446e+01
      vertex   2.500000e+01 1.471605e+01 3.805169e+01
    endloop
  endfacet
  facet normal 3.337583e-01 -9.178198e-01 2.149704e-01
    outer loop
      vertex   2.500000e+01 1.471605e+01 3.805169e+01
      vertex   2.813765e+01 1.585065e+01 3.802446e+01
      vertex   2.810845e+01 1.593088e+01 3.841231e+01
    endloop
  endfacet
  facet normal 3.345352e-01 -9.185326e-01 2.106752e-01
    outer loop
      vertex   2.500000e+01 1.471605e+01 3.805169e+01
      vertex   2.810845e+01 1.593088e+01 3.841231e+01
      vertex   2.500000e+01 1.480329e+01 3.843207e+01
    endloop
  endfacet
  facet normal 3.382629e-01 -9.299783e-01 1.439393e-01
    outer loop
      vertex   2.500000e+01 1.480329e+01 3.843207e+01
      vertex   2.810845e+01 1.593088e+01 3.841231e+01
      vertex   2.808890e+01 1.598460e+01 3.880532e+01
    endloop
  endfacet
  facet normal 3.387192e-01 -9.302561e-01 1.410425e-01
    outer loop
      vertex   2.500000e+01 1.480329e+01 3.843207e+01
      vertex   2.808890e+01 1.598460e+01 3.880532e+01
      vertex   2.500000e+01 1.486170e+01 3.881730e+01
    endloop
  endfacet
  facet normal 3.410080e-01 -9.372869e-01 7.215776e-02
    outer loop
      vertex   2.500000e+01 1.486170e+01 3.881730e+01
      vertex   2.808890e+01 1.598460e+01 3.880532e+01
      vertex   2.807910e+01 1.601152e+01 3.920143e+01
    endloop
  endfacet
  facet normal 3.412046e-01 -9.373265e-01 7.070027e-02
    outer loop
      vertex   2.500000e+01 1.486170e+01 3.881730e+01
      vertex   2.807910e+01 1.601152e+01 3.920143e+01
      vertex   2.500000e+01 1.489098e+01 3.920544e+01
    endloop
  endfacet
  facet normal 3.419790e-01 -9.397076e-01 0.000000e+00
    outer loop
      vertex   2.500000e+01 1.489098e+01 3.920544e+01
      vertex   2.807910e+01 1.601152e+01 3.920143e+01
      vertex   2.807910e+01 1.601152e+01 3.959857e+01
    endloop
  endfacet
  facet normal 3.419790e-01 -9.397076e-01 0.000000e+00
    outer loop
      vertex   2.500000e+01 1.489098e+01 3.920544e+01
      vertex   2.807910e+01 1.601152e+01 3.959857e+01
      vertex   2.500000e+01 1.489098e+01 3.959456e+01
    endloop
  endfacet
  facet normal 3.412046e-01 -9.373265e-01 -7.070027e-02
    outer loop
      vertex   2.500000e+01 1.489098e+01 3.959456e+01
      vertex   2.807910e+01 1.601152e+01 3.959857e+01
      vertex   2.500000e+01 1.486170e+01 3.998270e+01
    endloop
  endfacet
  facet normal 3.410080e-01 -9.372869e-01 -7.215776e-02
    outer loop
      vertex   2.500000e+01 1.486170e+01 3.998270e+01
      vertex   2.807910e+01 1.601152e+01 3.959857e+01
      vertex   2.808890e+01 1.598460e+01 3.999468e+01
    endloop
  endfacet
  facet normal 3.387192e-01 -9.302561e-01 -1.410425e-01
    outer loop
      vertex   2.500000e+01 1.486170e+01 3.998270e+01
      vertex   2.808890e+01 1.598460e+01 3.999468e+01
      vertex   2.500000e+01 1.480329e+01 4.036793e+01
    endloop
  endfacet
  facet normal 3.382629e-01 -9.299783e-01 -1.439393e-01
    outer loop
      vertex   2.500000e+01 1.480329e+01 4.036793e+01
      vertex   2.808890e+01 1.598460e+01 3.999468e+01
      vertex   2.810845e+01 1.593088e+01 4.038769e+01
    endloop
  endfacet
  facet normal 3.345352e-01 -9.185326e-01 -2.106752e-01
    outer loop
      vertex   2.500000e+01 1.480329e+01 4.036793e+01
      vertex   2.810845e+01 1.593088e+01 4.038769e+01
      vertex   2.500000e+01 1.471605e+01 4.074831e+01
    endloop
  endfacet
  facet normal 3.337583e-01 -9.178198e-01 -2.149704e-01
    outer loop
      vertex   2.500000e+01 1.471605e+01 4.074831e+01
      vertex   2.810845e+01 1.593088e+01 4.038769e+01
      vertex   2.813765e+01 1.585065e+01 4.077554e+01
    endloop
  endfacet
  facet normal 3.286736e-01 -9.022155e-01 -2.792506e-01
    outer loop
      vertex   2.500000e+01 1.471605e+01 4.074831e+01
      vertex   2.813765e+01 1.585065e+01 4.077554e+01
      vertex   2.500000e+01 1.460040e+01 4.112195e+01
    endloop
  endfacet
  facet normal 3.275177e-01 -9.008746e-01 -2.848808e-01
    outer loop
      vertex   2.500000e+01 1.460040e+01 4.112195e+01
      vertex   2.813765e+01 1.585065e+01 4.077554e+01
      vertex   2.817635e+01 1.574434e+01 4.115623e+01
    endloop
  endfacet
  facet normal 3.211636e-01 -8.813868e-01 -3.464262e-01
    outer loop
      vertex   2.500000e+01 1.460040e+01 4.112195e+01
      vertex   2.817635e+01 1.574434e+01 4.115623e+01
      vertex   2.500000e+01 1.445693e+01 4.148696e+01
    endloop
  endfacet
  facet normal 3.195736e-01 -8.792313e-01 -3.533059e-01
    outer loop
      vertex   2.500000e+01 1.445693e+01 4.148696e+01
      vertex   2.817635e+01 1.574434e+01 4.115623e+01
      vertex   2.822434e+01 1.561249e+01 4.152776e+01
    endloop
  endfacet
  facet normal 3.120431e-01 -8.561511e-01 -4.118669e-01
    outer loop
      vertex   2.500000e+01 1.445693e+01 4.148696e+01
      vertex   2.822434e+01 1.561249e+01 4.152776e+01
      vertex   2.500000e+01 1.428636e+01 4.184153e+01
    endloop
  endfacet
  facet normal 3.099674e-01 -8.530026e-01 -4.198891e-01
    outer loop
      vertex   2.500000e+01 1.428636e+01 4.184153e+01
      vertex   2.822434e+01 1.561249e+01 4.152776e+01
      vertex   2.828137e+01 1.545579e+01 4.188820e+01
    endloop
  endfacet
  facet normal 3.013576e-01 -8.266347e-01 -4.752460e-01
    outer loop
      vertex   2.500000e+01 1.428636e+01 4.184153e+01
      vertex   2.828137e+01 1.545579e+01 4.188820e+01
      vertex   2.500000e+01 1.408954e+01 4.218388e+01
    endloop
  endfacet
  facet normal 2.987490e-01 -8.223253e-01 -4.842831e-01
    outer loop
      vertex   2.500000e+01 1.408954e+01 4.218388e+01
      vertex   2.828137e+01 1.545579e+01 4.188820e+01
      vertex   2.834715e+01 1.527506e+01 4.223566e+01
    endloop
  endfacet
  facet normal 2.891609e-01 -7.929849e-01 -5.362470e-01
    outer loop
      vertex   2.500000e+01 1.408954e+01 4.218388e+01
      vertex   2.834715e+01 1.527506e+01 4.223566e+01
      vertex   2.500000e+01 1.386745e+01 4.251230e+01
    endloop
  endfacet
  facet normal 2.859765e-01 -7.873596e-01 -5.461523e-01
    outer loop
      vertex   2.500000e+01 1.386745e+01 4.251230e+01
      vertex   2.834715e+01 1.527506e+01 4.223566e+01
      vertex   2.842134e+01 1.507124e+01 4.256835e+01
    endloop
  endfacet
  facet normal 2.755141e-01 -7.553700e-01 -5.945655e-01
    outer loop
      vertex   2.500000e+01 1.386745e+01 4.251230e+01
      vertex   2.842134e+01 1.507124e+01 4.256835e+01
      vertex   2.500000e+01 1.362121e+01 4.282514e+01
    endloop
  endfacet
  facet normal 2.717163e-01 -7.482878e-01 -6.051741e-01
    outer loop
      vertex   2.500000e+01 1.362121e+01 4.282514e+01
      vertex   2.842134e+01 1.507124e+01 4.256835e+01
      vertex   2.850354e+01 1.484539e+01 4.288451e+01
    endloop
  endfacet
  facet normal 2.604858e-01 -7.139775e-01 -6.499102e-01
    outer loop
      vertex   2.500000e+01 1.362121e+01 4.282514e+01
      vertex   2.850354e+01 1.484539e+01 4.288451e+01
      vertex   2.500000e+01 1.335204e+01 4.312084e+01
    endloop
  endfacet
  facet normal 2.560421e-01 -7.053137e-01 -6.610408e-01
    outer loop
      vertex   2.500000e+01 1.335204e+01 4.312084e+01
      vertex   2.850354e+01 1.484539e+01 4.288451e+01
      vertex   2.859333e+01 1.459870e+01 4.318250e+01
    endloop
  endfacet
  facet normal 2.441514e-01 -6.690141e-01 -7.020044e-01
    outer loop
      vertex   2.500000e+01 1.335204e+01 4.312084e+01
      vertex   2.859333e+01 1.459870e+01 4.318250e+01
      vertex   2.500000e+01 1.306130e+01 4.339792e+01
    endloop
  endfacet
  facet normal 2.390354e-01 -6.586617e-01 -7.134612e-01
    outer loop
      vertex   2.500000e+01 1.306130e+01 4.339792e+01
      vertex   2.859333e+01 1.459870e+01 4.318250e+01
      vertex   2.869024e+01 1.433244e+01 4.346078e+01
    endloop
  endfacet
  facet normal 2.265929e-01 -6.207040e-01 -7.505879e-01
    outer loop
      vertex   2.500000e+01 1.306130e+01 4.339792e+01
      vertex   2.869024e+01 1.433244e+01 4.346078e+01
      vertex   2.500000e+01 1.275044e+01 4.365498e+01
    endloop
  endfacet
  facet normal 2.207842e-01 -6.085751e-01 -7.621619e-01
    outer loop
      vertex   2.500000e+01 1.275044e+01 4.365498e+01
      vertex   2.869024e+01 1.433244e+01 4.346078e+01
      vertex   2.879376e+01 1.404800e+01 4.371789e+01
    endloop
  endfacet
  facet normal 2.078986e-01 -5.692884e-01 -7.954174e-01
    outer loop
      vertex   2.500000e+01 1.275044e+01 4.365498e+01
      vertex   2.879376e+01 1.404800e+01 4.371789e+01
      vertex   2.500000e+01 1.242102e+01 4.389076e+01
    endloop
  endfacet
  facet normal 2.013833e-01 -5.553151e-01 -8.068890e-01
    outer loop
      vertex   2.500000e+01 1.242102e+01 4.389076e+01
      vertex   2.879376e+01 1.404800e+01 4.371789e+01
      vertex   2.890336e+01 1.374688e+01 4.395248e+01
    endloop
  endfacet
  facet normal 1.881621e-01 -5.150239e-01 -8.362687e-01
    outer loop
      vertex   2.500000e+01 1.242102e+01 4.389076e+01
      vertex   2.890336e+01 1.374688e+01 4.395248e+01
      vertex   2.500000e+01 1.207469e+01 4.410405e+01
    endloop
  endfacet
  facet normal 1.809333e-01 -4.991597e-01 -8.474094e-01
    outer loop
      vertex   2.500000e+01 1.207469e+01 4.410405e+01
      vertex   2.890336e+01 1.374688e+01 4.395248e+01
      vertex   2.901847e+01 1.343063e+01 4.416334e+01
    endloop
  endfacet
  facet normal 1.674827e-01 -4.581814e-01 -8.729372e-01
    outer loop
      vertex   2.500000e+01 1.207469e+01 4.410405e+01
      vertex   2.901847e+01 1.343063e+01 4.416334e+01
      vertex   2.500000e+01 1.171317e+01 4.429380e+01
    endloop
  endfacet
  facet normal 1.595405e-01 -4.404017e-01 -8.835118e-01
    outer loop
      vertex   2.500000e+01 1.171317e+01 4.429380e+01
      vertex   2.901847e+01 1.343063e+01 4.416334e+01
      vertex   2.913848e+01 1.310091e+01 4.434936e+01
    endloop
  endfacet
  facet normal 1.459641e-01 -3.990448e-01 -9.052390e-01
    outer loop
      vertex   2.500000e+01 1.171317e+01 4.429380e+01
      vertex   2.913848e+01 1.310091e+01 4.434936e+01
      vertex   2.500000e+01 1.133828e+01 4.445906e+01
    endloop
  endfacet
  facet normal 1.373159e-01 -3.793477e-01 -9.150080e-01
    outer loop
      vertex   2.500000e+01 1.133828e+01 4.445906e+01
      vertex   2.913848e+01 1.310091e+01 4.434936e+01
      vertex   2.926276e+01 1.275944e+01 4.450958e+01
    endloop
  endfacet
  facet normal 1.237143e-01 -3.379097e-01 -9.330122e-01
    outer loop
      vertex   2.500000e+01 1.133828e+01 4.445906e+01
      vertex   2.926276e+01 1.275944e+01 4.450958e+01
      vertex   2.500000e+01 1.095189e+01 4.459900e+01
    endloop
  endfacet
  facet normal 1.143750e-01 -3.163161e-01 -9.417338e-01
    outer loop
      vertex   2.500000e+01 1.095189e+01 4.459900e+01
      vertex   2.926276e+01 1.275944e+01 4.450958e+01
      vertex   2.939068e+01 1.240799e+01 4.464317e+01
    endloop
  endfacet
  facet normal 1.008450e-01 -2.750817e-01 -9.561173e-01
    outer loop
      vertex   2.500000e+01 1.095189e+01 4.459900e+01
      vertex   2.939068e+01 1.240799e+01 4.464317e+01
      vertex   2.500000e+01 1.055594e+01 4.471291e+01
    endloop
  endfacet
  facet normal 9.083705e-02 -2.516357e-01 -9.635498e-01
    outer loop
      vertex   2.500000e+01 1.055594e+01 4.471291e+01
      vertex   2.939068e+01 1.240799e+01 4.464317e+01
      vertex   2.952156e+01 1.204840e+01 4.474941e+01
    endloop
  endfacet
  facet normal 7.747081e-02 -2.108749e-01 -9.744383e-01
    outer loop
      vertex   2.500000e+01 1.055594e+01 4.471291e+01
      vertex   2.952156e+01 1.204840e+01 4.474941e+01
      vertex   2.500000e+01 1.015242e+01 4.480024e+01
    endloop
  endfacet
  facet normal 6.682449e-02 -1.856437e-01 -9.803422e-01
    outer loop
      vertex   2.500000e+01 1.015242e+01 4.480024e+01
      vertex   2.952156e+01 1.204840e+01 4.474941e+01
      vertex   2.965472e+01 1.168254e+01 4.482777e+01
    endloop
  endfacet
  facet normal 5.370912e-02 -1.456104e-01 -9.878831e-01
    outer loop
      vertex   2.500000e+01 1.015242e+01 4.480024e+01
      vertex   2.965472e+01 1.168254e+01 4.482777e+01
      vertex   2.500000e+01 9.743329e+00 4.486054e+01
    endloop
  endfacet
  facet normal 4.246222e-02 -1.186843e-01 -9.920237e-01
    outer loop
      vertex   2.500000e+01 9.743329e+00 4.486054e+01
      vertex   2.965472e+01 1.168254e+01 4.482777e+01
      vertex   2.978947e+01 1.131233e+01 4.487783e+01
    endloop
  endfacet
  facet normal 2.967906e-02 -7.961485e-02 -9.963838e-01
    outer loop
      vertex   2.500000e+01 9.743329e+00 4.486054e+01
      vertex   2.978947e+01 1.131233e+01 4.487783e+01
      vertex   2.500000e+01 9.330728e+00 4.489351e+01
    endloop
  endfacet
  facet normal 1.787704e-02 -5.110670e-02 -9.985332e-01
    outer loop
      vertex   2.500000e+01 9.330728e+00 4.489351e+01
      vertex   2.978947e+01 1.131233e+01 4.487783e+01
      vertex   2.992510e+01 1.093968e+01 4.489933e+01
    endloop
  endfacet
  facet normal 5.501164e-03 -1.321853e-02 -9.998975e-01
    outer loop
      vertex   2.500000e+01 9.330728e+00 4.489351e+01
      vertex   2.992510e+01 1.093968e+01 4.489933e+01
      vertex   2.500000e+01 8.916679e+00 4.489898e+01
    endloop
  endfacet
  facet normal -6.803071e-03 1.673670e-02 -9.998368e-01
    outer loop
      vertex   2.500000e+01 8.916679e+00 4.489898e+01
      vertex   2.992510e+01 1.093968e+01 4.489933e+01
      vertex   3.006091e+01 1.056655e+01 4.489216e+01
    endloop
  endfacet
  facet normal -1.870334e-02 5.324617e-02 -9.984062e-01
    outer loop
      vertex   2.500000e+01 8.916679e+00 4.489898e+01
      vertex   3.006091e+01 1.056655e+01 4.489216e+01
      vertex   2.500000e+01 8.503255e+00 4.487693e+01
    endloop
  endfacet
  facet normal -3.144958e-02 8.449217e-02 -9.959277e-01
    outer loop
      vertex   2.500000e+01 8.503255e+00 4.487693e+01
      vertex   3.006091e+01 1.056655e+01 4.489216e+01
      vertex   3.019619e+01 1.019488e+01 4.485636e+01
    endloop
  endfacet
  facet normal -4.281311e-02 1.194465e-01 -9.919171e-01
    outer loop
      vertex   2.500000e+01 8.503255e+00 4.487693e+01
      vertex   3.019619e+01 1.019488e+01 4.485636e+01
      vertex   2.500000e+01 8.092524e+00 4.482747e+01
    endloop
  endfacet
  facet normal -5.593411e-02 1.518064e-01 -9.868263e-01
    outer loop
      vertex   2.500000e+01 8.092524e+00 4.482747e+01
      vertex   3.019619e+01 1.019488e+01 4.485636e+01
      vertex   3.033023e+01 9.826603e+00 4.479211e+01
    endloop
  endfacet
  facet normal -6.670727e-02 1.850508e-01 -9.804623e-01
    outer loop
      vertex   2.500000e+01 8.092524e+00 4.482747e+01
      vertex   3.033023e+01 9.826603e+00 4.479211e+01
      vertex   2.500000e+01 7.686542e+00 4.475085e+01
    endloop
  endfacet
  facet normal -8.012910e-02 2.183285e-01 -9.725801e-01
    outer loop
      vertex   2.500000e+01 7.686542e+00 4.475085e+01
      vertex   3.033023e+01 9.826603e+00 4.479211e+01
      vertex   3.046233e+01 9.463643e+00 4.469975e+01
    endloop
  endfacet
  facet normal -9.026607e-02 2.497307e-01 -9.640989e-01
    outer loop
      vertex   2.500000e+01 7.686542e+00 4.475085e+01
      vertex   3.046233e+01 9.463643e+00 4.469975e+01
      vertex   2.500000e+01 7.287341e+00 4.464744e+01
    endloop
  endfacet
  facet normal -1.039084e-01 2.837115e-01 -9.532633e-01
    outer loop
      vertex   2.500000e+01 7.287341e+00 4.464744e+01
      vertex   3.046233e+01 9.463643e+00 4.469975e+01
      vertex   3.059182e+01 9.107892e+00 4.457975e+01
    endloop
  endfacet
  facet normal -1.133714e-01 3.131620e-01 -9.429085e-01
    outer loop
      vertex   2.500000e+01 7.287341e+00 4.464744e+01
      vertex   3.059182e+01 9.107892e+00 4.457975e+01
      vertex   2.500000e+01 6.896919e+00 4.451777e+01
    endloop
  endfacet
  facet normal -1.271482e-01 3.476146e-01 -9.289766e-01
    outer loop
      vertex   2.500000e+01 6.896919e+00 4.451777e+01
      vertex   3.059182e+01 9.107892e+00 4.457975e+01
      vertex   3.071800e+01 8.761205e+00 4.443275e+01
    endloop
  endfacet
  facet normal -1.359076e-01 3.750270e-01 -9.169972e-01
    outer loop
      vertex   2.500000e+01 6.896919e+00 4.451777e+01
      vertex   3.071800e+01 8.761205e+00 4.443275e+01
      vertex   2.500000e+01 6.517230e+00 4.436249e+01
    endloop
  endfacet
  facet normal -1.497272e-01 4.097046e-01 -8.998466e-01
    outer loop
      vertex   2.500000e+01 6.517230e+00 4.436249e+01
      vertex   3.071800e+01 8.761205e+00 4.443275e+01
      vertex   3.084023e+01 8.425389e+00 4.425952e+01
    endloop
  endfacet
  facet normal -1.577617e-01 4.350158e-01 -8.864945e-01
    outer loop
      vertex   2.500000e+01 6.517230e+00 4.436249e+01
      vertex   3.084023e+01 8.425389e+00 4.425952e+01
      vertex   2.500000e+01 6.150175e+00 4.418237e+01
    endloop
  endfacet
  facet normal -1.715278e-01 4.696578e-01 -8.660253e-01
    outer loop
      vertex   2.500000e+01 6.150175e+00 4.418237e+01
      vertex   3.084023e+01 8.425389e+00 4.425952e+01
      vertex   3.095786e+01 8.102195e+00 4.406095e+01
    endloop
  endfacet
  facet normal -1.788242e-01 4.928278e-01 -8.515531e-01
    outer loop
      vertex   2.500000e+01 6.150175e+00 4.418237e+01
      vertex   3.095786e+01 8.102195e+00 4.406095e+01
      vertex   2.500000e+01 5.797590e+00 4.397832e+01
    endloop
  endfacet
  facet normal -1.924361e-01 5.271617e-01 -8.276889e-01
    outer loop
      vertex   2.500000e+01 5.797590e+00 4.397832e+01
      vertex   3.095786e+01 8.102195e+00 4.406095e+01
      vertex   3.107029e+01 7.793308e+00 4.383808e+01
    endloop
  endfacet
  facet normal -1.989897e-01 5.481734e-01 -8.123478e-01
    outer loop
      vertex   2.500000e+01 5.797590e+00 4.397832e+01
      vertex   3.107029e+01 7.793308e+00 4.383808e+01
      vertex   2.500000e+01 5.461241e+00 4.375135e+01
    endloop
  endfacet
  facet normal -2.123432e-01 5.819165e-01 -7.850373e-01
    outer loop
      vertex   2.500000e+01 5.461241e+00 4.375135e+01
      vertex   3.107029e+01 7.793308e+00 4.383808e+01
      vertex   3.117692e+01 7.500338e+00 4.359207e+01
    endloop
  endfacet
  facet normal -2.181571e-01 6.007752e-01 -7.690751e-01
    outer loop
      vertex   2.500000e+01 5.461241e+00 4.375135e+01
      vertex   3.117692e+01 7.500338e+00 4.359207e+01
      vertex   2.500000e+01 5.142810e+00 4.350260e+01
    endloop
  endfacet
  facet normal -2.311452e-01 6.336367e-01 -7.382929e-01
    outer loop
      vertex   2.500000e+01 5.142810e+00 4.350260e+01
      vertex   3.117692e+01 7.500338e+00 4.359207e+01
      vertex   3.127720e+01 7.224813e+00 4.332420e+01
    endloop
  endfacet
  facet normal -2.362307e-01 6.503698e-01 -7.219517e-01
    outer loop
      vertex   2.500000e+01 5.142810e+00 4.350260e+01
      vertex   3.127720e+01 7.224813e+00 4.332420e+01
      vertex   2.500000e+01 4.843891e+00 4.323332e+01
    endloop
  endfacet
  facet normal -2.487439e-01 6.820528e-01 -6.876994e-01
    outer loop
      vertex   2.500000e+01 4.843891e+00 4.323332e+01
      vertex   3.127720e+01 7.224813e+00 4.332420e+01
      vertex   3.137061e+01 6.968168e+00 4.303588e+01
    endloop
  endfacet
  facet normal -2.531199e-01 6.967085e-01 -6.712135e-01
    outer loop
      vertex   2.500000e+01 4.843891e+00 4.323332e+01
      vertex   3.137061e+01 6.968168e+00 4.303588e+01
      vertex   2.500000e+01 4.565981e+00 4.294485e+01
    endloop
  endfacet
  facet normal -2.650475e-01 7.269124e-01 -6.335205e-01
    outer loop
      vertex   2.500000e+01 4.565981e+00 4.294485e+01
      vertex   3.137061e+01 6.968168e+00 4.303588e+01
      vertex   3.145666e+01 6.731743e+00 4.272860e+01
    endloop
  endfacet
  facet normal -2.687402e-01 7.395594e-01 -6.171147e-01
    outer loop
      vertex   2.500000e+01 4.565981e+00 4.294485e+01
      vertex   3.145666e+01 6.731743e+00 4.272860e+01
      vertex   2.500000e+01 4.310470e+00 4.263864e+01
    endloop
  endfacet
  facet normal -2.799709e-01 7.679815e-01 -5.760388e-01
    outer loop
      vertex   2.500000e+01 4.310470e+00 4.263864e+01
      vertex   3.145666e+01 6.731743e+00 4.272860e+01
      vertex   3.153491e+01 6.516770e+00 4.240396e+01
    endloop
  endfacet
  facet normal -2.830136e-01 7.787077e-01 -5.599264e-01
    outer loop
      vertex   2.500000e+01 4.310470e+00 4.263864e+01
      vertex   3.153491e+01 6.516770e+00 4.240396e+01
      vertex   2.500000e+01 4.078637e+00 4.231623e+01
    endloop
  endfacet
  facet normal -2.934361e-01 8.050463e-01 -5.155538e-01
    outer loop
      vertex   2.500000e+01 4.078637e+00 4.231623e+01
      vertex   3.153491e+01 6.516770e+00 4.240396e+01
      vertex   3.160494e+01 6.324369e+00 4.206367e+01
    endloop
  endfacet
  facet normal -2.958687e-01 8.139574e-01 -4.999351e-01
    outer loop
      vertex   2.500000e+01 4.078637e+00 4.231623e+01
      vertex   3.160494e+01 6.324369e+00 4.206367e+01
      vertex   2.500000e+01 3.871643e+00 4.197921e+01
    endloop
  endfacet
  facet normal -3.053727e-01 8.379134e-01 -4.523810e-01
    outer loop
      vertex   2.500000e+01 3.871643e+00 4.197921e+01
      vertex   3.160494e+01 6.324369e+00 4.206367e+01
      vertex   3.166638e+01 6.155544e+00 4.170949e+01
    endloop
  endfacet
  facet normal -3.072413e-01 8.451319e-01 -4.374412e-01
    outer loop
      vertex   2.500000e+01 3.871643e+00 4.197921e+01
      vertex   3.166638e+01 6.155544e+00 4.170949e+01
      vertex   2.500000e+01 3.690523e+00 4.162929e+01
    endloop
  endfacet
  facet normal -3.157185e-01 8.664117e-01 -3.868497e-01
    outer loop
      vertex   2.500000e+01 3.690523e+00 4.162929e+01
      vertex   3.166638e+01 6.155544e+00 4.170949e+01
      vertex   3.171893e+01 6.011175e+00 4.134326e+01
    endloop
  endfacet
  facet normal -3.170747e-01 8.720752e-01 -3.727580e-01
    outer loop
      vertex   2.500000e+01 3.690523e+00 4.162929e+01
      vertex   3.171893e+01 6.011175e+00 4.134326e+01
      vertex   2.500000e+01 3.536184e+00 4.126821e+01
    endloop
  endfacet
  facet normal -3.244192e-01 8.903925e-01 -3.193015e-01
    outer loop
      vertex   2.500000e+01 3.536184e+00 4.126821e+01
      vertex   3.171893e+01 6.011175e+00 4.134326e+01
      vertex   3.176230e+01 5.892014e+00 4.096691e+01
    endloop
  endfacet
  facet normal -3.253199e-01 8.946523e-01 -3.062093e-01
    outer loop
      vertex   2.500000e+01 3.536184e+00 4.126821e+01
      vertex   3.176230e+01 5.892014e+00 4.096691e+01
      vertex   2.500000e+01 3.409398e+00 4.089778e+01
    endloop
  endfacet
  facet normal -3.314293e-01 9.097309e-01 -2.500886e-01
    outer loop
      vertex   2.500000e+01 3.409398e+00 4.089778e+01
      vertex   3.176230e+01 5.892014e+00 4.096691e+01
      vertex   3.179627e+01 5.798683e+00 4.058239e+01
    endloop
  endfacet
  facet normal -3.319358e-01 9.127504e-01 -2.381287e-01
    outer loop
      vertex   2.500000e+01 3.409398e+00 4.089778e+01
      vertex   3.179627e+01 5.798683e+00 4.058239e+01
      vertex   2.500000e+01 3.310801e+00 4.051986e+01
    endloop
  endfacet
  facet normal -3.367120e-01 9.243262e-01 -1.795719e-01
    outer loop
      vertex   2.500000e+01 3.310801e+00 4.051986e+01
      vertex   3.179627e+01 5.798683e+00 4.058239e+01
      vertex   3.182066e+01 5.731668e+00 4.019170e+01
    endloop
  endfacet
  facet normal -3.368896e-01 9.262790e-01 -1.688570e-01
    outer loop
      vertex   2.500000e+01 3.310801e+00 4.051986e+01
      vertex   3.182066e+01 5.731668e+00 4.019170e+01
      vertex   2.500000e+01 3.240885e+00 4.013633e+01
    endloop
  endfacet
  facet normal -3.402397e-01 9.341024e-01 -1.081190e-01
    outer loop
      vertex   2.500000e+01 3.240885e+00 4.013633e+01
      vertex   3.182066e+01 5.731668e+00 4.019170e+01
      vertex   3.183535e+01 5.691319e+00 3.979688e+01
    endloop
  endfacet
  facet normal -3.401568e-01 9.351703e-01 -9.874135e-02
    outer loop
      vertex   2.500000e+01 3.240885e+00 4.013633e+01
      vertex   3.183535e+01 5.691319e+00 3.979688e+01
      vertex   2.500000e+01 3.200000e+00 3.974911e+01
    endloop
  endfacet
  facet normal -3.417569e-01 9.385804e-01 -4.763560e-02
    outer loop
      vertex   2.500000e+01 3.200000e+00 3.974911e+01
      vertex   3.183535e+01 5.691319e+00 3.979688e+01
      vertex   2.502432e+01 3.200000e+00 3.957464e+01
    endloop
  endfacet
  facet normal -3.422550e-01 9.389133e-01 -3.610241e-02
    outer loop
      vertex   2.502432e+01 3.200000e+00 3.957464e+01
      vertex   3.183535e+01 5.691319e+00 3.979688e+01
      vertex   3.184025e+01 5.677845e+00 3.940000e+01
    endloop
  endfacet
  facet normal -3.422539e-01 9.389137e-01 3.610241e-02
    outer loop
      vertex   3.183527e+01 5.691533e+00 1.400313e+01
      vertex   2.502382e+01 3.200000e+00 1.422717e+01
      vertex   3.184017e+01 5.678060e+00 1.440000e+01
    endloop
  endfacet
  facet normal -3.419779e-01 9.395766e-01 1.571382e-02
    outer loop
      vertex   3.184017e+01 5.678060e+00 1.440000e+01
      vertex   2.502382e+01 3.200000e+00 1.422717e+01
      vertex   2.503176e+01 3.200000e+00 1.440000e+01
    endloop
  endfacet
  facet normal -3.419779e-01 9.395766e-01 -1.571382e-02
    outer loop
      vertex   3.184017e+01 5.678060e+00 1.440000e+01
      vertex   2.503176e+01 3.200000e+00 1.440000e+01
      vertex   2.502382e+01 3.200000e+00 1.457283e+01
    endloop
  endfacet
  facet normal -3.402514e-01 9.340981e-01 1.081190e-01
    outer loop
      vertex   3.182058e+01 5.731880e+00 1.360833e+01
      vertex   2.500000e+01 3.240624e+00 1.366720e+01
      vertex   3.183527e+01 5.691533e+00 1.400313e+01
    endloop
  endfacet
  facet normal -3.401663e-01 9.352348e-01 9.809539e-02
    outer loop
      vertex   3.183527e+01 5.691533e+00 1.400313e+01
      vertex   2.500000e+01 3.240624e+00 1.366720e+01
      vertex   2.500000e+01 3.200000e+00 1.405451e+01
    endloop
  endfacet
  facet normal -3.417754e-01 9.385984e-01 4.714460e-02
    outer loop
      vertex   3.183527e+01 5.691533e+00 1.400313e+01
      vertex   2.500000e+01 3.200000e+00 1.405451e+01
      vertex   2.502382e+01 3.200000e+00 1.422717e+01
    endloop
  endfacet
  facet normal -3.369147e-01 9.263835e-01 1.682323e-01
    outer loop
      vertex   2.500000e+01 3.240624e+00 1.366720e+01
      vertex   3.182058e+01 5.731880e+00 1.360833e+01
      vertex   2.500000e+01 3.310293e+00 1.328356e+01
    endloop
  endfacet
  facet normal -3.367228e-01 9.243223e-01 1.795719e-01
    outer loop
      vertex   2.500000e+01 3.310293e+00 1.328356e+01
      vertex   3.182058e+01 5.731880e+00 1.360833e+01
      vertex   3.179619e+01 5.798893e+00 1.321766e+01
    endloop
  endfacet
  facet normal -3.319756e-01 9.128925e-01 2.375280e-01
    outer loop
      vertex   2.500000e+01 3.310293e+00 1.328356e+01
      vertex   3.179619e+01 5.798893e+00 1.321766e+01
      vertex   2.500000e+01 3.408659e+00 1.290552e+01
    endloop
  endfacet
  facet normal -3.314392e-01 9.097273e-01 2.500886e-01
    outer loop
      vertex   2.500000e+01 3.408659e+00 1.290552e+01
      vertex   3.179619e+01 5.798893e+00 1.321766e+01
      vertex   3.176223e+01 5.892220e+00 1.283316e+01
    endloop
  endfacet
  facet normal -3.253733e-01 8.948293e-01 3.056351e-01
    outer loop
      vertex   2.500000e+01 3.408659e+00 1.290552e+01
      vertex   3.176223e+01 5.892220e+00 1.283316e+01
      vertex   2.500000e+01 3.535228e+00 1.253495e+01
    endloop
  endfacet
  facet normal -3.244283e-01 8.903891e-01 3.193015e-01
    outer loop
      vertex   2.500000e+01 3.535228e+00 1.253495e+01
      vertex   3.176223e+01 5.892220e+00 1.283316e+01
      vertex   3.171886e+01 6.011376e+00 1.245682e+01
    endloop
  endfacet
  facet normal -3.171407e-01 8.722842e-01 3.722124e-01
    outer loop
      vertex   2.500000e+01 3.535228e+00 1.253495e+01
      vertex   3.171886e+01 6.011376e+00 1.245682e+01
      vertex   2.500000e+01 3.689367e+00 1.217372e+01
    endloop
  endfacet
  facet normal -3.157268e-01 8.664086e-01 3.868497e-01
    outer loop
      vertex   2.500000e+01 3.689367e+00 1.217372e+01
      vertex   3.171886e+01 6.011376e+00 1.245682e+01
      vertex   3.166631e+01 6.155739e+00 1.209061e+01
    endloop
  endfacet
  facet normal -3.073188e-01 8.453701e-01 4.369262e-01
    outer loop
      vertex   2.500000e+01 3.689367e+00 1.217372e+01
      vertex   3.166631e+01 6.155739e+00 1.209061e+01
      vertex   2.500000e+01 3.870304e+00 1.182364e+01
    endloop
  endfacet
  facet normal -3.053803e-01 8.379107e-01 4.523810e-01
    outer loop
      vertex   2.500000e+01 3.870304e+00 1.182364e+01
      vertex   3.166631e+01 6.155739e+00 1.209061e+01
      vertex   3.160487e+01 6.324557e+00 1.173644e+01
    endloop
  endfacet
  facet normal -2.959565e-01 8.142219e-01 4.994522e-01
    outer loop
      vertex   2.500000e+01 3.870304e+00 1.182364e+01
      vertex   3.160487e+01 6.324557e+00 1.173644e+01
      vertex   2.500000e+01 4.077133e+00 1.148647e+01
    endloop
  endfacet
  facet normal -2.934429e-01 8.050438e-01 5.155538e-01
    outer loop
      vertex   2.500000e+01 4.077133e+00 1.148647e+01
      vertex   3.160487e+01 6.324557e+00 1.173644e+01
      vertex   3.153484e+01 6.516950e+00 1.139616e+01
    endloop
  endfacet
  facet normal -2.831107e-01 7.789954e-01 5.594770e-01
    outer loop
      vertex   2.500000e+01 4.077133e+00 1.148647e+01
      vertex   3.153484e+01 6.516950e+00 1.139616e+01
      vertex   2.500000e+01 4.308819e+00 1.116387e+01
    endloop
  endfacet
  facet normal -2.799770e-01 7.679793e-01 5.760388e-01
    outer loop
      vertex   2.500000e+01 4.308819e+00 1.116387e+01
      vertex   3.153484e+01 6.516950e+00 1.139616e+01
      vertex   3.145660e+01 6.731914e+00 1.107154e+01
    endloop
  endfacet
  facet normal -2.688454e-01 7.398673e-01 6.166997e-01
    outer loop
      vertex   2.500000e+01 4.308819e+00 1.116387e+01
      vertex   3.145660e+01 6.731914e+00 1.107154e+01
      vertex   2.500000e+01 4.564202e+00 1.085749e+01
    endloop
  endfacet
  facet normal -2.650530e-01 7.269104e-01 6.335205e-01
    outer loop
      vertex   2.500000e+01 4.564202e+00 1.085749e+01
      vertex   3.145660e+01 6.731914e+00 1.107154e+01
      vertex   3.137055e+01 6.968330e+00 1.076427e+01
    endloop
  endfacet
  facet normal -2.532320e-01 6.970335e-01 6.708337e-01
    outer loop
      vertex   2.500000e+01 4.564202e+00 1.085749e+01
      vertex   3.137055e+01 6.968330e+00 1.076427e+01
      vertex   2.500000e+01 4.842002e+00 1.056884e+01
    endloop
  endfacet
  facet normal -2.487487e-01 6.820511e-01 6.876994e-01
    outer loop
      vertex   2.500000e+01 4.842002e+00 1.056884e+01
      vertex   3.137055e+01 6.968330e+00 1.076427e+01
      vertex   3.127715e+01 7.224963e+00 1.047596e+01
    endloop
  endfacet
  facet normal -2.363487e-01 6.507087e-01 7.216075e-01
    outer loop
      vertex   2.500000e+01 4.842002e+00 1.056884e+01
      vertex   3.127715e+01 7.224963e+00 1.047596e+01
      vertex   2.500000e+01 5.140829e+00 1.029937e+01
    endloop
  endfacet
  facet normal -2.311493e-01 6.336352e-01 7.382929e-01
    outer loop
      vertex   2.500000e+01 5.140829e+00 1.029937e+01
      vertex   3.127715e+01 7.224963e+00 1.047596e+01
      vertex   3.117687e+01 7.500477e+00 1.020811e+01
    endloop
  endfacet
  facet normal -2.182798e-01 6.011252e-01 7.687669e-01
    outer loop
      vertex   2.500000e+01 5.140829e+00 1.029937e+01
      vertex   3.117687e+01 7.500477e+00 1.020811e+01
      vertex   2.500000e+01 5.459187e+00 1.005043e+01
    endloop
  endfacet
  facet normal -2.123468e-01 5.819152e-01 7.850373e-01
    outer loop
      vertex   2.500000e+01 5.459187e+00 1.005043e+01
      vertex   3.117687e+01 7.500477e+00 1.020811e+01
      vertex   3.107024e+01 7.793435e+00 9.962109e+00
    endloop
  endfacet
  facet normal -1.991159e-01 5.485313e-01 8.120753e-01
    outer loop
      vertex   2.500000e+01 5.459187e+00 1.005043e+01
      vertex   3.107024e+01 7.793435e+00 9.962109e+00
      vertex   2.500000e+01 5.795481e+00 9.823279e+00
    endloop
  endfacet
  facet normal -1.924391e-01 5.271606e-01 8.276889e-01
    outer loop
      vertex   2.500000e+01 5.795481e+00 9.823279e+00
      vertex   3.107024e+01 7.793435e+00 9.962109e+00
      vertex   3.095782e+01 8.102309e+00 9.739247e+00
    endloop
  endfacet
  facet normal -1.789529e-01 4.931907e-01 8.513159e-01
    outer loop
      vertex   2.500000e+01 5.795481e+00 9.823279e+00
      vertex   3.095782e+01 8.102309e+00 9.739247e+00
      vertex   2.500000e+01 6.148028e+00 9.619038e+00
    endloop
  endfacet
  facet normal -1.715302e-01 4.696569e-01 8.660253e-01
    outer loop
      vertex   2.500000e+01 6.148028e+00 9.619038e+00
      vertex   3.095782e+01 8.102309e+00 9.739247e+00
      vertex   3.084019e+01 8.425490e+00 9.540684e+00
    endloop
  endfacet
  facet normal -1.578918e-01 4.353809e-01 8.862921e-01
    outer loop
      vertex   2.500000e+01 6.148028e+00 9.619038e+00
      vertex   3.084019e+01 8.425490e+00 9.540684e+00
      vertex   2.500000e+01 6.515062e+00 9.438737e+00
    endloop
  endfacet
  facet normal -1.497291e-01 4.097039e-01 8.998466e-01
    outer loop
      vertex   2.500000e+01 6.515062e+00 9.438737e+00
      vertex   3.084019e+01 8.425490e+00 9.540684e+00
      vertex   3.071797e+01 8.761292e+00 9.367455e+00
    endloop
  endfacet
  facet normal -1.360382e-01 3.753916e-01 9.168286e-01
    outer loop
      vertex   2.500000e+01 6.515062e+00 9.438737e+00
      vertex   3.071797e+01 8.761292e+00 9.367455e+00
      vertex   2.500000e+01 6.894746e+00 9.283277e+00
    endloop
  endfacet
  facet normal -1.271495e-01 3.476141e-01 9.289766e-01
    outer loop
      vertex   2.500000e+01 6.894746e+00 9.283277e+00
      vertex   3.071797e+01 8.761292e+00 9.367455e+00
      vertex   3.059179e+01 9.107965e+00 9.220463e+00
    endloop
  endfacet
  facet normal -1.135015e-01 3.135234e-01 9.427728e-01
    outer loop
      vertex   2.500000e+01 6.894746e+00 9.283277e+00
      vertex   3.059179e+01 9.107965e+00 9.220463e+00
      vertex   2.500000e+01 7.285179e+00 9.153437e+00
    endloop
  endfacet
  facet normal -1.039092e-01 2.837112e-01 9.532633e-01
    outer loop
      vertex   2.500000e+01 7.285179e+00 9.153437e+00
      vertex   3.059179e+01 9.107965e+00 9.220463e+00
      vertex   3.046231e+01 9.463701e+00 9.100475e+00
    endloop
  endfacet
  facet normal -9.039468e-02 2.500865e-01 9.639946e-01
    outer loop
      vertex   2.500000e+01 7.285179e+00 9.153437e+00
      vertex   3.046231e+01 9.463701e+00 9.100475e+00
      vertex   2.500000e+01 7.684405e+00 9.049867e+00
    endloop
  endfacet
  facet normal -8.012932e-02 2.183284e-01 9.725801e-01
    outer loop
      vertex   2.500000e+01 7.684405e+00 9.049867e+00
      vertex   3.046231e+01 9.463701e+00 9.100475e+00
      vertex   3.033021e+01 9.826645e+00 9.008116e+00
    endloop
  endfacet
  facet normal -6.683358e-02 1.853988e-01 9.803880e-01
    outer loop
      vertex   2.500000e+01 7.684405e+00 9.049867e+00
      vertex   3.033021e+01 9.826645e+00 9.008116e+00
      vertex   2.500000e+01 8.090426e+00 8.973085e+00
    endloop
  endfacet
  facet normal -5.593383e-02 1.518065e-01 9.868263e-01
    outer loop
      vertex   2.500000e+01 8.090426e+00 8.973085e+00
      vertex   3.033021e+01 9.826645e+00 9.008116e+00
      vertex   3.019618e+01 1.019491e+01 8.943868e+00
    endloop
  endfacet
  facet normal -4.293632e-02 1.197844e-01 9.918710e-01
    outer loop
      vertex   2.500000e+01 8.090426e+00 8.973085e+00
      vertex   3.019618e+01 1.019491e+01 8.943868e+00
      vertex   2.500000e+01 8.501208e+00 8.923476e+00
    endloop
  endfacet
  facet normal -3.144881e-02 8.449245e-02 9.959277e-01
    outer loop
      vertex   2.500000e+01 8.501208e+00 8.923476e+00
      vertex   3.019618e+01 1.019491e+01 8.943868e+00
      vertex   3.006090e+01 1.056656e+01 8.908066e+00
    endloop
  endfacet
  facet normal -1.882274e-02 5.357212e-02 9.983866e-01
    outer loop
      vertex   2.500000e+01 8.501208e+00 8.923476e+00
      vertex   3.006090e+01 1.056656e+01 8.908066e+00
      vertex   2.500000e+01 8.914696e+00 8.901289e+00
    endloop
  endfacet
  facet normal -6.801833e-03 1.673716e-02 9.998368e-01
    outer loop
      vertex   2.500000e+01 8.914696e+00 8.901289e+00
      vertex   3.006090e+01 1.056656e+01 8.908066e+00
      vertex   2.992510e+01 1.093968e+01 8.900896e+00
    endloop
  endfacet
  facet normal 5.386244e-03 -1.290629e-02 9.999022e-01
    outer loop
      vertex   2.500000e+01 8.914696e+00 8.901289e+00
      vertex   2.992510e+01 1.093968e+01 8.900896e+00
      vertex   2.500000e+01 9.328818e+00 8.906635e+00
    endloop
  endfacet
  facet normal 1.787873e-02 -5.110609e-02 9.985332e-01
    outer loop
      vertex   2.500000e+01 9.328818e+00 8.906635e+00
      vertex   2.992510e+01 1.093968e+01 8.900896e+00
      vertex   2.978947e+01 1.131231e+01 8.922396e+00
    endloop
  endfacet
  facet normal 2.956920e-02 -7.931785e-02 9.964107e-01
    outer loop
      vertex   2.500000e+01 9.328818e+00 8.906635e+00
      vertex   2.978947e+01 1.131231e+01 8.922396e+00
      vertex   2.500000e+01 9.741501e+00 8.939486e+00
    endloop
  endfacet
  facet normal 4.246434e-02 -1.186835e-01 9.920237e-01
    outer loop
      vertex   2.500000e+01 9.741501e+00 8.939486e+00
      vertex   2.978947e+01 1.131231e+01 8.922396e+00
      vertex   2.965473e+01 1.168251e+01 8.972454e+00
    endloop
  endfacet
  facet normal 5.360481e-02 -1.453300e-01 9.879300e-01
    outer loop
      vertex   2.500000e+01 9.741501e+00 8.939486e+00
      vertex   2.965473e+01 1.168251e+01 8.972454e+00
      vertex   2.500000e+01 1.015068e+01 8.999678e+00
    endloop
  endfacet
  facet normal 6.682701e-02 -1.856427e-01 9.803422e-01
    outer loop
      vertex   2.500000e+01 1.015068e+01 8.999678e+00
      vertex   2.965473e+01 1.168251e+01 8.972454e+00
      vertex   2.952158e+01 1.204835e+01 9.050809e+00
    endloop
  endfacet
  facet normal 7.737250e-02 -2.106121e-01 9.745030e-01
    outer loop
      vertex   2.500000e+01 1.015068e+01 8.999678e+00
      vertex   2.952158e+01 1.204835e+01 9.050809e+00
      vertex   2.500000e+01 1.055430e+01 9.086910e+00
    endloop
  endfacet
  facet normal 9.083996e-02 -2.516346e-01 9.635498e-01
    outer loop
      vertex   2.500000e+01 1.055430e+01 9.086910e+00
      vertex   2.952158e+01 1.204835e+01 9.050809e+00
      vertex   2.939070e+01 1.240792e+01 9.157051e+00
    endloop
  endfacet
  facet normal 1.007530e-01 -2.748375e-01 9.561973e-01
    outer loop
      vertex   2.500000e+01 1.055430e+01 9.086910e+00
      vertex   2.939070e+01 1.240792e+01 9.157051e+00
      vertex   2.500000e+01 1.095035e+01 9.200745e+00
    endloop
  endfacet
  facet normal 1.143783e-01 -3.163149e-01 9.417338e-01
    outer loop
      vertex   2.500000e+01 1.095035e+01 9.200745e+00
      vertex   2.939070e+01 1.240792e+01 9.157051e+00
      vertex   2.926279e+01 1.275936e+01 9.290628e+00
    endloop
  endfacet
  facet normal 1.236289e-01 -3.376848e-01 9.331050e-01
    outer loop
      vertex   2.500000e+01 1.095035e+01 9.200745e+00
      vertex   2.926279e+01 1.275936e+01 9.290628e+00
      vertex   2.500000e+01 1.133684e+01 9.340614e+00
    endloop
  endfacet
  facet normal 1.373195e-01 -3.793464e-01 9.150080e-01
    outer loop
      vertex   2.500000e+01 1.133684e+01 9.340614e+00
      vertex   2.926279e+01 1.275936e+01 9.290628e+00
      vertex   2.913851e+01 1.310082e+01 9.450843e+00
    endloop
  endfacet
  facet normal 1.458855e-01 -3.988395e-01 9.053422e-01
    outer loop
      vertex   2.500000e+01 1.133684e+01 9.340614e+00
      vertex   2.913851e+01 1.310082e+01 9.450843e+00
      vertex   2.500000e+01 1.171184e+01 9.505815e+00
    endloop
  endfacet
  facet normal 1.595444e-01 -4.404003e-01 8.835118e-01
    outer loop
      vertex   2.500000e+01 1.171184e+01 9.505815e+00
      vertex   2.913851e+01 1.310082e+01 9.450843e+00
      vertex   2.901851e+01 1.343052e+01 9.636860e+00
    endloop
  endfacet
  facet normal 1.674111e-01 -4.579958e-01 8.730483e-01
    outer loop
      vertex   2.500000e+01 1.171184e+01 9.505815e+00
      vertex   2.901851e+01 1.343052e+01 9.636860e+00
      vertex   2.500000e+01 1.207346e+01 9.695521e+00
    endloop
  endfacet
  facet normal 1.809375e-01 -4.991582e-01 8.474094e-01
    outer loop
      vertex   2.500000e+01 1.207346e+01 9.695521e+00
      vertex   2.901851e+01 1.343052e+01 9.636860e+00
      vertex   2.890341e+01 1.374676e+01 9.847711e+00
    endloop
  endfacet
  facet normal 1.880974e-01 -5.148581e-01 8.363854e-01
    outer loop
      vertex   2.500000e+01 1.207346e+01 9.695521e+00
      vertex   2.890341e+01 1.374676e+01 9.847711e+00
      vertex   2.500000e+01 1.241991e+01 9.908784e+00
    endloop
  endfacet
  facet normal 2.013876e-01 -5.553135e-01 8.068890e-01
    outer loop
      vertex   2.500000e+01 1.241991e+01 9.908784e+00
      vertex   2.890341e+01 1.374676e+01 9.847711e+00
      vertex   2.879381e+01 1.404787e+01 1.008229e+01
    endloop
  endfacet
  facet normal 2.078408e-01 -5.691422e-01 7.955372e-01
    outer loop
      vertex   2.500000e+01 1.241991e+01 9.908784e+00
      vertex   2.879381e+01 1.404787e+01 1.008229e+01
      vertex   2.500000e+01 1.274943e+01 1.014453e+01
    endloop
  endfacet
  facet normal 2.207886e-01 -6.085734e-01 7.621619e-01
    outer loop
      vertex   2.500000e+01 1.274943e+01 1.014453e+01
      vertex   2.879381e+01 1.404787e+01 1.008229e+01
      vertex   2.869029e+01 1.433229e+01 1.033939e+01
    endloop
  endfacet
  facet normal 2.265420e-01 -6.205768e-01 7.507084e-01
    outer loop
      vertex   2.500000e+01 1.274943e+01 1.014453e+01
      vertex   2.869029e+01 1.433229e+01 1.033939e+01
      vertex   2.500000e+01 1.306040e+01 1.040159e+01
    endloop
  endfacet
  facet normal 2.390399e-01 -6.586601e-01 7.134612e-01
    outer loop
      vertex   2.500000e+01 1.306040e+01 1.040159e+01
      vertex   2.869029e+01 1.433229e+01 1.033939e+01
      vertex   2.859338e+01 1.459854e+01 1.061765e+01
    endloop
  endfacet
  facet normal 2.441070e-01 -6.689053e-01 7.021236e-01
    outer loop
      vertex   2.500000e+01 1.306040e+01 1.040159e+01
      vertex   2.859338e+01 1.459854e+01 1.061765e+01
      vertex   2.500000e+01 1.335123e+01 1.067867e+01
    endloop
  endfacet
  facet normal 2.560467e-01 -7.053121e-01 6.610408e-01
    outer loop
      vertex   2.500000e+01 1.335123e+01 1.067867e+01
      vertex   2.859338e+01 1.459854e+01 1.061765e+01
      vertex   2.850360e+01 1.484522e+01 1.091564e+01
    endloop
  endfacet
  facet normal 2.604478e-01 -7.138862e-01 6.500258e-01
    outer loop
      vertex   2.500000e+01 1.335123e+01 1.067867e+01
      vertex   2.850360e+01 1.484522e+01 1.091564e+01
      vertex   2.500000e+01 1.362049e+01 1.097438e+01
    endloop
  endfacet
  facet normal 2.717208e-01 -7.482861e-01 6.051741e-01
    outer loop
      vertex   2.500000e+01 1.362049e+01 1.097438e+01
      vertex   2.850360e+01 1.484522e+01 1.091564e+01
      vertex   2.842140e+01 1.507106e+01 1.123179e+01
    endloop
  endfacet
  facet normal 2.754822e-01 -7.552950e-01 5.946756e-01
    outer loop
      vertex   2.500000e+01 1.362049e+01 1.097438e+01
      vertex   2.842140e+01 1.507106e+01 1.123179e+01
      vertex   2.500000e+01 1.386682e+01 1.128724e+01
    endloop
  endfacet
  facet normal 2.859809e-01 -7.873580e-01 5.461523e-01
    outer loop
      vertex   2.500000e+01 1.386682e+01 1.128724e+01
      vertex   2.842140e+01 1.507106e+01 1.123179e+01
      vertex   2.834722e+01 1.527487e+01 1.156445e+01
    endloop
  endfacet
  facet normal 2.891346e-01 -7.929251e-01 5.363497e-01
    outer loop
      vertex   2.500000e+01 1.386682e+01 1.128724e+01
      vertex   2.834722e+01 1.527487e+01 1.156445e+01
      vertex   2.500000e+01 1.408899e+01 1.161569e+01
    endloop
  endfacet
  facet normal 2.987532e-01 -8.223238e-01 4.842831e-01
    outer loop
      vertex   2.500000e+01 1.408899e+01 1.161569e+01
      vertex   2.834722e+01 1.527487e+01 1.156445e+01
      vertex   2.828144e+01 1.545560e+01 1.191190e+01
    endloop
  endfacet
  facet normal 3.013366e-01 -8.265885e-01 4.753396e-01
    outer loop
      vertex   2.500000e+01 1.408899e+01 1.161569e+01
      vertex   2.828144e+01 1.545560e+01 1.191190e+01
      vertex   2.500000e+01 1.428589e+01 1.195808e+01
    endloop
  endfacet
  facet normal 3.099714e-01 -8.530011e-01 4.198891e-01
    outer loop
      vertex   2.500000e+01 1.428589e+01 1.195808e+01
      vertex   2.828144e+01 1.545560e+01 1.191190e+01
      vertex   2.822441e+01 1.561229e+01 1.227233e+01
    endloop
  endfacet
  facet normal 3.120269e-01 -8.561171e-01 4.119500e-01
    outer loop
      vertex   2.500000e+01 1.428589e+01 1.195808e+01
      vertex   2.822441e+01 1.561229e+01 1.227233e+01
      vertex   2.500000e+01 1.445652e+01 1.231270e+01
    endloop
  endfacet
  facet normal 3.195772e-01 -8.792300e-01 3.533059e-01
    outer loop
      vertex   2.500000e+01 1.445652e+01 1.231270e+01
      vertex   2.822441e+01 1.561229e+01 1.227233e+01
      vertex   2.817642e+01 1.574413e+01 1.264384e+01
    endloop
  endfacet
  facet normal 3.211517e-01 -8.813632e-01 3.464975e-01
    outer loop
      vertex   2.500000e+01 1.445652e+01 1.231270e+01
      vertex   2.817642e+01 1.574413e+01 1.264384e+01
      vertex   2.500000e+01 1.460005e+01 1.267777e+01
    endloop
  endfacet
  facet normal 3.275208e-01 -9.008735e-01 2.848808e-01
    outer loop
      vertex   2.500000e+01 1.460005e+01 1.267777e+01
      vertex   2.817642e+01 1.574413e+01 1.264384e+01
      vertex   2.813773e+01 1.585045e+01 1.302451e+01
    endloop
  endfacet
  facet normal 3.286653e-01 -9.022005e-01 2.793088e-01
    outer loop
      vertex   2.500000e+01 1.460005e+01 1.267777e+01
      vertex   2.813773e+01 1.585045e+01 1.302451e+01
      vertex   2.500000e+01 1.471574e+01 1.305146e+01
    endloop
  endfacet
  facet normal 3.337609e-01 -9.178188e-01 2.149704e-01
    outer loop
      vertex   2.500000e+01 1.471574e+01 1.305146e+01
      vertex   2.813773e+01 1.585045e+01 1.302451e+01
      vertex   2.810853e+01 1.593067e+01 1.341235e+01
    endloop
  endfacet
  facet normal 3.345301e-01 -9.185243e-01 2.107196e-01
    outer loop
      vertex   2.500000e+01 1.471574e+01 1.305146e+01
      vertex   2.810853e+01 1.593067e+01 1.341235e+01
      vertex   2.500000e+01 1.480301e+01 1.343191e+01
    endloop
  endfacet
  facet normal 3.382649e-01 -9.299776e-01 1.439393e-01
    outer loop
      vertex   2.500000e+01 1.480301e+01 1.343191e+01
      vertex   2.810853e+01 1.593067e+01 1.341235e+01
      vertex   2.808898e+01 1.598438e+01 1.380535e+01
    endloop
  endfacet
  facet normal 3.387166e-01 -9.302525e-01 1.410725e-01
    outer loop
      vertex   2.500000e+01 1.480301e+01 1.343191e+01
      vertex   2.808898e+01 1.598438e+01 1.380535e+01
      vertex   2.500000e+01 1.486144e+01 1.381720e+01
    endloop
  endfacet
  facet normal 3.410092e-01 -9.372865e-01 7.215776e-02
    outer loop
      vertex   2.500000e+01 1.486144e+01 1.381720e+01
      vertex   2.808898e+01 1.598438e+01 1.380535e+01
      vertex   2.807918e+01 1.601131e+01 1.420144e+01
    endloop
  endfacet
  facet normal 3.412038e-01 -9.373256e-01 7.071535e-02
    outer loop
      vertex   2.500000e+01 1.486144e+01 1.381720e+01
      vertex   2.807918e+01 1.601131e+01 1.420144e+01
      vertex   2.500000e+01 1.489073e+01 1.420541e+01
    endloop
  endfacet
  facet normal 3.419794e-01 -9.397074e-01 0.000000e+00
    outer loop
      vertex   2.500000e+01 1.489073e+01 1.420541e+01
      vertex   2.807918e+01 1.601131e+01 1.420144e+01
      vertex   2.807918e+01 1.601131e+01 1.459856e+01
    endloop
  endfacet
  facet normal 3.419794e-01 -9.397074e-01 0.000000e+00
    outer loop
      vertex   2.500000e+01 1.489073e+01 1.420541e+01
      vertex   2.807918e+01 1.601131e+01 1.459856e+01
      vertex   2.500000e+01 1.489073e+01 1.459459e+01
    endloop
  endfacet
  facet normal 3.412038e-01 -9.373256e-01 -7.071535e-02
    outer loop
      vertex   2.500000e+01 1.489073e+01 1.459459e+01
      vertex   2.807918e+01 1.601131e+01 1.459856e+01
      vertex   2.500000e+01 1.486144e+01 1.498280e+01
    endloop
  endfacet
  facet normal 3.410092e-01 -9.372865e-01 -7.215776e-02
    outer loop
      vertex   2.500000e+01 1.486144e+01 1.498280e+01
      vertex   2.807918e+01 1.601131e+01 1.459856e+01
      vertex   2.808898e+01 1.598438e+01 1.499465e+01
    endloop
  endfacet
  facet normal 3.387166e-01 -9.302525e-01 -1.410725e-01
    outer loop
      vertex   2.500000e+01 1.486144e+01 1.498280e+01
      vertex   2.808898e+01 1.598438e+01 1.499465e+01
      vertex   2.500000e+01 1.480301e+01 1.536809e+01
    endloop
  endfacet
  facet normal 3.382649e-01 -9.299776e-01 -1.439393e-01
    outer loop
      vertex   2.500000e+01 1.480301e+01 1.536809e+01
      vertex   2.808898e+01 1.598438e+01 1.499465e+01
      vertex   2.810853e+01 1.593067e+01 1.538765e+01
    endloop
  endfacet
  facet normal 3.345301e-01 -9.185243e-01 -2.107196e-01
    outer loop
      vertex   2.500000e+01 1.480301e+01 1.536809e+01
      vertex   2.810853e+01 1.593067e+01 1.538765e+01
      vertex   2.500000e+01 1.471574e+01 1.574854e+01
    endloop
  endfacet
  facet normal 3.337609e-01 -9.178188e-01 -2.149704e-01
    outer loop
      vertex   2.500000e+01 1.471574e+01 1.574854e+01
      vertex   2.810853e+01 1.593067e+01 1.538765e+01
      vertex   2.813773e+01 1.585045e+01 1.577549e+01
    endloop
  endfacet
  facet normal 3.286653e-01 -9.022005e-01 -2.793088e-01
    outer loop
      vertex   2.500000e+01 1.471574e+01 1.574854e+01
      vertex   2.813773e+01 1.585045e+01 1.577549e+01
      vertex   2.500000e+01 1.460005e+01 1.612223e+01
    endloop
  endfacet
  facet normal 3.275208e-01 -9.008735e-01 -2.848808e-01
    outer loop
      vertex   2.500000e+01 1.460005e+01 1.612223e+01
      vertex   2.813773e+01 1.585045e+01 1.577549e+01
      vertex   2.817642e+01 1.574413e+01 1.615616e+01
    endloop
  endfacet
  facet normal 3.211517e-01 -8.813632e-01 -3.464975e-01
    outer loop
      vertex   2.500000e+01 1.460005e+01 1.612223e+01
      vertex   2.817642e+01 1.574413e+01 1.615616e+01
      vertex   2.500000e+01 1.445652e+01 1.648730e+01
    endloop
  endfacet
  facet normal 3.195772e-01 -8.792300e-01 -3.533059e-01
    outer loop
      vertex   2.500000e+01 1.445652e+01 1.648730e+01
      vertex   2.817642e+01 1.574413e+01 1.615616e+01
      vertex   2.822441e+01 1.561229e+01 1.652767e+01
    endloop
  endfacet
  facet normal 3.120269e-01 -8.561171e-01 -4.119500e-01
    outer loop
      vertex   2.500000e+01 1.445652e+01 1.648730e+01
      vertex   2.822441e+01 1.561229e+01 1.652767e+01
      vertex   2.500000e+01 1.428589e+01 1.684192e+01
    endloop
  endfacet
  facet normal 3.099714e-01 -8.530011e-01 -4.198891e-01
    outer loop
      vertex   2.500000e+01 1.428589e+01 1.684192e+01
      vertex   2.822441e+01 1.561229e+01 1.652767e+01
      vertex   2.828144e+01 1.545560e+01 1.688810e+01
    endloop
  endfacet
  facet normal 3.013366e-01 -8.265885e-01 -4.753396e-01
    outer loop
      vertex   2.500000e+01 1.428589e+01 1.684192e+01
      vertex   2.828144e+01 1.545560e+01 1.688810e+01
      vertex   2.500000e+01 1.408899e+01 1.718431e+01
    endloop
  endfacet
  facet normal 2.987532e-01 -8.223238e-01 -4.842831e-01
    outer loop
      vertex   2.500000e+01 1.408899e+01 1.718431e+01
      vertex   2.828144e+01 1.545560e+01 1.688810e+01
      vertex   2.834722e+01 1.527487e+01 1.723555e+01
    endloop
  endfacet
  facet normal 2.891346e-01 -7.929251e-01 -5.363497e-01
    outer loop
      vertex   2.500000e+01 1.408899e+01 1.718431e+01
      vertex   2.834722e+01 1.527487e+01 1.723555e+01
      vertex   2.500000e+01 1.386682e+01 1.751276e+01
    endloop
  endfacet
  facet normal 2.859809e-01 -7.873580e-01 -5.461523e-01
    outer loop
      vertex   2.500000e+01 1.386682e+01 1.751276e+01
      vertex   2.834722e+01 1.527487e+01 1.723555e+01
      vertex   2.842140e+01 1.507106e+01 1.756821e+01
    endloop
  endfacet
  facet normal 2.754822e-01 -7.552950e-01 -5.946756e-01
    outer loop
      vertex   2.500000e+01 1.386682e+01 1.751276e+01
      vertex   2.842140e+01 1.507106e+01 1.756821e+01
      vertex   2.500000e+01 1.362049e+01 1.782562e+01
    endloop
  endfacet
  facet normal 2.717208e-01 -7.482861e-01 -6.051741e-01
    outer loop
      vertex   2.500000e+01 1.362049e+01 1.782562e+01
      vertex   2.842140e+01 1.507106e+01 1.756821e+01
      vertex   2.850360e+01 1.484522e+01 1.788436e+01
    endloop
  endfacet
  facet normal 2.604478e-01 -7.138862e-01 -6.500258e-01
    outer loop
      vertex   2.500000e+01 1.362049e+01 1.782562e+01
      vertex   2.850360e+01 1.484522e+01 1.788436e+01
      vertex   2.500000e+01 1.335123e+01 1.812133e+01
    endloop
  endfacet
  facet normal 2.560467e-01 -7.053121e-01 -6.610408e-01
    outer loop
      vertex   2.500000e+01 1.335123e+01 1.812133e+01
      vertex   2.850360e+01 1.484522e+01 1.788436e+01
      vertex   2.859338e+01 1.459854e+01 1.818235e+01
    endloop
  endfacet
  facet normal 2.441070e-01 -6.689053e-01 -7.021236e-01
    outer loop
      vertex   2.500000e+01 1.335123e+01 1.812133e+01
      vertex   2.859338e+01 1.459854e+01 1.818235e+01
      vertex   2.500000e+01 1.306040e+01 1.839841e+01
    endloop
  endfacet
  facet normal 2.390399e-01 -6.586601e-01 -7.134612e-01
    outer loop
      vertex   2.500000e+01 1.306040e+01 1.839841e+01
      vertex   2.859338e+01 1.459854e+01 1.818235e+01
      vertex   2.869029e+01 1.433229e+01 1.846061e+01
    endloop
  endfacet
  facet normal 2.265420e-01 -6.205768e-01 -7.507084e-01
    outer loop
      vertex   2.500000e+01 1.306040e+01 1.839841e+01
      vertex   2.869029e+01 1.433229e+01 1.846061e+01
      vertex   2.500000e+01 1.274943e+01 1.865547e+01
    endloop
  endfacet
  facet normal 2.207886e-01 -6.085734e-01 -7.621619e-01
    outer loop
      vertex   2.500000e+01 1.274943e+01 1.865547e+01
      vertex   2.869029e+01 1.433229e+01 1.846061e+01
      vertex   2.879381e+01 1.404787e+01 1.871771e+01
    endloop
  endfacet
  facet normal 2.078408e-01 -5.691422e-01 -7.955372e-01
    outer loop
      vertex   2.500000e+01 1.274943e+01 1.865547e+01
      vertex   2.879381e+01 1.404787e+01 1.871771e+01
      vertex   2.500000e+01 1.241991e+01 1.889122e+01
    endloop
  endfacet
  facet normal 2.013876e-01 -5.553135e-01 -8.068890e-01
    outer loop
      vertex   2.500000e+01 1.241991e+01 1.889122e+01
      vertex   2.879381e+01 1.404787e+01 1.871771e+01
      vertex   2.890341e+01 1.374676e+01 1.895229e+01
    endloop
  endfacet
  facet normal 1.880974e-01 -5.148581e-01 -8.363854e-01
    outer loop
      vertex   2.500000e+01 1.241991e+01 1.889122e+01
      vertex   2.890341e+01 1.374676e+01 1.895229e+01
      vertex   2.500000e+01 1.207346e+01 1.910448e+01
    endloop
  endfacet
  facet normal 1.809375e-01 -4.991582e-01 -8.474094e-01
    outer loop
      vertex   2.500000e+01 1.207346e+01 1.910448e+01
      vertex   2.890341e+01 1.374676e+01 1.895229e+01
      vertex   2.901851e+01 1.343052e+01 1.916314e+01
    endloop
  endfacet
  facet normal 1.674111e-01 -4.579958e-01 -8.730483e-01
    outer loop
      vertex   2.500000e+01 1.207346e+01 1.910448e+01
      vertex   2.901851e+01 1.343052e+01 1.916314e+01
      vertex   2.500000e+01 1.171184e+01 1.929419e+01
    endloop
  endfacet
  facet normal 1.595444e-01 -4.404003e-01 -8.835118e-01
    outer loop
      vertex   2.500000e+01 1.171184e+01 1.929419e+01
      vertex   2.901851e+01 1.343052e+01 1.916314e+01
      vertex   2.913851e+01 1.310082e+01 1.934916e+01
    endloop
  endfacet
  facet normal 1.458855e-01 -3.988395e-01 -9.053422e-01
    outer loop
      vertex   2.500000e+01 1.171184e+01 1.929419e+01
      vertex   2.913851e+01 1.310082e+01 1.934916e+01
      vertex   2.500000e+01 1.133684e+01 1.945939e+01
    endloop
  endfacet
  facet normal 1.373195e-01 -3.793464e-01 -9.150080e-01
    outer loop
      vertex   2.500000e+01 1.133684e+01 1.945939e+01
      vertex   2.913851e+01 1.310082e+01 1.934916e+01
      vertex   2.926279e+01 1.275936e+01 1.950937e+01
    endloop
  endfacet
  facet normal 1.236289e-01 -3.376848e-01 -9.331050e-01
    outer loop
      vertex   2.500000e+01 1.133684e+01 1.945939e+01
      vertex   2.926279e+01 1.275936e+01 1.950937e+01
      vertex   2.500000e+01 1.095035e+01 1.959925e+01
    endloop
  endfacet
  facet normal 1.143783e-01 -3.163149e-01 -9.417338e-01
    outer loop
      vertex   2.500000e+01 1.095035e+01 1.959925e+01
      vertex   2.926279e+01 1.275936e+01 1.950937e+01
      vertex   2.939070e+01 1.240792e+01 1.964295e+01
    endloop
  endfacet
  facet normal 1.007530e-01 -2.748375e-01 -9.561973e-01
    outer loop
      vertex   2.500000e+01 1.095035e+01 1.959925e+01
      vertex   2.939070e+01 1.240792e+01 1.964295e+01
      vertex   2.500000e+01 1.055430e+01 1.971309e+01
    endloop
  endfacet
  facet normal 9.083996e-02 -2.516346e-01 -9.635498e-01
    outer loop
      vertex   2.500000e+01 1.055430e+01 1.971309e+01
      vertex   2.939070e+01 1.240792e+01 1.964295e+01
      vertex   2.952158e+01 1.204835e+01 1.974919e+01
    endloop
  endfacet
  facet normal 7.737250e-02 -2.106121e-01 -9.745030e-01
    outer loop
      vertex   2.500000e+01 1.055430e+01 1.971309e+01
      vertex   2.952158e+01 1.204835e+01 1.974919e+01
      vertex   2.500000e+01 1.015068e+01 1.980032e+01
    endloop
  endfacet
  facet normal 6.682701e-02 -1.856427e-01 -9.803422e-01
    outer loop
      vertex   2.500000e+01 1.015068e+01 1.980032e+01
      vertex   2.952158e+01 1.204835e+01 1.974919e+01
      vertex   2.965473e+01 1.168251e+01 1.982755e+01
    endloop
  endfacet
  facet normal 5.360481e-02 -1.453300e-01 -9.879300e-01
    outer loop
      vertex   2.500000e+01 1.015068e+01 1.980032e+01
      vertex   2.965473e+01 1.168251e+01 1.982755e+01
      vertex   2.500000e+01 9.741501e+00 1.986051e+01
    endloop
  endfacet
  facet normal 4.246434e-02 -1.186835e-01 -9.920237e-01
    outer loop
      vertex   2.500000e+01 9.741501e+00 1.986051e+01
      vertex   2.965473e+01 1.168251e+01 1.982755e+01
      vertex   2.978947e+01 1.131231e+01 1.987760e+01
    endloop
  endfacet
  facet normal 2.956920e-02 -7.931785e-02 -9.964107e-01
    outer loop
      vertex   2.500000e+01 9.741501e+00 1.986051e+01
      vertex   2.978947e+01 1.131231e+01 1.987760e+01
      vertex   2.500000e+01 9.328818e+00 1.989337e+01
    endloop
  endfacet
  facet normal 1.787873e-02 -5.110609e-02 -9.985332e-01
    outer loop
      vertex   2.500000e+01 9.328818e+00 1.989337e+01
      vertex   2.978947e+01 1.131231e+01 1.987760e+01
      vertex   2.992510e+01 1.093968e+01 1.989910e+01
    endloop
  endfacet
  facet normal 5.386244e-03 -1.290629e-02 -9.999022e-01
    outer loop
      vertex   2.500000e+01 9.328818e+00 1.989337e+01
      vertex   2.992510e+01 1.093968e+01 1.989910e+01
      vertex   2.500000e+01 8.914696e+00 1.989871e+01
    endloop
  endfacet
  facet normal -6.801833e-03 1.673716e-02 -9.998368e-01
    outer loop
      vertex   2.500000e+01 8.914696e+00 1.989871e+01
      vertex   2.992510e+01 1.093968e+01 1.989910e+01
      vertex   3.006090e+01 1.056656e+01 1.989193e+01
    endloop
  endfacet
  facet normal -1.882274e-02 5.357212e-02 -9.983866e-01
    outer loop
      vertex   2.500000e+01 8.914696e+00 1.989871e+01
      vertex   3.006090e+01 1.056656e+01 1.989193e+01
      vertex   2.500000e+01 8.501208e+00 1.987652e+01
    endloop
  endfacet
  facet normal -3.144881e-02 8.449245e-02 -9.959277e-01
    outer loop
      vertex   2.500000e+01 8.501208e+00 1.987652e+01
      vertex   3.006090e+01 1.056656e+01 1.989193e+01
      vertex   3.019618e+01 1.019491e+01 1.985613e+01
    endloop
  endfacet
  facet normal -4.293632e-02 1.197844e-01 -9.918710e-01
    outer loop
      vertex   2.500000e+01 8.501208e+00 1.987652e+01
      vertex   3.019618e+01 1.019491e+01 1.985613e+01
      vertex   2.500000e+01 8.090426e+00 1.982691e+01
    endloop
  endfacet
  facet normal -5.593383e-02 1.518065e-01 -9.868263e-01
    outer loop
      vertex   2.500000e+01 8.090426e+00 1.982691e+01
      vertex   3.019618e+01 1.019491e+01 1.985613e+01
      vertex   3.033021e+01 9.826645e+00 1.979188e+01
    endloop
  endfacet
  facet normal -6.683358e-02 1.853988e-01 -9.803880e-01
    outer loop
      vertex   2.500000e+01 8.090426e+00 1.982691e+01
      vertex   3.033021e+01 9.826645e+00 1.979188e+01
      vertex   2.500000e+01 7.684405e+00 1.975013e+01
    endloop
  endfacet
  facet normal -8.012932e-02 2.183284e-01 -9.725801e-01
    outer loop
      vertex   2.500000e+01 7.684405e+00 1.975013e+01
      vertex   3.033021e+01 9.826645e+00 1.979188e+01
      vertex   3.046231e+01 9.463701e+00 1.969952e+01
    endloop
  endfacet
  facet normal -9.039468e-02 2.500865e-01 -9.639946e-01
    outer loop
      vertex   2.500000e+01 7.684405e+00 1.975013e+01
      vertex   3.046231e+01 9.463701e+00 1.969952e+01
      vertex   2.500000e+01 7.285179e+00 1.964656e+01
    endloop
  endfacet
  facet normal -1.039092e-01 2.837112e-01 -9.532633e-01
    outer loop
      vertex   2.500000e+01 7.285179e+00 1.964656e+01
      vertex   3.046231e+01 9.463701e+00 1.969952e+01
      vertex   3.059179e+01 9.107965e+00 1.957954e+01
    endloop
  endfacet
  facet normal -1.135015e-01 3.135234e-01 -9.427728e-01
    outer loop
      vertex   2.500000e+01 7.285179e+00 1.964656e+01
      vertex   3.059179e+01 9.107965e+00 1.957954e+01
      vertex   2.500000e+01 6.894746e+00 1.951672e+01
    endloop
  endfacet
  facet normal -1.271495e-01 3.476141e-01 -9.289766e-01
    outer loop
      vertex   2.500000e+01 6.894746e+00 1.951672e+01
      vertex   3.059179e+01 9.107965e+00 1.957954e+01
      vertex   3.071797e+01 8.761292e+00 1.943255e+01
    endloop
  endfacet
  facet normal -1.360382e-01 3.753916e-01 -9.168286e-01
    outer loop
      vertex   2.500000e+01 6.894746e+00 1.951672e+01
      vertex   3.071797e+01 8.761292e+00 1.943255e+01
      vertex   2.500000e+01 6.515062e+00 1.936126e+01
    endloop
  endfacet
  facet normal -1.497291e-01 4.097039e-01 -8.998466e-01
    outer loop
      vertex   2.500000e+01 6.515062e+00 1.936126e+01
      vertex   3.071797e+01 8.761292e+00 1.943255e+01
      vertex   3.084019e+01 8.425490e+00 1.925932e+01
    endloop
  endfacet
  facet normal -1.578918e-01 4.353809e-01 -8.862921e-01
    outer loop
      vertex   2.500000e+01 6.515062e+00 1.936126e+01
      vertex   3.084019e+01 8.425490e+00 1.925932e+01
      vertex   2.500000e+01 6.148028e+00 1.918096e+01
    endloop
  endfacet
  facet normal -1.715302e-01 4.696569e-01 -8.660253e-01
    outer loop
      vertex   2.500000e+01 6.148028e+00 1.918096e+01
      vertex   3.084019e+01 8.425490e+00 1.925932e+01
      vertex   3.095782e+01 8.102309e+00 1.906075e+01
    endloop
  endfacet
  facet normal -1.789529e-01 4.931907e-01 -8.513159e-01
    outer loop
      vertex   2.500000e+01 6.148028e+00 1.918096e+01
      vertex   3.095782e+01 8.102309e+00 1.906075e+01
      vertex   2.500000e+01 5.795481e+00 1.897672e+01
    endloop
  endfacet
  facet normal -1.924391e-01 5.271606e-01 -8.276889e-01
    outer loop
      vertex   2.500000e+01 5.795481e+00 1.897672e+01
      vertex   3.095782e+01 8.102309e+00 1.906075e+01
      vertex   3.107024e+01 7.793435e+00 1.883789e+01
    endloop
  endfacet
  facet normal -1.991159e-01 5.485313e-01 -8.120753e-01
    outer loop
      vertex   2.500000e+01 5.795481e+00 1.897672e+01
      vertex   3.107024e+01 7.793435e+00 1.883789e+01
      vertex   2.500000e+01 5.459187e+00 1.874957e+01
    endloop
  endfacet
  facet normal -2.123468e-01 5.819152e-01 -7.850373e-01
    outer loop
      vertex   2.500000e+01 5.459187e+00 1.874957e+01
      vertex   3.107024e+01 7.793435e+00 1.883789e+01
      vertex   3.117687e+01 7.500477e+00 1.859189e+01
    endloop
  endfacet
  facet normal -2.182798e-01 6.011252e-01 -7.687669e-01
    outer loop
      vertex   2.500000e+01 5.459187e+00 1.874957e+01
      vertex   3.117687e+01 7.500477e+00 1.859189e+01
      vertex   2.500000e+01 5.140829e+00 1.850063e+01
    endloop
  endfacet
  facet normal -2.311493e-01 6.336352e-01 -7.382929e-01
    outer loop
      vertex   2.500000e+01 5.140829e+00 1.850063e+01
      vertex   3.117687e+01 7.500477e+00 1.859189e+01
      vertex   3.127715e+01 7.224963e+00 1.832404e+01
    endloop
  endfacet
  facet normal -2.363487e-01 6.507087e-01 -7.216075e-01
    outer loop
      vertex   2.500000e+01 5.140829e+00 1.850063e+01
      vertex   3.127715e+01 7.224963e+00 1.832404e+01
      vertex   2.500000e+01 4.842002e+00 1.823116e+01
    endloop
  endfacet
  facet normal -2.487487e-01 6.820511e-01 -6.876994e-01
    outer loop
      vertex   2.500000e+01 4.842002e+00 1.823116e+01
      vertex   3.127715e+01 7.224963e+00 1.832404e+01
      vertex   3.137055e+01 6.968330e+00 1.803573e+01
    endloop
  endfacet
  facet normal -2.532320e-01 6.970335e-01 -6.708337e-01
    outer loop
      vertex   2.500000e+01 4.842002e+00 1.823116e+01
      vertex   3.137055e+01 6.968330e+00 1.803573e+01
      vertex   2.500000e+01 4.564202e+00 1.794251e+01
    endloop
  endfacet
  facet normal -2.650530e-01 7.269104e-01 -6.335205e-01
    outer loop
      vertex   2.500000e+01 4.564202e+00 1.794251e+01
      vertex   3.137055e+01 6.968330e+00 1.803573e+01
      vertex   3.145660e+01 6.731914e+00 1.772846e+01
    endloop
  endfacet
  facet normal -2.688454e-01 7.398673e-01 -6.166997e-01
    outer loop
      vertex   2.500000e+01 4.564202e+00 1.794251e+01
      vertex   3.145660e+01 6.731914e+00 1.772846e+01
      vertex   2.500000e+01 4.308819e+00 1.763613e+01
    endloop
  endfacet
  facet normal -2.799770e-01 7.679793e-01 -5.760388e-01
    outer loop
      vertex   2.500000e+01 4.308819e+00 1.763613e+01
      vertex   3.145660e+01 6.731914e+00 1.772846e+01
      vertex   3.153484e+01 6.516950e+00 1.740384e+01
    endloop
  endfacet
  facet normal -2.831107e-01 7.789954e-01 -5.594770e-01
    outer loop
      vertex   2.500000e+01 4.308819e+00 1.763613e+01
      vertex   3.153484e+01 6.516950e+00 1.740384e+01
      vertex   2.500000e+01 4.077133e+00 1.731353e+01
    endloop
  endfacet
  facet normal -2.934429e-01 8.050438e-01 -5.155538e-01
    outer loop
      vertex   2.500000e+01 4.077133e+00 1.731353e+01
      vertex   3.153484e+01 6.516950e+00 1.740384e+01
      vertex   3.160487e+01 6.324557e+00 1.706356e+01
    endloop
  endfacet
  facet normal -2.959565e-01 8.142219e-01 -4.994522e-01
    outer loop
      vertex   2.500000e+01 4.077133e+00 1.731353e+01
      vertex   3.160487e+01 6.324557e+00 1.706356e+01
      vertex   2.500000e+01 3.870304e+00 1.697636e+01
    endloop
  endfacet
  facet normal -3.053803e-01 8.379107e-01 -4.523810e-01
    outer loop
      vertex   2.500000e+01 3.870304e+00 1.697636e+01
      vertex   3.160487e+01 6.324557e+00 1.706356e+01
      vertex   3.166631e+01 6.155739e+00 1.670939e+01
    endloop
  endfacet
  facet normal -3.073188e-01 8.453701e-01 -4.369262e-01
    outer loop
      vertex   2.500000e+01 3.870304e+00 1.697636e+01
      vertex   3.166631e+01 6.155739e+00 1.670939e+01
      vertex   2.500000e+01 3.689367e+00 1.662628e+01
    endloop
  endfacet
  facet normal -3.157268e-01 8.664086e-01 -3.868497e-01
    outer loop
      vertex   2.500000e+01 3.689367e+00 1.662628e+01
      vertex   3.166631e+01 6.155739e+00 1.670939e+01
      vertex   3.171886e+01 6.011376e+00 1.634318e+01
    endloop
  endfacet
  facet normal -3.171407e-01 8.722842e-01 -3.722124e-01
    outer loop
      vertex   2.500000e+01 3.689367e+00 1.662628e+01
      vertex   3.171886e+01 6.011376e+00 1.634318e+01
      vertex   2.500000e+01 3.535228e+00 1.626505e+01
    endloop
  endfacet
  facet normal -3.244283e-01 8.903891e-01 -3.193015e-01
    outer loop
      vertex   2.500000e+01 3.535228e+00 1.626505e+01
      vertex   3.171886e+01 6.011376e+00 1.634318e+01
      vertex   3.176223e+01 5.892220e+00 1.596684e+01
    endloop
  endfacet
  facet normal -3.253733e-01 8.948293e-01 -3.056351e-01
    outer loop
      vertex   2.500000e+01 3.535228e+00 1.626505e+01
      vertex   3.176223e+01 5.892220e+00 1.596684e+01
      vertex   2.500000e+01 3.408659e+00 1.589448e+01
    endloop
  endfacet
  facet normal -3.314392e-01 9.097273e-01 -2.500886e-01
    outer loop
      vertex   2.500000e+01 3.408659e+00 1.589448e+01
      vertex   3.176223e+01 5.892220e+00 1.596684e+01
      vertex   3.179619e+01 5.798893e+00 1.558234e+01
    endloop
  endfacet
  facet normal -3.319756e-01 9.128925e-01 -2.375280e-01
    outer loop
      vertex   2.500000e+01 3.408659e+00 1.589448e+01
      vertex   3.179619e+01 5.798893e+00 1.558234e+01
      vertex   2.500000e+01 3.310293e+00 1.551644e+01
    endloop
  endfacet
  facet normal -3.367228e-01 9.243223e-01 -1.795719e-01
    outer loop
      vertex   2.500000e+01 3.310293e+00 1.551644e+01
      vertex   3.179619e+01 5.798893e+00 1.558234e+01
      vertex   3.182058e+01 5.731880e+00 1.519167e+01
    endloop
  endfacet
  facet normal -3.369147e-01 9.263835e-01 -1.682323e-01
    outer loop
      vertex   2.500000e+01 3.310293e+00 1.551644e+01
      vertex   3.182058e+01 5.731880e+00 1.519167e+01
      vertex   2.500000e+01 3.240624e+00 1.513280e+01
    endloop
  endfacet
  facet normal -3.402514e-01 9.340981e-01 -1.081190e-01
    outer loop
      vertex   2.500000e+01 3.240624e+00 1.513280e+01
      vertex   3.182058e+01 5.731880e+00 1.519167e+01
      vertex   3.183527e+01 5.691533e+00 1.479687e+01
    endloop
  endfacet
  facet normal -3.401663e-01 9.352348e-01 -9.809539e-02
    outer loop
      vertex   2.500000e+01 3.240624e+00 1.513280e+01
      vertex   3.183527e+01 5.691533e+00 1.479687e+01
      vertex   2.500000e+01 3.200000e+00 1.474549e+01
    endloop
  endfacet
  facet normal -3.417754e-01 9.385984e-01 -4.714460e-02
    outer loop
      vertex   2.500000e+01 3.200000e+00 1.474549e+01
      vertex   3.183527e+01 5.691533e+00 1.479687e+01
      vertex   2.502382e+01 3.200000e+00 1.457283e+01
    endloop
  endfacet
  facet normal -3.422539e-01 9.389137e-01 -3.610241e-02
    outer loop
      vertex   2.502382e+01 3.200000e+00 1.457283e+01
      vertex   3.183527e+01 5.691533e+00 1.479687e+01
      vertex   3.184017e+01 5.678060e+00 1.440000e+01
    endloop
  endfacet
  facet normal -0.000000e+00 -9.600000e-01 -2.800000e-01
    outer loop
      vertex   2.500000e+01 1.800000e+01 4.080000e+01
      vertex   2.500000e+01 1.450000e+01 5.280000e+01
      vertex   2.000000e-01 1.800000e+01 4.080000e+01
    endloop
  endfacet
  facet normal 0.000000e+00 -9.600000e-01 -2.800000e-01
    outer loop
      vertex   2.000000e-01 1.800000e+01 4.080000e+01
      vertex   2.500000e+01 1.450000e+01 5.280000e+01
      vertex   2.000000e-01 1.450000e+01 5.280000e+01
    endloop
  endfacet
  facet normal 1.000000e+00 -2.775558e-17 1.657049e-18
    outer loop
      vertex   2.000000e-01 1.800000e+01 7.300000e+00
      vertex   2.000000e-01 1.800000e+01 4.080000e+01
      vertex   2.000000e-01 1.600000e+01 7.300000e+00
    endloop
  endfacet
  facet normal 1.000000e+00 0.000000e+00 -0.000000e+00
    outer loop
      vertex   2.000000e-01 1.600000e+01 7.300000e+00
      vertex   2.000000e-01 1.800000e+01 4.080000e+01
      vertex   2.000000e-01 1.450000e+01 5.280000e+01
    endloop
  endfacet
  facet normal 1.000000e+00 4.246041e-18 1.399794e-19
    outer loop
      vertex   2.000000e-01 1.600000e+01 7.300000e+00
      vertex   2.000000e-01 1.450000e+01 5.280000e+01
      vertex   2.000000e-01 3.200000e+00 -1.000000e+00
    endloop
  endfacet
  facet normal 1.000000e+00 0.000000e+00 1.031806e-18
    outer loop
      vertex   2.000000e-01 3.200000e+00 -1.000000e+00
      vertex   2.000000e-01 1.450000e+01 5.280000e+01
      vertex   2.000000e-01 3.200000e+00 5.280000e+01
    endloop
  endfacet
  facet normal 1.000000e+00 -3.892981e-26 6.688091e-18
    outer loop
      vertex   2.000000e-01 3.200000e+00 -1.000000e+00
      vertex   2.000000e-01 1.600000e+01 -1.000000e+00
      vertex   2.000000e-01 1.600000e+01 7.300000e+00
    endloop
  endfacet
  facet normal 0.000000e+00 1.000000e+00 -0.000000e+00
    outer loop
      vertex   2.500000e+01 3.200000e+00 -1.000000e+00
      vertex   2.200000e+01 3.200000e+00 -1.000000e+00
      vertex   2.500000e+01 3.200000e+00 1.405451e+01
    endloop
  endfacet
  facet normal 0.000000e+00 1.000000e+00 -0.000000e+00
    outer loop
      vertex   2.500000e+01 3.200000e+00 1.405451e+01
      vertex   2.200000e+01 3.200000e+00 -1.000000e+00
      vertex   2.500000e+01 3.200000e+00 1.474549e+01
    endloop
  endfacet
  facet normal 0.000000e+00 1.000000e+00 0.000000e+00
    outer loop
      vertex   2.500000e+01 3.200000e+00 1.405451e+01
      vertex   2.500000e+01 3.200000e+00 1.474549e+01
      vertex   2.502382e+01 3.200000e+00 1.422717e+01
    endloop
  endfacet
  facet normal 0.000000e+00 1.000000e+00 -0.000000e+00
    outer loop
      vertex   2.502382e+01 3.200000e+00 1.422717e+01
      vertex   2.500000e+01 3.200000e+00 1.474549e+01
      vertex   2.502382e+01 3.200000e+00 1.457283e+01
    endloop
  endfacet
  facet normal 0.000000e+00 1.000000e+00 0.000000e+00
    outer loop
      vertex   2.502382e+01 3.200000e+00 1.422717e+01
      vertex   2.502382e+01 3.200000e+00 1.457283e+01
      vertex   2.503176e+01 3.200000e+00 1.440000e+01
    endloop
  endfacet
  facet normal 0.000000e+00 1.000000e+00 0.000000e+00
    outer loop
      vertex   2.200000e+01 3.200000e+00 -1.000000e+00
      vertex   2.200000e+01 3.200000e+00 5.280000e+01
      vertex   2.500000e+01 3.200000e+00 1.474549e+01
    endloop
  endfacet
  facet normal 0.000000e+00 1.000000e+00 -0.000000e+00
    outer loop
      vertex   2.500000e+01 3.200000e+00 1.474549e+01
      vertex   2.200000e+01 3.200000e+00 5.280000e+01
      vertex   2.500000e+01 3.200000e+00 3.905089e+01
    endloop
  endfacet
  facet normal 0.000000e+00 1.000000e+00 -0.000000e+00
    outer loop
      vertex   2.500000e+01 3.200000e+00 3.905089e+01
      vertex   2.200000e+01 3.200000e+00 5.280000e+01
      vertex   2.500000e+01 3.200000e+00 3.974911e+01
    endloop
  endfacet
  facet normal 0.000000e+00 1.000000e+00 0.000000e+00
    outer loop
      vertex   2.500000e+01 3.200000e+00 3.905089e+01
      vertex   2.500000e+01 3.200000e+00 3.974911e+01
      vertex   2.502432e+01 3.200000e+00 3.922536e+01
    endloop
  endfacet
  facet normal 0.000000e+00 1.000000e+00 -0.000000e+00
    outer loop
      vertex   2.502432e+01 3.200000e+00 3.922536e+01
      vertex   2.500000e+01 3.200000e+00 3.974911e+01
      vertex   2.502432e+01 3.200000e+00 3.957464e+01
    endloop
  endfacet
  facet normal 0.000000e+00 1.000000e+00 0.000000e+00
    outer loop
      vertex   2.502432e+01 3.200000e+00 3.922536e+01
      vertex   2.502432e+01 3.200000e+00 3.957464e+01
      vertex   2.503243e+01 3.200000e+00 3.940000e+01
    endloop
  endfacet
  facet normal -2.960595e-16 1.000000e+00 -6.805502e-17
    outer loop
      vertex   2.200000e+01 3.200000e+00 5.280000e+01
      vertex   2.500000e+01 3.200000e+00 5.280000e+01
      vertex   2.500000e+01 3.200000e+00 3.974911e+01
    endloop
  endfacet
  facet normal -5.151863e-17 -1.000000e+00 -9.604005e-18
    outer loop
      vertex   2.600000e+01 -8.000000e-01 5.380000e+01
      vertex   2.040000e+01 -8.000000e-01 3.760000e+01
      vertex   2.600000e+01 -8.000000e-01 -4.000000e+00
    endloop
  endfacet
  facet normal 1.982541e-17 -1.000000e+00 0.000000e+00
    outer loop
      vertex   2.600000e+01 -8.000000e-01 -4.000000e+00
      vertex   2.040000e+01 -8.000000e-01 3.760000e+01
      vertex   2.040000e+01 -8.000000e-01 1.200000e+01
    endloop
  endfacet
  facet normal 3.581094e-17 -1.000000e+00 5.594934e-18
    outer loop
      vertex   2.600000e+01 -8.000000e-01 -4.000000e+00
      vertex   2.040000e+01 -8.000000e-01 1.200000e+01
      vertex   1.419953e+01 -8.000000e-01 1.200000e+01
    endloop
  endfacet
  facet normal 0.000000e+00 -1.000000e+00 0.000000e+00
    outer loop
      vertex   -8.000000e-01 -8.000000e-01 5.380000e+01
      vertex   1.255756e+01 -8.000000e-01 4.929910e+01
      vertex   2.600000e+01 -8.000000e-01 5.380000e+01
    endloop
  endfacet
  facet normal 0.000000e+00 -1.000000e+00 0.000000e+00
    outer loop
      vertex   2.600000e+01 -8.000000e-01 5.380000e+01
      vertex   1.255756e+01 -8.000000e-01 4.929910e+01
      vertex   1.272702e+01 -8.000000e-01 4.929190e+01
    endloop
  endfacet
  facet normal 0.000000e+00 -1.000000e+00 0.000000e+00
    outer loop
      vertex   2.600000e+01 -8.000000e-01 5.380000e+01
      vertex   1.272702e+01 -8.000000e-01 4.929190e+01
      vertex   1.289282e+01 -8.000000e-01 4.925617e+01
    endloop
  endfacet
  facet normal 3.965082e-17 -1.000000e+00 0.000000e+00
    outer loop
      vertex   -8.000000e-01 -8.000000e-01 -4.000000e+00
      vertex   4.800000e+00 -8.000000e-01 3.760000e+01
      vertex   -8.000000e-01 -8.000000e-01 5.380000e+01
    endloop
  endfacet
  facet normal -6.911851e-18 -1.000000e+00 -1.609574e-17
    outer loop
      vertex   -8.000000e-01 -8.000000e-01 5.380000e+01
      vertex   4.800000e+00 -8.000000e-01 3.760000e+01
      vertex   1.161438e+01 -8.000000e-01 4.846900e+01
    endloop
  endfacet
  facet normal 0.000000e+00 -1.000000e+00 0.000000e+00
    outer loop
      vertex   -8.000000e-01 -8.000000e-01 5.380000e+01
      vertex   1.161438e+01 -8.000000e-01 4.846900e+01
      vertex   1.165712e+01 -8.000000e-01 4.863314e+01
    endloop
  endfacet
  facet normal 2.071312e-17 -1.000000e+00 -5.540152e-18
    outer loop
      vertex   2.600000e+01 -8.000000e-01 -4.000000e+00
      vertex   1.419953e+01 -8.000000e-01 1.200000e+01
      vertex   -8.000000e-01 -8.000000e-01 -4.000000e+00
    endloop
  endfacet
  facet normal 0.000000e+00 -1.000000e+00 1.387779e-17
    outer loop
      vertex   -8.000000e-01 -8.000000e-01 -4.000000e+00
      vertex   1.419953e+01 -8.000000e-01 1.200000e+01
      vertex   1.099953e+01 -8.000000e-01 1.200000e+01
    endloop
  endfacet
  facet normal 2.242817e-26 -1.000000e+00 1.387779e-17
    outer loop
      vertex   -8.000000e-01 -8.000000e-01 -4.000000e+00
      vertex   1.099953e+01 -8.000000e-01 1.200000e+01
      vertex   4.800000e+00 -8.000000e-01 1.200000e+01
    endloop
  endfacet
  facet normal 3.965082e-17 -1.000000e+00 0.000000e+00
    outer loop
      vertex   4.800000e+00 -8.000000e-01 1.200000e+01
      vertex   4.800000e+00 -8.000000e-01 3.760000e+01
      vertex   -8.000000e-01 -8.000000e-01 -4.000000e+00
    endloop
  endfacet
  facet normal 1.423363e-17 -1.000000e+00 -3.427133e-17
    outer loop
      vertex   2.040000e+01 -8.000000e-01 3.760000e+01
      vertex   1.255756e+01 -8.000000e-01 4.730090e+01
      vertex   4.800000e+00 -8.000000e-01 3.760000e+01
    endloop
  endfacet
  facet normal -2.658794e-18 -1.000000e+00 -2.076290e-17
    outer loop
      vertex   4.800000e+00 -8.000000e-01 3.760000e+01
      vertex   1.255756e+01 -8.000000e-01 4.730090e+01
      vertex   1.238932e+01 -8.000000e-01 4.732244e+01
    endloop
  endfacet
  facet normal -5.644757e-18 -1.000000e+00 -1.843207e-17
    outer loop
      vertex   4.800000e+00 -8.000000e-01 3.760000e+01
      vertex   1.238932e+01 -8.000000e-01 4.732244e+01
      vertex   1.222714e+01 -8.000000e-01 4.737211e+01
    endloop
  endfacet
  facet normal -1.823229e-15 -1.000000e+00 1.158687e-15
    outer loop
      vertex   1.161438e+01 -8.000000e-01 4.813100e+01
      vertex   1.160000e+01 -8.000000e-01 4.830000e+01
      vertex   4.800000e+00 -8.000000e-01 3.760000e+01
    endloop
  endfacet
  facet normal 2.387107e-15 -1.000000e+00 -1.517040e-15
    outer loop
      vertex   4.800000e+00 -8.000000e-01 3.760000e+01
      vertex   1.160000e+01 -8.000000e-01 4.830000e+01
      vertex   1.161438e+01 -8.000000e-01 4.846900e+01
    endloop
  endfacet
  facet normal 0.000000e+00 -1.000000e+00 0.000000e+00
    outer loop
      vertex   1.165712e+01 -8.000000e-01 4.863314e+01
      vertex   1.172699e+01 -8.000000e-01 4.878769e+01
      vertex   -8.000000e-01 -8.000000e-01 5.380000e+01
    endloop
  endfacet
  facet normal 0.000000e+00 -1.000000e+00 0.000000e+00
    outer loop
      vertex   -8.000000e-01 -8.000000e-01 5.380000e+01
      vertex   1.172699e+01 -8.000000e-01 4.878769e+01
      vertex   1.182196e+01 -8.000000e-01 4.892822e+01
    endloop
  endfacet
  facet normal 0.000000e+00 -1.000000e+00 0.000000e+00
    outer loop
      vertex   -8.000000e-01 -8.000000e-01 5.380000e+01
      vertex   1.182196e+01 -8.000000e-01 4.892822e+01
      vertex   1.193933e+01 -8.000000e-01 4.905067e+01
    endloop
  endfacet
  facet normal 0.000000e+00 -1.000000e+00 0.000000e+00
    outer loop
      vertex   1.193933e+01 -8.000000e-01 4.905067e+01
      vertex   1.207569e+01 -8.000000e-01 4.915153e+01
      vertex   -8.000000e-01 -8.000000e-01 5.380000e+01
    endloop
  endfacet
  facet normal 0.000000e+00 -1.000000e+00 0.000000e+00
    outer loop
      vertex   -8.000000e-01 -8.000000e-01 5.380000e+01
      vertex   1.207569e+01 -8.000000e-01 4.915153e+01
      vertex   1.222714e+01 -8.000000e-01 4.922789e+01
    endloop
  endfacet
  facet normal 0.000000e+00 -1.000000e+00 0.000000e+00
    outer loop
      vertex   -8.000000e-01 -8.000000e-01 5.380000e+01
      vertex   1.222714e+01 -8.000000e-01 4.922789e+01
      vertex   1.238932e+01 -8.000000e-01 4.927756e+01
    endloop
  endfacet
  facet normal 0.000000e+00 -1.000000e+00 0.000000e+00
    outer loop
      vertex   1.238932e+01 -8.000000e-01 4.927756e+01
      vertex   1.255756e+01 -8.000000e-01 4.929910e+01
      vertex   -8.000000e-01 -8.000000e-01 5.380000e+01
    endloop
  endfacet
  facet normal 0.000000e+00 -1.000000e+00 0.000000e+00
    outer loop
      vertex   1.289282e+01 -8.000000e-01 4.925617e+01
      vertex   1.305020e+01 -8.000000e-01 4.919293e+01
      vertex   2.600000e+01 -8.000000e-01 5.380000e+01
    endloop
  endfacet
  facet normal 0.000000e+00 -1.000000e+00 0.000000e+00
    outer loop
      vertex   2.600000e+01 -8.000000e-01 5.380000e+01
      vertex   1.305020e+01 -8.000000e-01 4.919293e+01
      vertex   1.319463e+01 -8.000000e-01 4.910400e+01
    endloop
  endfacet
  facet normal 0.000000e+00 -1.000000e+00 0.000000e+00
    outer loop
      vertex   2.600000e+01 -8.000000e-01 5.380000e+01
      vertex   1.319463e+01 -8.000000e-01 4.910400e+01
      vertex   1.332196e+01 -8.000000e-01 4.899194e+01
    endloop
  endfacet
  facet normal 0.000000e+00 -1.000000e+00 0.000000e+00
    outer loop
      vertex   1.332196e+01 -8.000000e-01 4.899194e+01
      vertex   1.342851e+01 -8.000000e-01 4.885997e+01
      vertex   2.600000e+01 -8.000000e-01 5.380000e+01
    endloop
  endfacet
  facet normal 0.000000e+00 -1.000000e+00 0.000000e+00
    outer loop
      vertex   2.600000e+01 -8.000000e-01 5.380000e+01
      vertex   1.342851e+01 -8.000000e-01 4.885997e+01
      vertex   1.351123e+01 -8.000000e-01 4.871190e+01
    endloop
  endfacet
  facet normal 0.000000e+00 -1.000000e+00 0.000000e+00
    outer loop
      vertex   2.600000e+01 -8.000000e-01 5.380000e+01
      vertex   1.351123e+01 -8.000000e-01 4.871190e+01
      vertex   1.356773e+01 -8.000000e-01 4.855198e+01
    endloop
  endfacet
  facet normal 0.000000e+00 -1.000000e+00 0.000000e+00
    outer loop
      vertex   1.356773e+01 -8.000000e-01 4.855198e+01
      vertex   1.359640e+01 -8.000000e-01 4.838481e+01
      vertex   2.600000e+01 -8.000000e-01 5.380000e+01
    endloop
  endfacet
  facet normal 1.409521e-17 -1.000000e+00 -3.228533e-17
    outer loop
      vertex   2.600000e+01 -8.000000e-01 5.380000e+01
      vertex   1.359640e+01 -8.000000e-01 4.838481e+01
      vertex   2.040000e+01 -8.000000e-01 3.760000e+01
    endloop
  endfacet
  facet normal 6.527266e-17 -1.000000e+00 0.000000e+00
    outer loop
      vertex   1.359640e+01 -8.000000e-01 4.838481e+01
      vertex   1.359640e+01 -8.000000e-01 4.821519e+01
      vertex   2.040000e+01 -8.000000e-01 3.760000e+01
    endloop
  endfacet
  facet normal 5.149601e-17 -1.000000e+00 -8.829877e-18
    outer loop
      vertex   2.040000e+01 -8.000000e-01 3.760000e+01
      vertex   1.359640e+01 -8.000000e-01 4.821519e+01
      vertex   1.356773e+01 -8.000000e-01 4.804802e+01
    endloop
  endfacet
  facet normal 4.219861e-17 -1.000000e+00 -1.490972e-17
    outer loop
      vertex   2.040000e+01 -8.000000e-01 3.760000e+01
      vertex   1.356773e+01 -8.000000e-01 4.804802e+01
      vertex   1.351123e+01 -8.000000e-01 4.788810e+01
    endloop
  endfacet
  facet normal 3.514463e-17 -1.000000e+00 -1.963297e-17
    outer loop
      vertex   1.351123e+01 -8.000000e-01 4.788810e+01
      vertex   1.342851e+01 -8.000000e-01 4.774003e+01
      vertex   2.040000e+01 -8.000000e-01 3.760000e+01
    endloop
  endfacet
  facet normal 2.929544e-17 -1.000000e+00 -2.365441e-17
    outer loop
      vertex   2.040000e+01 -8.000000e-01 3.760000e+01
      vertex   1.342851e+01 -8.000000e-01 4.774003e+01
      vertex   1.332196e+01 -8.000000e-01 4.760806e+01
    endloop
  endfacet
  facet normal 2.407065e-17 -1.000000e+00 -2.734957e-17
    outer loop
      vertex   2.040000e+01 -8.000000e-01 3.760000e+01
      vertex   1.332196e+01 -8.000000e-01 4.760806e+01
      vertex   1.319463e+01 -8.000000e-01 4.749600e+01
    endloop
  endfacet
  facet normal 1.907805e-17 -1.000000e+00 -3.098472e-17
    outer loop
      vertex   1.319463e+01 -8.000000e-01 4.749600e+01
      vertex   1.305020e+01 -8.000000e-01 4.740707e+01
      vertex   2.040000e+01 -8.000000e-01 3.760000e+01
    endloop
  endfacet
  facet normal 1.398458e-17 -1.000000e+00 -3.480196e-17
    outer loop
      vertex   2.040000e+01 -8.000000e-01 3.760000e+01
      vertex   1.305020e+01 -8.000000e-01 4.740707e+01
      vertex   1.289282e+01 -8.000000e-01 4.734383e+01
    endloop
  endfacet
  facet normal 8.423748e-18 -1.000000e+00 -3.908633e-17
    outer loop
      vertex   2.040000e+01 -8.000000e-01 3.760000e+01
      vertex   1.289282e+01 -8.000000e-01 4.734383e+01
      vertex   1.272702e+01 -8.000000e-01 4.730810e+01
    endloop
  endfacet
  facet normal 1.880067e-18 -1.000000e+00 -4.425825e-17
    outer loop
      vertex   1.272702e+01 -8.000000e-01 4.730810e+01
      vertex   1.255756e+01 -8.000000e-01 4.730090e+01
      vertex   2.040000e+01 -8.000000e-01 3.760000e+01
    endloop
  endfacet
  facet normal -8.282474e-18 -1.000000e+00 -1.642731e-17
    outer loop
      vertex   1.222714e+01 -8.000000e-01 4.737211e+01
      vertex   1.207569e+01 -8.000000e-01 4.744847e+01
      vertex   4.800000e+00 -8.000000e-01 3.760000e+01
    endloop
  endfacet
  facet normal -1.078321e-17 -1.000000e+00 -1.457986e-17
    outer loop
      vertex   4.800000e+00 -8.000000e-01 3.760000e+01
      vertex   1.207569e+01 -8.000000e-01 4.744847e+01
      vertex   1.193933e+01 -8.000000e-01 4.754933e+01
    endloop
  endfacet
  facet normal -1.331603e-17 -1.000000e+00 -1.276238e-17
    outer loop
      vertex   4.800000e+00 -8.000000e-01 3.760000e+01
      vertex   1.193933e+01 -8.000000e-01 4.754933e+01
      vertex   1.182196e+01 -8.000000e-01 4.767178e+01
    endloop
  endfacet
  facet normal -1.605610e-17 -1.000000e+00 -1.085203e-17
    outer loop
      vertex   1.182196e+01 -8.000000e-01 4.767178e+01
      vertex   1.172699e+01 -8.000000e-01 4.781231e+01
      vertex   4.800000e+00 -8.000000e-01 3.760000e+01
    endloop
  endfacet
  facet normal -1.923590e-17 -1.000000e+00 -8.695176e-18
    outer loop
      vertex   4.800000e+00 -8.000000e-01 3.760000e+01
      vertex   1.172699e+01 -8.000000e-01 4.781231e+01
      vertex   1.165712e+01 -8.000000e-01 4.796686e+01
    endloop
  endfacet
  facet normal -2.323507e-17 -1.000000e+00 -6.049941e-18
    outer loop
      vertex   4.800000e+00 -8.000000e-01 3.760000e+01
      vertex   1.165712e+01 -8.000000e-01 4.796686e+01
      vertex   1.161438e+01 -8.000000e-01 4.813100e+01
    endloop
  endfacet
  facet normal -1.548108e-09 1.776357e-14 -1.000000e+00
    outer loop
      vertex   3.200000e+00 1.500000e+00 1.100000e+01
      vertex   1.099953e+01 1.500000e+00 1.100000e+01
      vertex   3.200000e+00 1.400000e+00 1.100000e+01
    endloop
  endfacet
  facet normal -1.548108e-09 0.000000e+00 -1.000000e+00
    outer loop
      vertex   3.200000e+00 1.400000e+00 1.100000e+01
      vertex   1.099953e+01 1.500000e+00 1.100000e+01
      vertex   1.099953e+01 1.400000e+00 1.100000e+01
    endloop
  endfacet
  facet normal 0.000000e+00 7.071068e-01 -7.071068e-01
    outer loop
      vertex   1.099953e+01 1.400000e+00 1.100000e+01
      vertex   1.419953e+01 1.400000e+00 1.100000e+01
      vertex   1.099953e+01 0.000000e+00 9.600000e+00
    endloop
  endfacet
  facet normal -4.541583e-10 7.071068e-01 -7.071068e-01
    outer loop
      vertex   1.099953e+01 0.000000e+00 9.600000e+00
      vertex   1.419953e+01 1.400000e+00 1.100000e+01
      vertex   1.419953e+01 0.000000e+00 9.600000e+00
    endloop
  endfacet
  facet normal -5.426419e-10 7.071068e-01 7.071068e-01
    outer loop
      vertex   3.200000e+00 0.000000e+00 4.000000e+01
      vertex   4.600000e+00 0.000000e+00 4.000000e+01
      vertex   3.200000e+00 1.400000e+00 3.860000e+01
    endloop
  endfacet
  facet normal -0.000000e+00 7.071068e-01 7.071068e-01
    outer loop
      vertex   3.200000e+00 1.400000e+00 3.860000e+01
      vertex   4.600000e+00 0.000000e+00 4.000000e+01
      vertex   4.600000e+00 1.400000e+00 3.860000e+01
    endloop
  endfacet
  facet normal 0.000000e+00 0.000000e+00 1.000000e+00
    outer loop
      vertex   3.200000e+00 1.400000e+00 3.860000e+01
      vertex   4.600000e+00 1.400000e+00 3.860000e+01
      vertex   3.200000e+00 1.500000e+00 3.860000e+01
    endloop
  endfacet
  facet normal -0.000000e+00 0.000000e+00 1.000000e+00
    outer loop
      vertex   3.200000e+00 1.500000e+00 3.860000e+01
      vertex   4.600000e+00 1.400000e+00 3.860000e+01
      vertex   4.600000e+00 1.500000e+00 3.860000e+01
    endloop
  endfacet
  facet normal 0.000000e+00 1.000000e+00 0.000000e+00
    outer loop
      vertex   3.200000e+00 1.500000e+00 3.860000e+01
      vertex   4.600000e+00 1.500000e+00 3.780000e+01
      vertex   3.200000e+00 1.500000e+00 1.100000e+01
    endloop
  endfacet
  facet normal 0.000000e+00 1.000000e+00 0.000000e+00
    outer loop
      vertex   3.200000e+00 1.500000e+00 1.100000e+01
      vertex   4.600000e+00 1.500000e+00 3.780000e+01
      vertex   4.600000e+00 1.500000e+00 1.180000e+01
    endloop
  endfacet
  facet normal -0.000000e+00 1.000000e+00 0.000000e+00
    outer loop
      vertex   3.200000e+00 1.500000e+00 1.100000e+01
      vertex   4.600000e+00 1.500000e+00 1.180000e+01
      vertex   1.099953e+01 1.500000e+00 1.100000e+01
    endloop
  endfacet
  facet normal 0.000000e+00 1.000000e+00 -0.000000e+00
    outer loop
      vertex   1.099953e+01 1.500000e+00 1.100000e+01
      vertex   4.600000e+00 1.500000e+00 1.180000e+01
      vertex   1.419953e+01 1.500000e+00 1.100000e+01
    endloop
  endfacet
  facet normal 0.000000e+00 1.000000e+00 -0.000000e+00
    outer loop
      vertex   1.419953e+01 1.500000e+00 1.100000e+01
      vertex   4.600000e+00 1.500000e+00 1.180000e+01
      vertex   2.060000e+01 1.500000e+00 1.180000e+01
    endloop
  endfacet
  facet normal -0.000000e+00 1.000000e+00 0.000000e+00
    outer loop
      vertex   1.419953e+01 1.500000e+00 1.100000e+01
      vertex   2.060000e+01 1.500000e+00 1.180000e+01
      vertex   2.060000e+01 1.500000e+00 1.100000e+01
    endloop
  endfacet
  facet normal 0.000000e+00 1.000000e+00 0.000000e+00
    outer loop
      vertex   2.060000e+01 1.500000e+00 1.100000e+01
      vertex   2.060000e+01 1.500000e+00 1.180000e+01
      vertex   2.200000e+01 1.500000e+00 1.100000e+01
    endloop
  endfacet
  facet normal 0.000000e+00 1.000000e+00 0.000000e+00
    outer loop
      vertex   2.200000e+01 1.500000e+00 1.100000e+01
      vertex   2.060000e+01 1.500000e+00 1.180000e+01
      vertex   2.060000e+01 1.500000e+00 3.780000e+01
    endloop
  endfacet
  facet normal 0.000000e+00 1.000000e+00 -0.000000e+00
    outer loop
      vertex   2.200000e+01 1.500000e+00 1.100000e+01
      vertex   2.060000e+01 1.500000e+00 3.780000e+01
      vertex   2.200000e+01 1.500000e+00 3.860000e+01
    endloop
  endfacet
  facet normal 0.000000e+00 1.000000e+00 0.000000e+00
    outer loop
      vertex   2.200000e+01 1.500000e+00 3.860000e+01
      vertex   2.060000e+01 1.500000e+00 3.780000e+01
      vertex   2.140000e+01 1.500000e+00 3.860000e+01
    endloop
  endfacet
  facet normal 0.000000e+00 1.000000e+00 0.000000e+00
    outer loop
      vertex   2.140000e+01 1.500000e+00 3.860000e+01
      vertex   2.060000e+01 1.500000e+00 3.780000e+01
      vertex   4.600000e+00 1.500000e+00 3.860000e+01
    endloop
  endfacet
  facet normal 0.000000e+00 1.000000e+00 0.000000e+00
    outer loop
      vertex   4.600000e+00 1.500000e+00 3.860000e+01
      vertex   2.060000e+01 1.500000e+00 3.780000e+01
      vertex   4.600000e+00 1.500000e+00 3.780000e+01
    endloop
  endfacet
  facet normal 0.000000e+00 1.000000e+00 0.000000e+00
    outer loop
      vertex   4.600000e+00 1.500000e+00 3.860000e+01
      vertex   4.600000e+00 1.500000e+00 3.780000e+01
      vertex   3.200000e+00 1.500000e+00 3.860000e+01
    endloop
  endfacet
  facet normal 0.000000e+00 0.000000e+00 -1.000000e+00
    outer loop
      vertex   1.419953e+01 1.400000e+00 1.100000e+01
      vertex   1.099953e+01 1.400000e+00 1.100000e+01
      vertex   1.419953e+01 1.500000e+00 1.100000e+01
    endloop
  endfacet
  facet normal -0.000000e+00 0.000000e+00 -1.000000e+00
    outer loop
      vertex   1.419953e+01 1.500000e+00 1.100000e+01
      vertex   1.099953e+01 1.400000e+00 1.100000e+01
      vertex   1.099953e+01 1.500000e+00 1.100000e+01
    endloop
  endfacet
  facet normal -1.248934e-09 7.071068e-01 -7.071068e-01
    outer loop
      vertex   1.419953e+01 1.400000e+00 1.100000e+01
      vertex   2.060000e+01 1.400000e+00 1.100000e+01
      vertex   1.419953e+01 0.000000e+00 9.600000e+00
    endloop
  endfacet
  facet normal -1.021871e-09 7.071068e-01 -7.071068e-01
    outer loop
      vertex   1.419953e+01 0.000000e+00 9.600000e+00
      vertex   2.060000e+01 1.400000e+00 1.100000e+01
      vertex   2.060000e+01 0.000000e+00 9.600000e+00
    endloop
  endfacet
  facet normal 0.000000e+00 7.071068e-01 -7.071068e-01
    outer loop
      vertex   2.060000e+01 1.400000e+00 1.100000e+01
      vertex   2.200000e+01 1.400000e+00 1.100000e+01
      vertex   2.060000e+01 0.000000e+00 9.600000e+00
    endloop
  endfacet
  facet normal 0.000000e+00 7.071068e-01 -7.071068e-01
    outer loop
      vertex   2.060000e+01 0.000000e+00 9.600000e+00
      vertex   2.200000e+01 1.400000e+00 1.100000e+01
      vertex   2.200000e+01 0.000000e+00 9.600000e+00
    endloop
  endfacet
  facet normal -9.948456e-10 7.071068e-01 7.071068e-01
    outer loop
      vertex   4.600000e+00 1.400000e+00 3.860000e+01
      vertex   4.600000e+00 0.000000e+00 4.000000e+01
      vertex   2.140000e+01 1.400000e+00 3.860000e+01
    endloop
  endfacet
  facet normal -9.496251e-10 7.071068e-01 7.071068e-01
    outer loop
      vertex   2.140000e+01 1.400000e+00 3.860000e+01
      vertex   4.600000e+00 0.000000e+00 4.000000e+01
      vertex   2.140000e+01 0.000000e+00 4.000000e+01
    endloop
  endfacet
  facet normal 9.963975e-01 0.000000e+00 -8.480592e-02
    outer loop
      vertex   1.161438e+01 0.000000e+00 4.846900e+01
      vertex   1.161438e+01 -8.000000e-01 4.846900e+01
      vertex   1.160000e+01 0.000000e+00 4.830000e+01
    endloop
  endfacet
  facet normal 9.963975e-01 0.000000e+00 -8.480592e-02
    outer loop
      vertex   1.160000e+01 0.000000e+00 4.830000e+01
      vertex   1.161438e+01 -8.000000e-01 4.846900e+01
      vertex   1.160000e+01 -8.000000e-01 4.830000e+01
    endloop
  endfacet
  facet normal 9.963975e-01 0.000000e+00 8.480592e-02
    outer loop
      vertex   1.160000e+01 0.000000e+00 4.830000e+01
      vertex   1.160000e+01 -8.000000e-01 4.830000e+01
      vertex   1.161438e+01 0.000000e+00 4.813100e+01
    endloop
  endfacet
  facet normal 9.963975e-01 0.000000e+00 8.480592e-02
    outer loop
      vertex   1.161438e+01 0.000000e+00 4.813100e+01
      vertex   1.160000e+01 -8.000000e-01 4.830000e+01
      vertex   1.161438e+01 -8.000000e-01 4.813100e+01
    endloop
  endfacet
  facet normal 9.677329e-01 0.000000e+00 2.519781e-01
    outer loop
      vertex   1.161438e+01 0.000000e+00 4.813100e+01
      vertex   1.161438e+01 -8.000000e-01 4.813100e+01
      vertex   1.165712e+01 0.000000e+00 4.796686e+01
    endloop
  endfacet
  facet normal 9.677329e-01 0.000000e+00 2.519781e-01
    outer loop
      vertex   1.165712e+01 0.000000e+00 4.796686e+01
      vertex   1.161438e+01 -8.000000e-01 4.813100e+01
      vertex   1.165712e+01 -8.000000e-01 4.796686e+01
    endloop
  endfacet
  facet normal 9.112285e-01 0.000000e+00 4.119012e-01
    outer loop
      vertex   1.165712e+01 0.000000e+00 4.796686e+01
      vertex   1.165712e+01 -8.000000e-01 4.796686e+01
      vertex   1.172699e+01 0.000000e+00 4.781231e+01
    endloop
  endfacet
  facet normal 9.112285e-01 0.000000e+00 4.119012e-01
    outer loop
      vertex   1.172699e+01 0.000000e+00 4.781231e+01
      vertex   1.165712e+01 -8.000000e-01 4.796686e+01
      vertex   1.172699e+01 -8.000000e-01 4.781231e+01
    endloop
  endfacet
  facet normal 8.285096e-01 0.000000e+00 5.599748e-01
    outer loop
      vertex   1.172699e+01 0.000000e+00 4.781231e+01
      vertex   1.172699e+01 -8.000000e-01 4.781231e+01
      vertex   1.182196e+01 0.000000e+00 4.767178e+01
    endloop
  endfacet
  facet normal 8.285096e-01 0.000000e+00 5.599748e-01
    outer loop
      vertex   1.182196e+01 0.000000e+00 4.767178e+01
      vertex   1.172699e+01 -8.000000e-01 4.781231e+01
      vertex   1.182196e+01 -8.000000e-01 4.767178e+01
    endloop
  endfacet
  facet normal 7.219561e-01 0.000000e+00 6.919389e-01
    outer loop
      vertex   1.182196e+01 0.000000e+00 4.767178e+01
      vertex   1.182196e+01 -8.000000e-01 4.767178e+01
      vertex   1.193933e+01 0.000000e+00 4.754933e+01
    endloop
  endfacet
  facet normal 7.219561e-01 0.000000e+00 6.919389e-01
    outer loop
      vertex   1.193933e+01 0.000000e+00 4.754933e+01
      vertex   1.182196e+01 -8.000000e-01 4.767178e+01
      vertex   1.193933e+01 -8.000000e-01 4.754933e+01
    endloop
  endfacet
  facet normal 5.946332e-01 0.000000e+00 8.039971e-01
    outer loop
      vertex   1.193933e+01 0.000000e+00 4.754933e+01
      vertex   1.193933e+01 -8.000000e-01 4.754933e+01
      vertex   1.207569e+01 0.000000e+00 4.744847e+01
    endloop
  endfacet
  facet normal 5.946332e-01 0.000000e+00 8.039971e-01
    outer loop
      vertex   1.207569e+01 0.000000e+00 4.744847e+01
      vertex   1.193933e+01 -8.000000e-01 4.754933e+01
      vertex   1.207569e+01 -8.000000e-01 4.744847e+01
    endloop
  endfacet
  facet normal 4.502037e-01 0.000000e+00 8.929259e-01
    outer loop
      vertex   1.207569e+01 0.000000e+00 4.744847e+01
      vertex   1.207569e+01 -8.000000e-01 4.744847e+01
      vertex   1.222714e+01 0.000000e+00 4.737211e+01
    endloop
  endfacet
  facet normal 4.502037e-01 0.000000e+00 8.929259e-01
    outer loop
      vertex   1.222714e+01 0.000000e+00 4.737211e+01
      vertex   1.207569e+01 -8.000000e-01 4.744847e+01
      vertex   1.222714e+01 -8.000000e-01 4.737211e+01
    endloop
  endfacet
  facet normal 2.928228e-01 0.000000e+00 9.561667e-01
    outer loop
      vertex   1.222714e+01 0.000000e+00 4.737211e+01
      vertex   1.222714e+01 -8.000000e-01 4.737211e+01
      vertex   1.238932e+01 0.000000e+00 4.732244e+01
    endloop
  endfacet
  facet normal 2.928228e-01 0.000000e+00 9.561667e-01
    outer loop
      vertex   1.238932e+01 0.000000e+00 4.732244e+01
      vertex   1.222714e+01 -8.000000e-01 4.737211e+01
      vertex   1.238932e+01 -8.000000e-01 4.732244e+01
    endloop
  endfacet
  facet normal 1.270178e-01 0.000000e+00 9.919004e-01
    outer loop
      vertex   1.238932e+01 0.000000e+00 4.732244e+01
      vertex   1.238932e+01 -8.000000e-01 4.732244e+01
      vertex   1.255756e+01 0.000000e+00 4.730090e+01
    endloop
  endfacet
  facet normal 1.270178e-01 0.000000e+00 9.919004e-01
    outer loop
      vertex   1.255756e+01 0.000000e+00 4.730090e+01
      vertex   1.238932e+01 -8.000000e-01 4.732244e+01
      vertex   1.255756e+01 -8.000000e-01 4.730090e+01
    endloop
  endfacet
  facet normal -4.244120e-02 0.000000e+00 9.990990e-01
    outer loop
      vertex   1.255756e+01 0.000000e+00 4.730090e+01
      vertex   1.255756e+01 -8.000000e-01 4.730090e+01
      vertex   1.272702e+01 0.000000e+00 4.730810e+01
    endloop
  endfacet
  facet normal -4.244120e-02 0.000000e+00 9.990990e-01
    outer loop
      vertex   1.272702e+01 0.000000e+00 4.730810e+01
      vertex   1.255756e+01 -8.000000e-01 4.730090e+01
      vertex   1.272702e+01 -8.000000e-01 4.730810e+01
    endloop
  endfacet
  facet normal -2.106793e-01 0.000000e+00 9.775552e-01
    outer loop
      vertex   1.272702e+01 0.000000e+00 4.730810e+01
      vertex   1.272702e+01 -8.000000e-01 4.730810e+01
      vertex   1.289282e+01 0.000000e+00 4.734383e+01
    endloop
  endfacet
  facet normal -2.106793e-01 0.000000e+00 9.775552e-01
    outer loop
      vertex   1.289282e+01 0.000000e+00 4.734383e+01
      vertex   1.272702e+01 -8.000000e-01 4.730810e+01
      vertex   1.289282e+01 -8.000000e-01 4.734383e+01
    endloop
  endfacet
  facet normal -3.728565e-01 0.000000e+00 9.278890e-01
    outer loop
      vertex   1.289282e+01 0.000000e+00 4.734383e+01
      vertex   1.289282e+01 -8.000000e-01 4.734383e+01
      vertex   1.305020e+01 0.000000e+00 4.740707e+01
    endloop
  endfacet
  facet normal -3.728565e-01 0.000000e+00 9.278890e-01
    outer loop
      vertex   1.305020e+01 0.000000e+00 4.740707e+01
      vertex   1.289282e+01 -8.000000e-01 4.734383e+01
      vertex   1.305020e+01 -8.000000e-01 4.740707e+01
    endloop
  endfacet
  facet normal -5.243073e-01 0.000000e+00 8.515291e-01
    outer loop
      vertex   1.305020e+01 0.000000e+00 4.740707e+01
      vertex   1.305020e+01 -8.000000e-01 4.740707e+01
      vertex   1.319463e+01 0.000000e+00 4.749600e+01
    endloop
  endfacet
  facet normal -5.243073e-01 0.000000e+00 8.515291e-01
    outer loop
      vertex   1.319463e+01 0.000000e+00 4.749600e+01
      vertex   1.305020e+01 -8.000000e-01 4.740707e+01
      vertex   1.319463e+01 -8.000000e-01 4.749600e+01
    endloop
  endfacet
  facet normal -6.606747e-01 0.000000e+00 7.506723e-01
    outer loop
      vertex   1.319463e+01 0.000000e+00 4.749600e+01
      vertex   1.319463e+01 -8.000000e-01 4.749600e+01
      vertex   1.332196e+01 0.000000e+00 4.760806e+01
    endloop
  endfacet
  facet normal -6.606747e-01 0.000000e+00 7.506723e-01
    outer loop
      vertex   1.332196e+01 0.000000e+00 4.760806e+01
      vertex   1.319463e+01 -8.000000e-01 4.749600e+01
      vertex   1.332196e+01 -8.000000e-01 4.760806e+01
    endloop
  endfacet
  facet normal -7.780358e-01 0.000000e+00 6.282200e-01
    outer loop
      vertex   1.332196e+01 0.000000e+00 4.760806e+01
      vertex   1.332196e+01 -8.000000e-01 4.760806e+01
      vertex   1.342851e+01 0.000000e+00 4.774003e+01
    endloop
  endfacet
  facet normal -7.780358e-01 0.000000e+00 6.282200e-01
    outer loop
      vertex   1.342851e+01 0.000000e+00 4.774003e+01
      vertex   1.332196e+01 -8.000000e-01 4.760806e+01
      vertex   1.342851e+01 -8.000000e-01 4.774003e+01
    endloop
  endfacet
  facet normal -8.730141e-01 0.000000e+00 4.876949e-01
    outer loop
      vertex   1.342851e+01 0.000000e+00 4.774003e+01
      vertex   1.342851e+01 -8.000000e-01 4.774003e+01
      vertex   1.351123e+01 0.000000e+00 4.788810e+01
    endloop
  endfacet
  facet normal -8.730141e-01 0.000000e+00 4.876949e-01
    outer loop
      vertex   1.351123e+01 0.000000e+00 4.788810e+01
      vertex   1.342851e+01 -8.000000e-01 4.774003e+01
      vertex   1.351123e+01 -8.000000e-01 4.788810e+01
    endloop
  endfacet
  facet normal -9.428774e-01 0.000000e+00 3.331398e-01
    outer loop
      vertex   1.351123e+01 0.000000e+00 4.788810e+01
      vertex   1.351123e+01 -8.000000e-01 4.788810e+01
      vertex   1.356773e+01 0.000000e+00 4.804802e+01
    endloop
  endfacet
  facet normal -9.428774e-01 0.000000e+00 3.331398e-01
    outer loop
      vertex   1.356773e+01 0.000000e+00 4.804802e+01
      vertex   1.351123e+01 -8.000000e-01 4.788810e+01
      vertex   1.356773e+01 -8.000000e-01 4.804802e+01
    endloop
  endfacet
  facet normal -9.856159e-01 0.000000e+00 1.690008e-01
    outer loop
      vertex   1.356773e+01 0.000000e+00 4.804802e+01
      vertex   1.356773e+01 -8.000000e-01 4.804802e+01
      vertex   1.359640e+01 0.000000e+00 4.821519e+01
    endloop
  endfacet
  facet normal -9.856159e-01 0.000000e+00 1.690008e-01
    outer loop
      vertex   1.359640e+01 0.000000e+00 4.821519e+01
      vertex   1.356773e+01 -8.000000e-01 4.804802e+01
      vertex   1.359640e+01 -8.000000e-01 4.821519e+01
    endloop
  endfacet
  facet normal -1.000000e+00 0.000000e+00 0.000000e+00
    outer loop
      vertex   1.359640e+01 0.000000e+00 4.821519e+01
      vertex   1.359640e+01 -8.000000e-01 4.821519e+01
      vertex   1.359640e+01 0.000000e+00 4.838481e+01
    endloop
  endfacet
  facet normal -1.000000e+00 -0.000000e+00 0.000000e+00
    outer loop
      vertex   1.359640e+01 0.000000e+00 4.838481e+01
      vertex   1.359640e+01 -8.000000e-01 4.821519e+01
      vertex   1.359640e+01 -8.000000e-01 4.838481e+01
    endloop
  endfacet
  facet normal -9.856159e-01 -0.000000e+00 -1.690008e-01
    outer loop
      vertex   1.359640e+01 0.000000e+00 4.838481e+01
      vertex   1.359640e+01 -8.000000e-01 4.838481e+01
      vertex   1.356773e+01 0.000000e+00 4.855198e+01
    endloop
  endfacet
  facet normal -9.856159e-01 -0.000000e+00 -1.690008e-01
    outer loop
      vertex   1.356773e+01 0.000000e+00 4.855198e+01
      vertex   1.359640e+01 -8.000000e-01 4.838481e+01
      vertex   1.356773e+01 -8.000000e-01 4.855198e+01
    endloop
  endfacet
  facet normal -9.428774e-01 -0.000000e+00 -3.331398e-01
    outer loop
      vertex   1.356773e+01 0.000000e+00 4.855198e+01
      vertex   1.356773e+01 -8.000000e-01 4.855198e+01
      vertex   1.351123e+01 0.000000e+00 4.871190e+01
    endloop
  endfacet
  facet normal -9.428774e-01 -0.000000e+00 -3.331398e-01
    outer loop
      vertex   1.351123e+01 0.000000e+00 4.871190e+01
      vertex   1.356773e+01 -8.000000e-01 4.855198e+01
      vertex   1.351123e+01 -8.000000e-01 4.871190e+01
    endloop
  endfacet
  facet normal -8.730141e-01 -0.000000e+00 -4.876949e-01
    outer loop
      vertex   1.351123e+01 0.000000e+00 4.871190e+01
      vertex   1.351123e+01 -8.000000e-01 4.871190e+01
      vertex   1.342851e+01 0.000000e+00 4.885997e+01
    endloop
  endfacet
  facet normal -8.730141e-01 -0.000000e+00 -4.876949e-01
    outer loop
      vertex   1.342851e+01 0.000000e+00 4.885997e+01
      vertex   1.351123e+01 -8.000000e-01 4.871190e+01
      vertex   1.342851e+01 -8.000000e-01 4.885997e+01
    endloop
  endfacet
  facet normal -7.780358e-01 -0.000000e+00 -6.282200e-01
    outer loop
      vertex   1.342851e+01 0.000000e+00 4.885997e+01
      vertex   1.342851e+01 -8.000000e-01 4.885997e+01
      vertex   1.332196e+01 0.000000e+00 4.899194e+01
    endloop
  endfacet
  facet normal -7.780358e-01 -0.000000e+00 -6.282200e-01
    outer loop
      vertex   1.332196e+01 0.000000e+00 4.899194e+01
      vertex   1.342851e+01 -8.000000e-01 4.885997e+01
      vertex   1.332196e+01 -8.000000e-01 4.899194e+01
    endloop
  endfacet
  facet normal -6.606747e-01 -0.000000e+00 -7.506723e-01
    outer loop
      vertex   1.332196e+01 0.000000e+00 4.899194e+01
      vertex   1.332196e+01 -8.000000e-01 4.899194e+01
      vertex   1.319463e+01 0.000000e+00 4.910400e+01
    endloop
  endfacet
  facet normal -6.606747e-01 -0.000000e+00 -7.506723e-01
    outer loop
      vertex   1.319463e+01 0.000000e+00 4.910400e+01
      vertex   1.332196e+01 -8.000000e-01 4.899194e+01
      vertex   1.319463e+01 -8.000000e-01 4.910400e+01
    endloop
  endfacet
  facet normal -5.243073e-01 -0.000000e+00 -8.515291e-01
    outer loop
      vertex   1.319463e+01 0.000000e+00 4.910400e+01
      vertex   1.319463e+01 -8.000000e-01 4.910400e+01
      vertex   1.305020e+01 0.000000e+00 4.919293e+01
    endloop
  endfacet
  facet normal -5.243073e-01 -0.000000e+00 -8.515291e-01
    outer loop
      vertex   1.305020e+01 0.000000e+00 4.919293e+01
      vertex   1.319463e+01 -8.000000e-01 4.910400e+01
      vertex   1.305020e+01 -8.000000e-01 4.919293e+01
    endloop
  endfacet
  facet normal -3.728565e-01 -0.000000e+00 -9.278890e-01
    outer loop
      vertex   1.305020e+01 0.000000e+00 4.919293e+01
      vertex   1.305020e+01 -8.000000e-01 4.919293e+01
      vertex   1.289282e+01 0.000000e+00 4.925617e+01
    endloop
  endfacet
  facet normal -3.728565e-01 -0.000000e+00 -9.278890e-01
    outer loop
      vertex   1.289282e+01 0.000000e+00 4.925617e+01
      vertex   1.305020e+01 -8.000000e-01 4.919293e+01
      vertex   1.289282e+01 -8.000000e-01 4.925617e+01
    endloop
  endfacet
  facet normal -2.106793e-01 -0.000000e+00 -9.775552e-01
    outer loop
      vertex   1.289282e+01 0.000000e+00 4.925617e+01
      vertex   1.289282e+01 -8.000000e-01 4.925617e+01
      vertex   1.272702e+01 0.000000e+00 4.929190e+01
    endloop
  endfacet
  facet normal -2.106793e-01 -0.000000e+00 -9.775552e-01
    outer loop
      vertex   1.272702e+01 0.000000e+00 4.929190e+01
      vertex   1.289282e+01 -8.000000e-01 4.925617e+01
      vertex   1.272702e+01 -8.000000e-01 4.929190e+01
    endloop
  endfacet
  facet normal -4.244120e-02 -0.000000e+00 -9.990990e-01
    outer loop
      vertex   1.272702e+01 0.000000e+00 4.929190e+01
      vertex   1.272702e+01 -8.000000e-01 4.929190e+01
      vertex   1.255756e+01 0.000000e+00 4.929910e+01
    endloop
  endfacet
  facet normal -4.244120e-02 -0.000000e+00 -9.990990e-01
    outer loop
      vertex   1.255756e+01 0.000000e+00 4.929910e+01
      vertex   1.272702e+01 -8.000000e-01 4.929190e+01
      vertex   1.255756e+01 -8.000000e-01 4.929910e+01
    endloop
  endfacet
  facet normal 1.270178e-01 0.000000e+00 -9.919004e-01
    outer loop
      vertex   1.255756e+01 0.000000e+00 4.929910e+01
      vertex   1.255756e+01 -8.000000e-01 4.929910e+01
      vertex   1.238932e+01 0.000000e+00 4.927756e+01
    endloop
  endfacet
  facet normal 1.270178e-01 0.000000e+00 -9.919004e-01
    outer loop
      vertex   1.238932e+01 0.000000e+00 4.927756e+01
      vertex   1.255756e+01 -8.000000e-01 4.929910e+01
      vertex   1.238932e+01 -8.000000e-01 4.927756e+01
    endloop
  endfacet
  facet normal 2.928228e-01 0.000000e+00 -9.561667e-01
    outer loop
      vertex   1.238932e+01 0.000000e+00 4.927756e+01
      vertex   1.238932e+01 -8.000000e-01 4.927756e+01
      vertex   1.222714e+01 0.000000e+00 4.922789e+01
    endloop
  endfacet
  facet normal 2.928228e-01 0.000000e+00 -9.561667e-01
    outer loop
      vertex   1.222714e+01 0.000000e+00 4.922789e+01
      vertex   1.238932e+01 -8.000000e-01 4.927756e+01
      vertex   1.222714e+01 -8.000000e-01 4.922789e+01
    endloop
  endfacet
  facet normal 4.502037e-01 0.000000e+00 -8.929259e-01
    outer loop
      vertex   1.222714e+01 0.000000e+00 4.922789e+01
      vertex   1.222714e+01 -8.000000e-01 4.922789e+01
      vertex   1.207569e+01 0.000000e+00 4.915153e+01
    endloop
  endfacet
  facet normal 4.502037e-01 0.000000e+00 -8.929259e-01
    outer loop
      vertex   1.207569e+01 0.000000e+00 4.915153e+01
      vertex   1.222714e+01 -8.000000e-01 4.922789e+01
      vertex   1.207569e+01 -8.000000e-01 4.915153e+01
    endloop
  endfacet
  facet normal 5.946332e-01 0.000000e+00 -8.039971e-01
    outer loop
      vertex   1.207569e+01 0.000000e+00 4.915153e+01
      vertex   1.207569e+01 -8.000000e-01 4.915153e+01
      vertex   1.193933e+01 0.000000e+00 4.905067e+01
    endloop
  endfacet
  facet normal 5.946332e-01 0.000000e+00 -8.039971e-01
    outer loop
      vertex   1.193933e+01 0.000000e+00 4.905067e+01
      vertex   1.207569e+01 -8.000000e-01 4.915153e+01
      vertex   1.193933e+01 -8.000000e-01 4.905067e+01
    endloop
  endfacet
  facet normal 7.219561e-01 0.000000e+00 -6.919389e-01
    outer loop
      vertex   1.193933e+01 0.000000e+00 4.905067e+01
      vertex   1.193933e+01 -8.000000e-01 4.905067e+01
      vertex   1.182196e+01 0.000000e+00 4.892822e+01
    endloop
  endfacet
  facet normal 7.219561e-01 0.000000e+00 -6.919389e-01
    outer loop
      vertex   1.182196e+01 0.000000e+00 4.892822e+01
      vertex   1.193933e+01 -8.000000e-01 4.905067e+01
      vertex   1.182196e+01 -8.000000e-01 4.892822e+01
    endloop
  endfacet
  facet normal 8.285096e-01 0.000000e+00 -5.599748e-01
    outer loop
      vertex   1.182196e+01 0.000000e+00 4.892822e+01
      vertex   1.182196e+01 -8.000000e-01 4.892822e+01
      vertex   1.172699e+01 0.000000e+00 4.878769e+01
    endloop
  endfacet
  facet normal 8.285096e-01 0.000000e+00 -5.599748e-01
    outer loop
      vertex   1.172699e+01 0.000000e+00 4.878769e+01
      vertex   1.182196e+01 -8.000000e-01 4.892822e+01
      vertex   1.172699e+01 -8.000000e-01 4.878769e+01
    endloop
  endfacet
  facet normal 9.112285e-01 0.000000e+00 -4.119012e-01
    outer loop
      vertex   1.172699e+01 0.000000e+00 4.878769e+01
      vertex   1.172699e+01 -8.000000e-01 4.878769e+01
      vertex   1.165712e+01 0.000000e+00 4.863314e+01
    endloop
  endfacet
  facet normal 9.112285e-01 0.000000e+00 -4.119012e-01
    outer loop
      vertex   1.165712e+01 0.000000e+00 4.863314e+01
      vertex   1.172699e+01 -8.000000e-01 4.878769e+01
      vertex   1.165712e+01 -8.000000e-01 4.863314e+01
    endloop
  endfacet
  facet normal 9.677329e-01 0.000000e+00 -2.519781e-01
    outer loop
      vertex   1.165712e+01 0.000000e+00 4.863314e+01
      vertex   1.165712e+01 -8.000000e-01 4.863314e+01
      vertex   1.161438e+01 0.000000e+00 4.846900e+01
    endloop
  endfacet
  facet normal 9.677329e-01 0.000000e+00 -2.519781e-01
    outer loop
      vertex   1.161438e+01 0.000000e+00 4.846900e+01
      vertex   1.165712e+01 -8.000000e-01 4.863314e+01
      vertex   1.161438e+01 -8.000000e-01 4.846900e+01
    endloop
  endfacet
  facet normal -1.406924e-09 0.000000e+00 1.000000e+00
    outer loop
      vertex   4.600000e+00 1.400000e+00 3.860000e+01
      vertex   2.140000e+01 1.400000e+00 3.860000e+01
      vertex   4.600000e+00 1.500000e+00 3.860000e+01
    endloop
  endfacet
  facet normal -1.406924e-09 0.000000e+00 1.000000e+00
    outer loop
      vertex   4.600000e+00 1.500000e+00 3.860000e+01
      vertex   2.140000e+01 1.400000e+00 3.860000e+01
      vertex   2.140000e+01 1.500000e+00 3.860000e+01
    endloop
  endfacet
  facet normal 0.000000e+00 0.000000e+00 -1.000000e+00
    outer loop
      vertex   2.200000e+01 1.400000e+00 1.100000e+01
      vertex   2.060000e+01 1.400000e+00 1.100000e+01
      vertex   2.200000e+01 1.500000e+00 1.100000e+01
    endloop
  endfacet
  facet normal -0.000000e+00 0.000000e+00 -1.000000e+00
    outer loop
      vertex   2.200000e+01 1.500000e+00 1.100000e+01
      vertex   2.060000e+01 1.400000e+00 1.100000e+01
      vertex   2.060000e+01 1.500000e+00 1.100000e+01
    endloop
  endfacet
  facet normal -1.766259e-09 0.000000e+00 -1.000000e+00
    outer loop
      vertex   2.060000e+01 1.400000e+00 1.100000e+01
      vertex   1.419953e+01 1.400000e+00 1.100000e+01
      vertex   2.060000e+01 1.500000e+00 1.100000e+01
    endloop
  endfacet
  facet normal -1.766259e-09 0.000000e+00 -1.000000e+00
    outer loop
      vertex   2.060000e+01 1.500000e+00 1.100000e+01
      vertex   1.419953e+01 1.400000e+00 1.100000e+01
      vertex   1.419953e+01 1.500000e+00 1.100000e+01
    endloop
  endfacet
  facet normal 0.000000e+00 0.000000e+00 -1.000000e+00
    outer loop
      vertex   2.060000e+01 0.000000e+00 3.780000e+01
      vertex   4.600000e+00 0.000000e+00 3.780000e+01
      vertex   2.060000e+01 1.500000e+00 3.780000e+01
    endloop
  endfacet
  facet normal -0.000000e+00 0.000000e+00 -1.000000e+00
    outer loop
      vertex   2.060000e+01 1.500000e+00 3.780000e+01
      vertex   4.600000e+00 0.000000e+00 3.780000e+01
      vertex   4.600000e+00 1.500000e+00 3.780000e+01
    endloop
  endfacet
  facet normal 1.000000e+00 -0.000000e+00 0.000000e+00
    outer loop
      vertex   4.600000e+00 0.000000e+00 3.780000e+01
      vertex   4.600000e+00 0.000000e+00 1.180000e+01
      vertex   4.600000e+00 1.500000e+00 3.780000e+01
    endloop
  endfacet
  facet normal 1.000000e+00 0.000000e+00 0.000000e+00
    outer loop
      vertex   4.600000e+00 1.500000e+00 3.780000e+01
      vertex   4.600000e+00 0.000000e+00 1.180000e+01
      vertex   4.600000e+00 1.500000e+00 1.180000e+01
    endloop
  endfacet
  facet normal 0.000000e+00 0.000000e+00 1.000000e+00
    outer loop
      vertex   4.600000e+00 0.000000e+00 1.180000e+01
      vertex   2.060000e+01 0.000000e+00 1.180000e+01
      vertex   4.600000e+00 1.500000e+00 1.180000e+01
    endloop
  endfacet
  facet normal -0.000000e+00 0.000000e+00 1.000000e+00
    outer loop
      vertex   4.600000e+00 1.500000e+00 1.180000e+01
      vertex   2.060000e+01 0.000000e+00 1.180000e+01
      vertex   2.060000e+01 1.500000e+00 1.180000e+01
    endloop
  endfacet
  facet normal -1.000000e+00 0.000000e+00 0.000000e+00
    outer loop
      vertex   2.060000e+01 0.000000e+00 1.180000e+01
      vertex   2.060000e+01 0.000000e+00 3.780000e+01
      vertex   2.060000e+01 1.500000e+00 1.180000e+01
    endloop
  endfacet
  facet normal -1.000000e+00 0.000000e+00 0.000000e+00
    outer loop
      vertex   2.060000e+01 1.500000e+00 1.180000e+01
      vertex   2.060000e+01 0.000000e+00 3.780000e+01
      vertex   2.060000e+01 1.500000e+00 3.780000e+01
    endloop
  endfacet
  facet normal -0.000000e+00 0.000000e+00 1.000000e+00
    outer loop
      vertex   -8.000000e-01 1.880000e+01 5.380000e+01
      vertex   -8.000000e-01 -8.000000e-01 5.380000e+01
      vertex   1.814519e+01 1.880000e+01 5.380000e+01
    endloop
  endfacet
  facet normal 0.000000e+00 0.000000e+00 1.000000e+00
    outer loop
      vertex   1.814519e+01 1.880000e+01 5.380000e+01
      vertex   -8.000000e-01 -8.000000e-01 5.380000e+01
      vertex   2.630055e+01 1.078091e+00 5.380000e+01
    endloop
  endfacet
  facet normal 0.000000e+00 0.000000e+00 1.000000e+00
    outer loop
      vertex   1.814519e+01 1.880000e+01 5.380000e+01
      vertex   2.630055e+01 1.078091e+00 5.380000e+01
      vertex   2.642789e+01 1.259959e+00 5.380000e+01
    endloop
  endfacet
  facet normal 0.000000e+00 -0.000000e+00 1.000000e+00
    outer loop
      vertex   2.600000e+01 -8.000000e-01 5.380000e+01
      vertex   2.600000e+01 2.364053e-02 5.380000e+01
      vertex   -8.000000e-01 -8.000000e-01 5.380000e+01
    endloop
  endfacet
  facet normal 0.000000e+00 0.000000e+00 1.000000e+00
    outer loop
      vertex   -8.000000e-01 -8.000000e-01 5.380000e+01
      vertex   2.600000e+01 2.364053e-02 5.380000e+01
      vertex   2.601232e+01 2.453169e-01 5.380000e+01
    endloop
  endfacet
  facet normal 0.000000e+00 0.000000e+00 1.000000e+00
    outer loop
      vertex   -8.000000e-01 -8.000000e-01 5.380000e+01
      vertex   2.601232e+01 2.453169e-01 5.380000e+01
      vertex   2.604914e+01 4.642616e-01 5.380000e+01
    endloop
  endfacet
  facet normal 0.000000e+00 -0.000000e+00 1.000000e+00
    outer loop
      vertex   2.604914e+01 4.642616e-01 5.380000e+01
      vertex   2.611000e+01 6.777765e-01 5.380000e+01
      vertex   -8.000000e-01 -8.000000e-01 5.380000e+01
    endloop
  endfacet
  facet normal 0.000000e+00 0.000000e+00 1.000000e+00
    outer loop
      vertex   -8.000000e-01 -8.000000e-01 5.380000e+01
      vertex   2.611000e+01 6.777765e-01 5.380000e+01
      vertex   2.619415e+01 8.832304e-01 5.380000e+01
    endloop
  endfacet
  facet normal 0.000000e+00 0.000000e+00 1.000000e+00
    outer loop
      vertex   -8.000000e-01 -8.000000e-01 5.380000e+01
      vertex   2.619415e+01 8.832304e-01 5.380000e+01
      vertex   2.630055e+01 1.078091e+00 5.380000e+01
    endloop
  endfacet
  facet normal 0.000000e+00 -0.000000e+00 1.000000e+00
    outer loop
      vertex   2.642789e+01 1.259959e+00 5.380000e+01
      vertex   2.657461e+01 1.426590e+00 5.380000e+01
      vertex   1.814519e+01 1.880000e+01 5.380000e+01
    endloop
  endfacet
  facet normal 0.000000e+00 0.000000e+00 1.000000e+00
    outer loop
      vertex   1.814519e+01 1.880000e+01 5.380000e+01
      vertex   2.657461e+01 1.426590e+00 5.380000e+01
      vertex   2.673889e+01 1.575933e+00 5.380000e+01
    endloop
  endfacet
  facet normal -0.000000e+00 0.000000e+00 1.000000e+00
    outer loop
      vertex   1.814519e+01 1.880000e+01 5.380000e+01
      vertex   2.673889e+01 1.575933e+00 5.380000e+01
      vertex   1.853594e+01 1.881390e+01 5.380000e+01
    endloop
  endfacet
  facet normal 0.000000e+00 0.000000e+00 1.000000e+00
    outer loop
      vertex   1.853594e+01 1.881390e+01 5.380000e+01
      vertex   2.673889e+01 1.575933e+00 5.380000e+01
      vertex   2.691872e+01 1.706148e+00 5.380000e+01
    endloop
  endfacet
  facet normal -0.000000e+00 0.000000e+00 1.000000e+00
    outer loop
      vertex   1.853594e+01 1.881390e+01 5.380000e+01
      vertex   2.691872e+01 1.706148e+00 5.380000e+01
      vertex   1.892472e+01 1.885552e+01 5.380000e+01
    endloop
  endfacet
  facet normal 0.000000e+00 0.000000e+00 1.000000e+00
    outer loop
      vertex   1.892472e+01 1.885552e+01 5.380000e+01
      vertex   2.691872e+01 1.706148e+00 5.380000e+01
      vertex   2.711187e+01 1.815628e+00 5.380000e+01
    endloop
  endfacet
  facet normal -0.000000e+00 0.000000e+00 1.000000e+00
    outer loop
      vertex   1.892472e+01 1.885552e+01 5.380000e+01
      vertex   2.711187e+01 1.815628e+00 5.380000e+01
      vertex   1.930956e+01 1.892466e+01 5.380000e+01
    endloop
  endfacet
  facet normal 0.000000e+00 0.000000e+00 1.000000e+00
    outer loop
      vertex   1.930956e+01 1.892466e+01 5.380000e+01
      vertex   2.711187e+01 1.815628e+00 5.380000e+01
      vertex   2.731596e+01 1.903026e+00 5.380000e+01
    endloop
  endfacet
  facet normal -0.000000e+00 0.000000e+00 1.000000e+00
    outer loop
      vertex   1.930956e+01 1.892466e+01 5.380000e+01
      vertex   2.731596e+01 1.903026e+00 5.380000e+01
      vertex   1.968851e+01 1.902097e+01 5.380000e+01
    endloop
  endfacet
  facet normal -0.000000e+00 0.000000e+00 1.000000e+00
    outer loop
      vertex   1.968851e+01 1.902097e+01 5.380000e+01
      vertex   2.731596e+01 1.903026e+00 5.380000e+01
      vertex   2.005967e+01 1.914396e+01 5.380000e+01
    endloop
  endfacet
  facet normal -0.000000e+00 0.000000e+00 1.000000e+00
    outer loop
      vertex   2.005967e+01 1.914396e+01 5.380000e+01
      vertex   2.731596e+01 1.903026e+00 5.380000e+01
      vertex   2.042114e+01 1.929300e+01 5.380000e+01
    endloop
  endfacet
  facet normal 0.000000e+00 0.000000e+00 1.000000e+00
    outer loop
      vertex   2.042114e+01 1.929300e+01 5.380000e+01
      vertex   2.731596e+01 1.903026e+00 5.380000e+01
      vertex   3.346391e+01 4.140695e+00 5.380000e+01
    endloop
  endfacet
  facet normal -0.000000e+00 0.000000e+00 1.000000e+00
    outer loop
      vertex   2.042114e+01 1.929300e+01 5.380000e+01
      vertex   3.346391e+01 4.140695e+00 5.380000e+01
      vertex   2.077112e+01 1.946735e+01 5.380000e+01
    endloop
  endfacet
  facet normal -0.000000e+00 0.000000e+00 1.000000e+00
    outer loop
      vertex   2.077112e+01 1.946735e+01 5.380000e+01
      vertex   3.346391e+01 4.140695e+00 5.380000e+01
      vertex   2.110783e+01 1.966613e+01 5.380000e+01
    endloop
  endfacet
  facet normal -0.000000e+00 0.000000e+00 1.000000e+00
    outer loop
      vertex   2.110783e+01 1.966613e+01 5.380000e+01
      vertex   3.346391e+01 4.140695e+00 5.380000e+01
      vertex   2.142956e+01 1.988832e+01 5.380000e+01
    endloop
  endfacet
  facet normal -0.000000e+00 0.000000e+00 1.000000e+00
    outer loop
      vertex   2.142956e+01 1.988832e+01 5.380000e+01
      vertex   3.346391e+01 4.140695e+00 5.380000e+01
      vertex   2.173469e+01 2.013281e+01 5.380000e+01
    endloop
  endfacet
  facet normal -0.000000e+00 0.000000e+00 1.000000e+00
    outer loop
      vertex   2.173469e+01 2.013281e+01 5.380000e+01
      vertex   3.346391e+01 4.140695e+00 5.380000e+01
      vertex   2.202168e+01 2.039836e+01 5.380000e+01
    endloop
  endfacet
  facet normal -0.000000e+00 0.000000e+00 1.000000e+00
    outer loop
      vertex   2.202168e+01 2.039836e+01 5.380000e+01
      vertex   3.346391e+01 4.140695e+00 5.380000e+01
      vertex   2.228908e+01 2.068363e+01 5.380000e+01
    endloop
  endfacet
  facet normal -0.000000e+00 0.000000e+00 1.000000e+00
    outer loop
      vertex   2.228908e+01 2.068363e+01 5.380000e+01
      vertex   3.346391e+01 4.140695e+00 5.380000e+01
      vertex   2.253554e+01 2.098718e+01 5.380000e+01
    endloop
  endfacet
  facet normal -0.000000e+00 0.000000e+00 1.000000e+00
    outer loop
      vertex   2.253554e+01 2.098718e+01 5.380000e+01
      vertex   3.346391e+01 4.140695e+00 5.380000e+01
      vertex   2.275981e+01 2.130747e+01 5.380000e+01
    endloop
  endfacet
  facet normal -0.000000e+00 0.000000e+00 1.000000e+00
    outer loop
      vertex   2.275981e+01 2.130747e+01 5.380000e+01
      vertex   3.346391e+01 4.140695e+00 5.380000e+01
      vertex   2.296076e+01 2.164288e+01 5.380000e+01
    endloop
  endfacet
  facet normal -0.000000e+00 0.000000e+00 1.000000e+00
    outer loop
      vertex   2.296076e+01 2.164288e+01 5.380000e+01
      vertex   3.346391e+01 4.140695e+00 5.380000e+01
      vertex   2.313737e+01 2.199172e+01 5.380000e+01
    endloop
  endfacet
  facet normal -0.000000e+00 0.000000e+00 1.000000e+00
    outer loop
      vertex   2.313737e+01 2.199172e+01 5.380000e+01
      vertex   3.346391e+01 4.140695e+00 5.380000e+01
      vertex   2.328874e+01 2.235223e+01 5.380000e+01
    endloop
  endfacet
  facet normal -0.000000e+00 0.000000e+00 1.000000e+00
    outer loop
      vertex   2.328874e+01 2.235223e+01 5.380000e+01
      vertex   3.346391e+01 4.140695e+00 5.380000e+01
      vertex   2.341413e+01 2.272258e+01 5.380000e+01
    endloop
  endfacet
  facet normal -0.000000e+00 0.000000e+00 1.000000e+00
    outer loop
      vertex   2.341413e+01 2.272258e+01 5.380000e+01
      vertex   3.346391e+01 4.140695e+00 5.380000e+01
      vertex   2.351288e+01 2.310091e+01 5.380000e+01
    endloop
  endfacet
  facet normal -0.000000e+00 0.000000e+00 1.000000e+00
    outer loop
      vertex   2.351288e+01 2.310091e+01 5.380000e+01
      vertex   3.346391e+01 4.140695e+00 5.380000e+01
      vertex   2.358451e+01 2.348529e+01 5.380000e+01
    endloop
  endfacet
  facet normal -0.000000e+00 0.000000e+00 1.000000e+00
    outer loop
      vertex   2.358451e+01 2.348529e+01 5.380000e+01
      vertex   3.346391e+01 4.140695e+00 5.380000e+01
      vertex   2.474438e+01 2.809739e+01 5.380000e+01
    endloop
  endfacet
  facet normal 0.000000e+00 0.000000e+00 1.000000e+00
    outer loop
      vertex   2.358451e+01 2.348529e+01 5.380000e+01
      vertex   2.474438e+01 2.809739e+01 5.380000e+01
      vertex   2.362865e+01 2.387379e+01 5.380000e+01
    endloop
  endfacet
  facet normal 0.000000e+00 0.000000e+00 1.000000e+00
    outer loop
      vertex   2.362865e+01 2.387379e+01 5.380000e+01
      vertex   2.474438e+01 2.809739e+01 5.380000e+01
      vertex   2.364507e+01 2.426445e+01 5.380000e+01
    endloop
  endfacet
  facet normal 0.000000e+00 -0.000000e+00 1.000000e+00
    outer loop
      vertex   2.364507e+01 2.426445e+01 5.380000e+01
      vertex   2.474438e+01 2.809739e+01 5.380000e+01
      vertex   2.363370e+01 2.465528e+01 5.380000e+01
    endloop
  endfacet
  facet normal 0.000000e+00 -0.000000e+00 1.000000e+00
    outer loop
      vertex   2.363370e+01 2.465528e+01 5.380000e+01
      vertex   2.474438e+01 2.809739e+01 5.380000e+01
      vertex   2.359459e+01 2.504432e+01 5.380000e+01
    endloop
  endfacet
  facet normal 0.000000e+00 -0.000000e+00 1.000000e+00
    outer loop
      vertex   2.359459e+01 2.504432e+01 5.380000e+01
      vertex   2.474438e+01 2.809739e+01 5.380000e+01
      vertex   2.352794e+01 2.542960e+01 5.380000e+01
    endloop
  endfacet
  facet normal 0.000000e+00 -0.000000e+00 1.000000e+00
    outer loop
      vertex   2.352794e+01 2.542960e+01 5.380000e+01
      vertex   2.474438e+01 2.809739e+01 5.380000e+01
      vertex   2.343408e+01 2.580917e+01 5.380000e+01
    endloop
  endfacet
  facet normal 0.000000e+00 -0.000000e+00 1.000000e+00
    outer loop
      vertex   2.343408e+01 2.580917e+01 5.380000e+01
      vertex   2.474438e+01 2.809739e+01 5.380000e+01
      vertex   2.331350e+01 2.618111e+01 5.380000e+01
    endloop
  endfacet
  facet normal 0.000000e+00 -0.000000e+00 1.000000e+00
    outer loop
      vertex   2.331350e+01 2.618111e+01 5.380000e+01
      vertex   2.474438e+01 2.809739e+01 5.380000e+01
      vertex   2.286500e+01 2.741335e+01 5.380000e+01
    endloop
  endfacet
  facet normal 1.616120e-09 0.000000e+00 1.000000e+00
    outer loop
      vertex   1.099953e+01 0.000000e+00 1.200000e+01
      vertex   4.800000e+00 0.000000e+00 1.200000e+01
      vertex   1.099953e+01 -8.000000e-01 1.200000e+01
    endloop
  endfacet
  facet normal 1.616120e-09 0.000000e+00 1.000000e+00
    outer loop
      vertex   1.099953e+01 -8.000000e-01 1.200000e+01
      vertex   4.800000e+00 0.000000e+00 1.200000e+01
      vertex   4.800000e+00 -8.000000e-01 1.200000e+01
    endloop
  endfacet
  facet normal 1.000000e+00 0.000000e+00 -0.000000e+00
    outer loop
      vertex   4.800000e+00 0.000000e+00 1.200000e+01
      vertex   4.800000e+00 0.000000e+00 3.760000e+01
      vertex   4.800000e+00 -8.000000e-01 1.200000e+01
    endloop
  endfacet
  facet normal 1.000000e+00 0.000000e+00 0.000000e+00
    outer loop
      vertex   4.800000e+00 -8.000000e-01 1.200000e+01
      vertex   4.800000e+00 0.000000e+00 3.760000e+01
      vertex   4.800000e+00 -8.000000e-01 3.760000e+01
    endloop
  endfacet
  facet normal 1.342973e-09 0.000000e+00 -1.000000e+00
    outer loop
      vertex   4.800000e+00 0.000000e+00 3.760000e+01
      vertex   2.040000e+01 0.000000e+00 3.760000e+01
      vertex   4.800000e+00 -8.000000e-01 3.760000e+01
    endloop
  endfacet
  facet normal 1.342973e-09 0.000000e+00 -1.000000e+00
    outer loop
      vertex   4.800000e+00 -8.000000e-01 3.760000e+01
      vertex   2.040000e+01 0.000000e+00 3.760000e+01
      vertex   2.040000e+01 -8.000000e-01 3.760000e+01
    endloop
  endfacet
  facet normal -1.000000e+00 -0.000000e+00 -0.000000e+00
    outer loop
      vertex   2.040000e+01 0.000000e+00 3.760000e+01
      vertex   2.040000e+01 0.000000e+00 1.200000e+01
      vertex   2.040000e+01 -8.000000e-01 3.760000e+01
    endloop
  endfacet
  facet normal -1.000000e+00 0.000000e+00 0.000000e+00
    outer loop
      vertex   2.040000e+01 -8.000000e-01 3.760000e+01
      vertex   2.040000e+01 0.000000e+00 1.200000e+01
      vertex   2.040000e+01 -8.000000e-01 1.200000e+01
    endloop
  endfacet
  facet normal 1.616056e-09 0.000000e+00 1.000000e+00
    outer loop
      vertex   2.040000e+01 0.000000e+00 1.200000e+01
      vertex   1.419953e+01 0.000000e+00 1.200000e+01
      vertex   2.040000e+01 -8.000000e-01 1.200000e+01
    endloop
  endfacet
  facet normal 1.616056e-09 0.000000e+00 1.000000e+00
    outer loop
      vertex   2.040000e+01 -8.000000e-01 1.200000e+01
      vertex   1.419953e+01 0.000000e+00 1.200000e+01
      vertex   1.419953e+01 -8.000000e-01 1.200000e+01
    endloop
  endfacet
  facet normal 0.000000e+00 0.000000e+00 1.000000e+00
    outer loop
      vertex   1.419953e+01 0.000000e+00 1.200000e+01
      vertex   1.099953e+01 0.000000e+00 1.200000e+01
      vertex   1.419953e+01 -8.000000e-01 1.200000e+01
    endloop
  endfacet
  facet normal 0.000000e+00 0.000000e+00 1.000000e+00
    outer loop
      vertex   1.419953e+01 -8.000000e-01 1.200000e+01
      vertex   1.099953e+01 0.000000e+00 1.200000e+01
      vertex   1.099953e+01 -8.000000e-01 1.200000e+01
    endloop
  endfacet
  facet normal -0.000000e+00 1.000000e+00 0.000000e+00
    outer loop
      vertex   4.600000e+00 0.000000e+00 3.780000e+01
      vertex   2.060000e+01 0.000000e+00 3.780000e+01
      vertex   2.040000e+01 0.000000e+00 3.760000e+01
    endloop
  endfacet
  facet normal -0.000000e+00 1.000000e+00 0.000000e+00
    outer loop
      vertex   2.040000e+01 0.000000e+00 3.760000e+01
      vertex   2.060000e+01 0.000000e+00 3.780000e+01
      vertex   2.060000e+01 0.000000e+00 1.180000e+01
    endloop
  endfacet
  facet normal 0.000000e+00 1.000000e+00 0.000000e+00
    outer loop
      vertex   2.040000e+01 0.000000e+00 3.760000e+01
      vertex   2.060000e+01 0.000000e+00 1.180000e+01
      vertex   2.040000e+01 0.000000e+00 1.200000e+01
    endloop
  endfacet
  facet normal 0.000000e+00 1.000000e+00 0.000000e+00
    outer loop
      vertex   2.040000e+01 0.000000e+00 1.200000e+01
      vertex   2.060000e+01 0.000000e+00 1.180000e+01
      vertex   1.419953e+01 0.000000e+00 1.200000e+01
    endloop
  endfacet
  facet normal 0.000000e+00 1.000000e+00 0.000000e+00
    outer loop
      vertex   1.419953e+01 0.000000e+00 1.200000e+01
      vertex   2.060000e+01 0.000000e+00 1.180000e+01
      vertex   4.600000e+00 0.000000e+00 1.180000e+01
    endloop
  endfacet
  facet normal 0.000000e+00 1.000000e+00 0.000000e+00
    outer loop
      vertex   1.419953e+01 0.000000e+00 1.200000e+01
      vertex   4.600000e+00 0.000000e+00 1.180000e+01
      vertex   1.099953e+01 0.000000e+00 1.200000e+01
    endloop
  endfacet
  facet normal 0.000000e+00 1.000000e+00 0.000000e+00
    outer loop
      vertex   1.099953e+01 0.000000e+00 1.200000e+01
      vertex   4.600000e+00 0.000000e+00 1.180000e+01
      vertex   4.800000e+00 0.000000e+00 1.200000e+01
    endloop
  endfacet
  facet normal 0.000000e+00 1.000000e+00 -0.000000e+00
    outer loop
      vertex   4.800000e+00 0.000000e+00 1.200000e+01
      vertex   4.600000e+00 0.000000e+00 1.180000e+01
      vertex   4.800000e+00 0.000000e+00 3.760000e+01
    endloop
  endfacet
  facet normal 0.000000e+00 1.000000e+00 0.000000e+00
    outer loop
      vertex   4.800000e+00 0.000000e+00 3.760000e+01
      vertex   4.600000e+00 0.000000e+00 1.180000e+01
      vertex   4.600000e+00 0.000000e+00 3.780000e+01
    endloop
  endfacet
  facet normal 0.000000e+00 1.000000e+00 -0.000000e+00
    outer loop
      vertex   4.800000e+00 0.000000e+00 3.760000e+01
      vertex   4.600000e+00 0.000000e+00 3.780000e+01
      vertex   2.040000e+01 0.000000e+00 3.760000e+01
    endloop
  endfacet
  facet normal -1.094678e-09 7.071068e-01 -7.071068e-01
    outer loop
      vertex   3.200000e+00 1.400000e+00 1.100000e+01
      vertex   1.099953e+01 1.400000e+00 1.100000e+01
      vertex   3.200000e+00 0.000000e+00 9.600000e+00
    endloop
  endfacet
  facet normal -1.094678e-09 7.071068e-01 -7.071068e-01
    outer loop
      vertex   3.200000e+00 0.000000e+00 9.600000e+00
      vertex   1.099953e+01 1.400000e+00 1.100000e+01
      vertex   1.099953e+01 0.000000e+00 9.600000e+00
    endloop
  endfacet
  facet normal 0.000000e+00 1.000000e+00 0.000000e+00
    outer loop
      vertex   2.200000e+01 0.000000e+00 5.280000e+01
      vertex   2.200000e+01 0.000000e+00 4.000000e+01
      vertex   1.351123e+01 0.000000e+00 4.788810e+01
    endloop
  endfacet
  facet normal 0.000000e+00 1.000000e+00 0.000000e+00
    outer loop
      vertex   1.351123e+01 0.000000e+00 4.788810e+01
      vertex   2.200000e+01 0.000000e+00 4.000000e+01
      vertex   2.140000e+01 0.000000e+00 4.000000e+01
    endloop
  endfacet
  facet normal 0.000000e+00 1.000000e+00 0.000000e+00
    outer loop
      vertex   1.351123e+01 0.000000e+00 4.788810e+01
      vertex   2.140000e+01 0.000000e+00 4.000000e+01
      vertex   1.342851e+01 0.000000e+00 4.774003e+01
    endloop
  endfacet
  facet normal 0.000000e+00 1.000000e+00 0.000000e+00
    outer loop
      vertex   1.342851e+01 0.000000e+00 4.774003e+01
      vertex   2.140000e+01 0.000000e+00 4.000000e+01
      vertex   1.332196e+01 0.000000e+00 4.760806e+01
    endloop
  endfacet
  facet normal 0.000000e+00 1.000000e+00 0.000000e+00
    outer loop
      vertex   1.332196e+01 0.000000e+00 4.760806e+01
      vertex   2.140000e+01 0.000000e+00 4.000000e+01
      vertex   1.319463e+01 0.000000e+00 4.749600e+01
    endloop
  endfacet
  facet normal 0.000000e+00 1.000000e+00 0.000000e+00
    outer loop
      vertex   1.319463e+01 0.000000e+00 4.749600e+01
      vertex   2.140000e+01 0.000000e+00 4.000000e+01
      vertex   1.305020e+01 0.000000e+00 4.740707e+01
    endloop
  endfacet
  facet normal 0.000000e+00 1.000000e+00 0.000000e+00
    outer loop
      vertex   1.305020e+01 0.000000e+00 4.740707e+01
      vertex   2.140000e+01 0.000000e+00 4.000000e+01
      vertex   1.289282e+01 0.000000e+00 4.734383e+01
    endloop
  endfacet
  facet normal 0.000000e+00 1.000000e+00 0.000000e+00
    outer loop
      vertex   1.289282e+01 0.000000e+00 4.734383e+01
      vertex   2.140000e+01 0.000000e+00 4.000000e+01
      vertex   1.272702e+01 0.000000e+00 4.730810e+01
    endloop
  endfacet
  facet normal 0.000000e+00 1.000000e+00 0.000000e+00
    outer loop
      vertex   1.272702e+01 0.000000e+00 4.730810e+01
      vertex   2.140000e+01 0.000000e+00 4.000000e+01
      vertex   1.255756e+01 0.000000e+00 4.730090e+01
    endloop
  endfacet
  facet normal 0.000000e+00 1.000000e+00 0.000000e+00
    outer loop
      vertex   1.255756e+01 0.000000e+00 4.730090e+01
      vertex   2.140000e+01 0.000000e+00 4.000000e+01
      vertex   4.600000e+00 0.000000e+00 4.000000e+01
    endloop
  endfacet
  facet normal 0.000000e+00 1.000000e+00 0.000000e+00
    outer loop
      vertex   1.255756e+01 0.000000e+00 4.730090e+01
      vertex   4.600000e+00 0.000000e+00 4.000000e+01
      vertex   1.238932e+01 0.000000e+00 4.732244e+01
    endloop
  endfacet
  facet normal 0.000000e+00 1.000000e+00 0.000000e+00
    outer loop
      vertex   1.238932e+01 0.000000e+00 4.732244e+01
      vertex   4.600000e+00 0.000000e+00 4.000000e+01
      vertex   1.222714e+01 0.000000e+00 4.737211e+01
    endloop
  endfacet
  facet normal 0.000000e+00 1.000000e+00 0.000000e+00
    outer loop
      vertex   1.222714e+01 0.000000e+00 4.737211e+01
      vertex   4.600000e+00 0.000000e+00 4.000000e+01
      vertex   1.207569e+01 0.000000e+00 4.744847e+01
    endloop
  endfacet
  facet normal 0.000000e+00 1.000000e+00 0.000000e+00
    outer loop
      vertex   1.207569e+01 0.000000e+00 4.744847e+01
      vertex   4.600000e+00 0.000000e+00 4.000000e+01
      vertex   1.193933e+01 0.000000e+00 4.754933e+01
    endloop
  endfacet
  facet normal 0.000000e+00 1.000000e+00 0.000000e+00
    outer loop
      vertex   1.193933e+01 0.000000e+00 4.754933e+01
      vertex   4.600000e+00 0.000000e+00 4.000000e+01
      vertex   1.182196e+01 0.000000e+00 4.767178e+01
    endloop
  endfacet
  facet normal 0.000000e+00 1.000000e+00 0.000000e+00
    outer loop
      vertex   1.182196e+01 0.000000e+00 4.767178e+01
      vertex   4.600000e+00 0.000000e+00 4.000000e+01
      vertex   1.172699e+01 0.000000e+00 4.781231e+01
    endloop
  endfacet
  facet normal 0.000000e+00 1.000000e+00 0.000000e+00
    outer loop
      vertex   1.172699e+01 0.000000e+00 4.781231e+01
      vertex   4.600000e+00 0.000000e+00 4.000000e+01
      vertex   3.200000e+00 0.000000e+00 4.000000e+01
    endloop
  endfacet
  facet normal 0.000000e+00 1.000000e+00 0.000000e+00
    outer loop
      vertex   1.172699e+01 0.000000e+00 4.781231e+01
      vertex   3.200000e+00 0.000000e+00 4.000000e+01
      vertex   1.165712e+01 0.000000e+00 4.796686e+01
    endloop
  endfacet
  facet normal 0.000000e+00 1.000000e+00 0.000000e+00
    outer loop
      vertex   1.165712e+01 0.000000e+00 4.796686e+01
      vertex   3.200000e+00 0.000000e+00 4.000000e+01
      vertex   3.200000e+00 0.000000e+00 5.280000e+01
    endloop
  endfacet
  facet normal 0.000000e+00 1.000000e+00 0.000000e+00
    outer loop
      vertex   1.165712e+01 0.000000e+00 4.796686e+01
      vertex   3.200000e+00 0.000000e+00 5.280000e+01
      vertex   1.161438e+01 0.000000e+00 4.813100e+01
    endloop
  endfacet
  facet normal 0.000000e+00 1.000000e+00 0.000000e+00
    outer loop
      vertex   1.161438e+01 0.000000e+00 4.813100e+01
      vertex   3.200000e+00 0.000000e+00 5.280000e+01
      vertex   1.160000e+01 0.000000e+00 4.830000e+01
    endloop
  endfacet
  facet normal 0.000000e+00 1.000000e+00 -0.000000e+00
    outer loop
      vertex   1.160000e+01 0.000000e+00 4.830000e+01
      vertex   3.200000e+00 0.000000e+00 5.280000e+01
      vertex   1.161438e+01 0.000000e+00 4.846900e+01
    endloop
  endfacet
  facet normal 0.000000e+00 1.000000e+00 -0.000000e+00
    outer loop
      vertex   1.161438e+01 0.000000e+00 4.846900e+01
      vertex   3.200000e+00 0.000000e+00 5.280000e+01
      vertex   1.165712e+01 0.000000e+00 4.863314e+01
    endloop
  endfacet
  facet normal 0.000000e+00 1.000000e+00 -0.000000e+00
    outer loop
      vertex   1.165712e+01 0.000000e+00 4.863314e+01
      vertex   3.200000e+00 0.000000e+00 5.280000e+01
      vertex   1.172699e+01 0.000000e+00 4.878769e+01
    endloop
  endfacet
  facet normal 0.000000e+00 1.000000e+00 -0.000000e+00
    outer loop
      vertex   1.172699e+01 0.000000e+00 4.878769e+01
      vertex   3.200000e+00 0.000000e+00 5.280000e+01
      vertex   1.182196e+01 0.000000e+00 4.892822e+01
    endloop
  endfacet
  facet normal 0.000000e+00 1.000000e+00 -0.000000e+00
    outer loop
      vertex   1.182196e+01 0.000000e+00 4.892822e+01
      vertex   3.200000e+00 0.000000e+00 5.280000e+01
      vertex   1.193933e+01 0.000000e+00 4.905067e+01
    endloop
  endfacet
  facet normal 0.000000e+00 1.000000e+00 -0.000000e+00
    outer loop
      vertex   1.193933e+01 0.000000e+00 4.905067e+01
      vertex   3.200000e+00 0.000000e+00 5.280000e+01
      vertex   1.207569e+01 0.000000e+00 4.915153e+01
    endloop
  endfacet
  facet normal 0.000000e+00 1.000000e+00 -0.000000e+00
    outer loop
      vertex   1.207569e+01 0.000000e+00 4.915153e+01
      vertex   3.200000e+00 0.000000e+00 5.280000e+01
      vertex   1.222714e+01 0.000000e+00 4.922789e+01
    endloop
  endfacet
  facet normal 0.000000e+00 1.000000e+00 -0.000000e+00
    outer loop
      vertex   1.222714e+01 0.000000e+00 4.922789e+01
      vertex   3.200000e+00 0.000000e+00 5.280000e+01
      vertex   1.238932e+01 0.000000e+00 4.927756e+01
    endloop
  endfacet
  facet normal 0.000000e+00 1.000000e+00 -0.000000e+00
    outer loop
      vertex   1.238932e+01 0.000000e+00 4.927756e+01
      vertex   3.200000e+00 0.000000e+00 5.280000e+01
      vertex   1.255756e+01 0.000000e+00 4.929910e+01
    endloop
  endfacet
  facet normal 0.000000e+00 1.000000e+00 -0.000000e+00
    outer loop
      vertex   1.255756e+01 0.000000e+00 4.929910e+01
      vertex   3.200000e+00 0.000000e+00 5.280000e+01
      vertex   2.200000e+01 0.000000e+00 5.280000e+01
    endloop
  endfacet
  facet normal -0.000000e+00 1.000000e+00 0.000000e+00
    outer loop
      vertex   1.255756e+01 0.000000e+00 4.929910e+01
      vertex   2.200000e+01 0.000000e+00 5.280000e+01
      vertex   1.272702e+01 0.000000e+00 4.929190e+01
    endloop
  endfacet
  facet normal -0.000000e+00 1.000000e+00 0.000000e+00
    outer loop
      vertex   1.272702e+01 0.000000e+00 4.929190e+01
      vertex   2.200000e+01 0.000000e+00 5.280000e+01
      vertex   1.289282e+01 0.000000e+00 4.925617e+01
    endloop
  endfacet
  facet normal -0.000000e+00 1.000000e+00 0.000000e+00
    outer loop
      vertex   1.289282e+01 0.000000e+00 4.925617e+01
      vertex   2.200000e+01 0.000000e+00 5.280000e+01
      vertex   1.305020e+01 0.000000e+00 4.919293e+01
    endloop
  endfacet
  facet normal -0.000000e+00 1.000000e+00 0.000000e+00
    outer loop
      vertex   1.305020e+01 0.000000e+00 4.919293e+01
      vertex   2.200000e+01 0.000000e+00 5.280000e+01
      vertex   1.319463e+01 0.000000e+00 4.910400e+01
    endloop
  endfacet
  facet normal -0.000000e+00 1.000000e+00 0.000000e+00
    outer loop
      vertex   1.319463e+01 0.000000e+00 4.910400e+01
      vertex   2.200000e+01 0.000000e+00 5.280000e+01
      vertex   1.332196e+01 0.000000e+00 4.899194e+01
    endloop
  endfacet
  facet normal -0.000000e+00 1.000000e+00 0.000000e+00
    outer loop
      vertex   1.332196e+01 0.000000e+00 4.899194e+01
      vertex   2.200000e+01 0.000000e+00 5.280000e+01
      vertex   1.342851e+01 0.000000e+00 4.885997e+01
    endloop
  endfacet
  facet normal -0.000000e+00 1.000000e+00 0.000000e+00
    outer loop
      vertex   1.342851e+01 0.000000e+00 4.885997e+01
      vertex   2.200000e+01 0.000000e+00 5.280000e+01
      vertex   1.351123e+01 0.000000e+00 4.871190e+01
    endloop
  endfacet
  facet normal -0.000000e+00 1.000000e+00 0.000000e+00
    outer loop
      vertex   1.351123e+01 0.000000e+00 4.871190e+01
      vertex   2.200000e+01 0.000000e+00 5.280000e+01
      vertex   1.356773e+01 0.000000e+00 4.855198e+01
    endloop
  endfacet
  facet normal -0.000000e+00 1.000000e+00 0.000000e+00
    outer loop
      vertex   1.356773e+01 0.000000e+00 4.855198e+01
      vertex   2.200000e+01 0.000000e+00 5.280000e+01
      vertex   1.359640e+01 0.000000e+00 4.838481e+01
    endloop
  endfacet
  facet normal -0.000000e+00 1.000000e+00 0.000000e+00
    outer loop
      vertex   1.359640e+01 0.000000e+00 4.838481e+01
      vertex   2.200000e+01 0.000000e+00 5.280000e+01
      vertex   1.359640e+01 0.000000e+00 4.821519e+01
    endloop
  endfacet
  facet normal -0.000000e+00 1.000000e+00 0.000000e+00
    outer loop
      vertex   1.359640e+01 0.000000e+00 4.821519e+01
      vertex   2.200000e+01 0.000000e+00 5.280000e+01
      vertex   1.356773e+01 0.000000e+00 4.804802e+01
    endloop
  endfacet
  facet normal -0.000000e+00 1.000000e+00 0.000000e+00
    outer loop
      vertex   1.356773e+01 0.000000e+00 4.804802e+01
      vertex   2.200000e+01 0.000000e+00 5.280000e+01
      vertex   1.351123e+01 0.000000e+00 4.788810e+01
    endloop
  endfacet
  facet normal 0.000000e+00 -0.000000e+00 1.000000e+00
    outer loop
      vertex   2.200000e+01 1.400000e+00 3.860000e+01
      vertex   2.200000e+01 1.500000e+00 3.860000e+01
      vertex   2.140000e+01 1.400000e+00 3.860000e+01
    endloop
  endfacet
  facet normal 0.000000e+00 0.000000e+00 1.000000e+00
    outer loop
      vertex   2.140000e+01 1.400000e+00 3.860000e+01
      vertex   2.200000e+01 1.500000e+00 3.860000e+01
      vertex   2.140000e+01 1.500000e+00 3.860000e+01
    endloop
  endfacet
  facet normal 0.000000e+00 7.071068e-01 7.071068e-01
    outer loop
      vertex   2.200000e+01 0.000000e+00 4.000000e+01
      vertex   2.200000e+01 1.400000e+00 3.860000e+01
      vertex   2.140000e+01 0.000000e+00 4.000000e+01
    endloop
  endfacet
  facet normal 0.000000e+00 7.071068e-01 7.071068e-01
    outer loop
      vertex   2.140000e+01 0.000000e+00 4.000000e+01
      vertex   2.200000e+01 1.400000e+00 3.860000e+01
      vertex   2.140000e+01 1.400000e+00 3.860000e+01
    endloop
  endfacet
  facet normal 0.000000e+00 0.000000e+00 -1.000000e+00
    outer loop
      vertex   2.200000e+01 0.000000e+00 5.280000e+01
      vertex   3.200000e+00 0.000000e+00 5.280000e+01
      vertex   2.200000e+01 3.200000e+00 5.280000e+01
    endloop
  endfacet
  facet normal -0.000000e+00 0.000000e+00 -1.000000e+00
    outer loop
      vertex   2.200000e+01 3.200000e+00 5.280000e+01
      vertex   3.200000e+00 0.000000e+00 5.280000e+01
      vertex   3.200000e+00 3.200000e+00 5.280000e+01
    endloop
  endfacet
  facet normal 0.000000e+00 0.000000e+00 -1.000000e+00
    outer loop
      vertex   2.200000e+01 3.200000e+00 5.280000e+01
      vertex   3.200000e+00 3.200000e+00 5.280000e+01
      vertex   2.500000e+01 1.450000e+01 5.280000e+01
    endloop
  endfacet
  facet normal -0.000000e+00 0.000000e+00 -1.000000e+00
    outer loop
      vertex   2.500000e+01 1.450000e+01 5.280000e+01
      vertex   3.200000e+00 3.200000e+00 5.280000e+01
      vertex   2.000000e-01 1.450000e+01 5.280000e+01
    endloop
  endfacet
  facet normal 0.000000e+00 0.000000e+00 -1.000000e+00
    outer loop
      vertex   2.000000e-01 1.450000e+01 5.280000e+01
      vertex   3.200000e+00 3.200000e+00 5.280000e+01
      vertex   2.000000e-01 3.200000e+00 5.280000e+01
    endloop
  endfacet
  facet normal 0.000000e+00 -0.000000e+00 -1.000000e+00
    outer loop
      vertex   2.500000e+01 1.450000e+01 5.280000e+01
      vertex   2.500000e+01 3.200000e+00 5.280000e+01
      vertex   2.200000e+01 3.200000e+00 5.280000e+01
    endloop
  endfacet
  facet normal 0.000000e+00 1.000000e+00 0.000000e+00
    outer loop
      vertex   3.200000e+00 0.000000e+00 9.600000e+00
      vertex   1.099953e+01 0.000000e+00 9.600000e+00
      vertex   3.200000e+00 0.000000e+00 -2.000000e+00
    endloop
  endfacet
  facet normal 0.000000e+00 1.000000e+00 0.000000e+00
    outer loop
      vertex   3.200000e+00 0.000000e+00 -2.000000e+00
      vertex   1.099953e+01 0.000000e+00 9.600000e+00
      vertex   1.419953e+01 0.000000e+00 9.600000e+00
    endloop
  endfacet
  facet normal 0.000000e+00 1.000000e+00 0.000000e+00
    outer loop
      vertex   3.200000e+00 0.000000e+00 -2.000000e+00
      vertex   1.419953e+01 0.000000e+00 9.600000e+00
      vertex   2.200000e+01 0.000000e+00 -2.000000e+00
    endloop
  endfacet
  facet normal 0.000000e+00 1.000000e+00 0.000000e+00
    outer loop
      vertex   2.200000e+01 0.000000e+00 -2.000000e+00
      vertex   1.419953e+01 0.000000e+00 9.600000e+00
      vertex   2.060000e+01 0.000000e+00 9.600000e+00
    endloop
  endfacet
  facet normal 0.000000e+00 1.000000e+00 -0.000000e+00
    outer loop
      vertex   2.200000e+01 0.000000e+00 -2.000000e+00
      vertex   2.060000e+01 0.000000e+00 9.600000e+00
      vertex   2.200000e+01 0.000000e+00 9.600000e+00
    endloop
  endfacet
  facet normal -1.000000e+00 0.000000e+00 0.000000e+00
    outer loop
      vertex   2.200000e+01 2.000000e+00 -3.500000e+00
      vertex   2.200000e+01 5.000000e-01 -2.000000e+00
      vertex   2.200000e+01 2.000000e+00 -1.000000e+00
    endloop
  endfacet
  facet normal -1.000000e+00 -0.000000e+00 0.000000e+00
    outer loop
      vertex   2.200000e+01 2.000000e+00 -1.000000e+00
      vertex   2.200000e+01 5.000000e-01 -2.000000e+00
      vertex   2.200000e+01 1.400000e+00 1.100000e+01
    endloop
  endfacet
  facet normal -1.000000e+00 0.000000e+00 0.000000e+00
    outer loop
      vertex   2.200000e+01 2.000000e+00 -1.000000e+00
      vertex   2.200000e+01 1.400000e+00 1.100000e+01
      vertex   2.200000e+01 1.500000e+00 1.100000e+01
    endloop
  endfacet
  facet normal -1.000000e+00 0.000000e+00 0.000000e+00
    outer loop
      vertex   2.200000e+01 0.000000e+00 -2.000000e+00
      vertex   2.200000e+01 0.000000e+00 9.600000e+00
      vertex   2.200000e+01 5.000000e-01 -2.000000e+00
    endloop
  endfacet
  facet normal -1.000000e+00 0.000000e+00 0.000000e+00
    outer loop
      vertex   2.200000e+01 5.000000e-01 -2.000000e+00
      vertex   2.200000e+01 0.000000e+00 9.600000e+00
      vertex   2.200000e+01 1.400000e+00 1.100000e+01
    endloop
  endfacet
  facet normal -1.000000e+00 0.000000e+00 0.000000e+00
    outer loop
      vertex   2.200000e+01 2.000000e+00 -1.000000e+00
      vertex   2.200000e+01 1.500000e+00 1.100000e+01
      vertex   2.200000e+01 3.200000e+00 -1.000000e+00
    endloop
  endfacet
  facet normal -1.000000e+00 0.000000e+00 0.000000e+00
    outer loop
      vertex   2.200000e+01 3.200000e+00 -1.000000e+00
      vertex   2.200000e+01 1.500000e+00 1.100000e+01
      vertex   2.200000e+01 1.500000e+00 3.860000e+01
    endloop
  endfacet
  facet normal -1.000000e+00 0.000000e+00 0.000000e+00
    outer loop
      vertex   2.200000e+01 3.200000e+00 -1.000000e+00
      vertex   2.200000e+01 1.500000e+00 3.860000e+01
      vertex   2.200000e+01 3.200000e+00 5.280000e+01
    endloop
  endfacet
  facet normal -1.000000e+00 -0.000000e+00 0.000000e+00
    outer loop
      vertex   2.200000e+01 3.200000e+00 5.280000e+01
      vertex   2.200000e+01 1.500000e+00 3.860000e+01
      vertex   2.200000e+01 0.000000e+00 5.280000e+01
    endloop
  endfacet
  facet normal -1.000000e+00 0.000000e+00 0.000000e+00
    outer loop
      vertex   2.200000e+01 0.000000e+00 5.280000e+01
      vertex   2.200000e+01 1.500000e+00 3.860000e+01
      vertex   2.200000e+01 1.400000e+00 3.860000e+01
    endloop
  endfacet
  facet normal -1.000000e+00 0.000000e+00 0.000000e+00
    outer loop
      vertex   2.200000e+01 0.000000e+00 5.280000e+01
      vertex   2.200000e+01 1.400000e+00 3.860000e+01
      vertex   2.200000e+01 0.000000e+00 4.000000e+01
    endloop
  endfacet
endsolid
